{"alpha_x":{"anim_type":"alpha","duration":3,"easing":"linear","from":1,"to":0},"close_button":{"anim_type":"offset","duration":0.5,"easing":"out_cubic","from":["100%",0],"to":[0,0]},"close_nofication":{"anim_type":"offset","duration":0,"from":[0,1000],"play_event":"button.menu_settings","to":[0,1000]},"content_dialog":{"anim_type":"offset","duration":0.5,"easing":"out_cubic","from":["100%",0],"to":[0,0]},"entrance_pop":{"anim_type":"offset","duration":0.6,"easing":"$easing","from":"$e_from","play_event":"screen.entrance_pop","to":"$e_to"},"entrance_push":{"anim_type":"offset","duration":0.6,"easing":"$easing","from":"$e_from","play_event":"screen.entrance_push","to":"$e_to"},"exit_pop":{"anim_type":"offset","duration":0.6,"easing":"$exit_easing","from":"$exit_from","play_event":"screen.exit_pop","to":"$exit_to"},"exit_push":{"anim_type":"offset","duration":0.6,"easing":"$exit_easing","from":"$exit_from","play_event":"screen.exit_push","to":"$exit_to"},"music_list":{"anim_type":"offset","duration":0.4,"easing":"out_cubic","from":[0,0],"play_event":"button.music_list","to":[148,0]},"music_list_off":{"anim_type":"offset","duration":0.1,"easing":"out_cubic","from":[148,0],"next":"@v_animation.music_list_off2","to":[148,0]},"music_list_off2":{"anim_type":"offset","duration":0.4,"easing":"in_cubic","from":[148,0],"to":[0,0]},"music_player_screen":{"anim_type":"offset","duration":0.5,"easing":"out_cubic","from":[0,"150%"],"play_event":"button.music_player","to":[0,0]},"music_player_screen_off":{"anim_type":"offset","duration":0.1,"easing":"out_cubic","from":[0,0],"next":"@v_animation.music_player_screen_off2","to":[0,0]},"music_player_screen_off2":{"anim_type":"offset","duration":0.5,"easing":"out_cubic","from":[0,0],"to":[0,"150%"]},"namespace":"v_animation","panel":{"anim_type":"offset","duration":1.2,"easing":"out_back","from":[0,"50%"],"play_event":"button.v_panel","to":[0,-2]},"panel_off":{"anim_type":"offset","duration":1.2,"easing":"in_back","from":[0,-2],"to":[0,"50%"]},"play_button":{"anim_type":"offset","duration":0.1,"from":"$anim_play_button_from","play_event":"$play_offset_event","to":["-1000%","-1000%"]},"screen_entrance_animation_pop_fade":{"anim_type":"alpha","duration":"$transition_time_pop","easing":"out_cubic","end_event":"screen.entrance_end","from":0,"play_event":"screen.entrance_pop","to":1},"screen_entrance_animation_pop_offset":{"anim_type":"offset","duration":"$transition_time_pop","easing":"out_cubic","end_event":"screen.entrance_end","from":[0,"25%"],"play_event":"screen.entrance_pop","to":[0,0]},"screen_entrance_animation_push_fade":{"anim_type":"alpha","duration":"$transition_time_push","easing":"out_cubic","end_event":"screen.entrance_end","from":0,"play_event":"screen.entrance_push","to":1},"screen_entrance_animation_push_offset":{"anim_type":"offset","duration":"$transition_time_push","easing":"out_cubic","end_event":"screen.entrance_end","from":[0,"25%"],"play_event":"screen.entrance_push","to":[0,0]},"screen_exit_animation_pop_fade":{"anim_type":"alpha","duration":"$transition_time_pop","easing":"out_cubic","end_event":"screen.exit_end","from":1,"play_event":"screen.exit_pop","to":0},"screen_exit_animation_pop_offset":{"anim_type":"offset","duration":"$transition_time_pop","easing":"out_cubic","end_event":"screen.exit_end","from":[0,0],"play_event":"screen.exit_pop","to":[0,"25%"]},"screen_exit_animation_push_fade":{"anim_type":"alpha","duration":"$transition_time_push","easing":"out_cubic","end_event":"screen.exit_end","from":1,"play_event":"screen.exit_push","to":0},"screen_exit_animation_push_offset":{"anim_type":"offset","duration":"$transition_time_push","easing":"out_cubic","end_event":"screen.exit_end","from":[0,0],"play_event":"screen.exit_push","to":[0,"25%"]},"select_dialog":{"anim_type":"offset","duration":0.5,"easing":"out_cubic","from":["-100%",0],"to":[0,0]},"start_panel":{"anim_type":"offset","duration":0.4,"easing":"out_cubic","from":[0,0],"play_event":"button.v_panel_out","to":["100% + 20px",0]},"start_panel_off":{"anim_type":"offset","duration":0.1,"easing":"out_cubic","from":["100%",0],"next":"@v_animation.start_panel_off2","to":["100%",0]},"start_panel_off2":{"anim_type":"offset","duration":0.4,"easing":"in_cubic","from":["100%",0],"to":[0,0]},"wait_x":{"anim_type":"wait","duration":2.5,"next":"@v_animation.alpha_x"}}