{
  "namespace":"brightness_section",
  "content_button@modules.content_button":{
    
  },
  "brightness_category@category_button.category":{
    "$toggle_view_binding_name":"brightness_category",
    "$toggle_group_forced_index":4,
    "$button_text":"Brightness",
    "size":[
      70,
      15
    ],
    "layer":500
  },
  "content@common.scrolling_panel":{
    "$scrolling_content":"brightness_section.scroling_content",
    "$show_background":false,
    "bindings":[
      {
        "binding_type":"view",
        "source_control_name":"brightness_category",
        "source_property_name":"#toggle_state",
        "target_property_name":"#visible"
      }
    ]
  },
  "scroling_content":{
    "type":"stack_panel",
    "orientation":"vertical",
    "size":[
      "100%",
      "100%c"
    ],
    "controls":[
      {
        "horizontaling1@brightness_section.horizontaling1":{
          
        }
      },
      {
        "horizontaling2@brightness_section.horizontaling2":{
          
        }
      },
      {
        "horizontaling3@brightness_section.horizontaling3":{
          
        }
      },
      {
        "horizontaling4@brightness_section.horizontaling4":{
          
        }
      },
      {
        "horizontaling5@brightness_section.horizontaling5":{}
          
        },
      {
        "horizontaling6@brightness_section.horizontaling6":{}
          
        }
    ]
  },
  "horizontaling1":{
    "type":"stack_panel",
    "orientation":"horizontal",
    "size":[
      205,
      10
    ],
    "controls":[
      {
        "panel_to_aligned_text_in_center":{
          "type":"panel",
          "size":[
            205,
            10
          ],
          "controls":[
            {
              "header":{
                "type":"label",
                "size":[
                  "default",
                  "default"
                ],
                "font_type":"smooth",
                "text_alignment":"center",
                "text":"BRIGHTNESS PREVIEW"
              }
            }
          ]
        }
      }
    ]
  },
  "horizontaling2":{
    "type":"stack_panel",
    "orientation":"horizontal",
    "size":[
      205,
      68
    ],
    "controls":[
      {
        "biomes_paneling":{
          "type":"panel",
          "size":[
            140,
            68
          ],
          "controls":[
            {
              "overworld":{
                "type":"image",
                "texture":"_SPY/modules/biomes/overworld",
                "size":[
                  140,
                  68
                ],
                "layer":500,
                "bindings":[
                  {
                    "binding_type":"view",
                    "source_control_name":"1.biome.overworld_toggle",
                    "source_property_name":"#toggle_state",
                    "target_property_name":"#visible"
                  }
                ]
              }
            },
            {
              "nether":{
                "type":"image",
                "texture":"_SPY/modules/biomes/nether",
                "size":[
                  140,
                  68
                ],
                "layer":500,
                "bindings":[
                  {
                    "binding_type":"view",
                    "source_control_name":"1.biome.nether_toggle",
                    "source_property_name":"#toggle_state",
                    "target_property_name":"#visible"
                  }
                ]
              }
            },
            {
              "fortress":{
                "type":"image",
                "texture":"_SPY/modules/biomes/fortress",
                "size":[
                  140,
                  68
                ],
                "layer":500,
                "bindings":[
                  {
                    "binding_type":"view",
                    "source_control_name":"1.biome.fortress_toggle",
                    "source_property_name":"#toggle_state",
                    "target_property_name":"#visible"
                  }
                ]
              }
            },
            {
              "end":{
                "type":"image",
                "texture":"_SPY/modules/biomes/end",
                "size":[
                  140,
                  68
                ],
                "layer":500,
                "bindings":[
                  {
                    "binding_type":"view",
                    "source_control_name":"1.biome.end_toggle",
                    "source_property_name":"#toggle_state",
                    "target_property_name":"#visible"
                  }
                ]
              }
            },
            {
              "brightness@brightness.main":{
                "layer":501,
                "size":[
                  140,
                  68
                ]
              }
            }
          ]
        }
      },
      {
        "buttons_stacking":{
          "type":"stack_panel",
          "orientation":"vertical",
          "size":[
            65,
            68
          ],
          "controls":[
            {
              "overworld_toggle@category_button.content_3_1":{
                "$toggle_view_binding_name":"1.biome.overworld_toggle",
                "$toggle_group_forced_index":1,
                "$button_text":"Overworld",
                "size":[
                  65,
                  17
                ],
                "layer":500
              }
            },
            {
              "nether_toggle@category_button.content_3_1":{
                "$toggle_view_binding_name":"1.biome.nether_toggle",
                "$toggle_group_forced_index":2,
                "$button_text":"Nether",
                "size":[
                  65,
                  17
                ],
                "layer":500
              }
            },
            {
              "fortress_toggle@category_button.content_3_1":{
                "$toggle_view_binding_name":"1.biome.fortress_toggle",
                "$toggle_group_forced_index":3,
                "$button_text":"Fortress",
                "size":[
                  65,
                  17
                ],
                "layer":500
              }
            },
            {
              "end_toggle@category_button.content_3_1":{
                "$toggle_view_binding_name":"1.biome.end_toggle",
                "$toggle_group_forced_index":4,
                "$button_text":"End",
                "size":[
                  65,
                  17
                ],
                "layer":500
              }
            }
          ]
        }
      }
    ]
  },
  "horizontaling3":{
    "type":"stack_panel",
    "orientation":"horizontal",
    "size":[
      205,
      10
    ],
    "controls":[
      {
        "panel_to_aligned_text_in_center":{
          "type":"panel",
          "size":[
            205,
            10
          ],
          "controls":[
            {
              "header":{
                "type":"label",
                "size":[
                  "default",
                  "default"
                ],
                "font_type":"smooth",
                "text_alignment":"center",
                "text":"SELECT HERE!"
              }
            }
          ]
        }
      }
    ]
  },
  "horizontaling4":{
    "type":"stack_panel",
    "orientation":"horizontal",
    "size":[
      205,
      20
    ],
    "controls":[
      {
        "10@category_button.content_5":{
          "$toggle_view_binding_name":"brightness.toggle.10",
          "$toggle_group_forced_index":2,
          "$button_text":"10%",
          "size":[
            34.16666666666666666,
            20
          ],
          "layer":500
        }
      },
      {
        "20@category_button.content_5":{
          "$toggle_view_binding_name":"brightness.toggle.20",
          "$toggle_group_forced_index":3,
          "$button_text":"20%",
          "size":[
            34.16666666666666666,
            20
          ],
          "layer":500
        }
      },
      {
        "40@category_button.content_5":{
          "$toggle_view_binding_name":"brightness.toggle.40",
          "$toggle_group_forced_index":4,
          "$button_text":"40%",
          "size":[
            34.16666666666666666,
            20
          ],
          "layer":500
        }
      },
      {
        "60@category_button.content_5":{
          "$toggle_view_binding_name":"brightness.toggle.60",
          "$toggle_group_forced_index":5,
          "$button_text":"60%",
          "size":[
            34.16666666666666666,
            20
          ],
          "layer":500
        }
      },
      {
        "80@category_button.content_5":{
          "$toggle_view_binding_name":"brightness.toggle.80",
          "$toggle_group_forced_index":6,
          "$button_text":"80%",
          "size":[
            34.16666666666666666,
            20
          ],
          "layer":500
        }
      },
      {
        "100@category_button.content_5":{
          "$toggle_view_binding_name":"brightness.toggle.100",
          "$toggle_group_forced_index":7,
          "$button_text":"100%",
          "size":[
            34.16666666666666666,
            20
          ],
          "layer":500
        }
      }
    ]
  },
  "horizontaling5":{
    "type":"stack_panel",
    "orientation":"horizontal",
    "size":[
      205,
      20
    ],
    "controls":[
      {
        "-10@category_button.content_5":{
          "$toggle_view_binding_name":"brightness.toggle.-10",
          "$toggle_group_forced_index":8,
          "$button_text":"-10%",
          "size":[
            34.16666666666666666,
            20
          ],
          "layer":500
        }
      },
      {
        "-20@category_button.content_5":{
          "$toggle_view_binding_name":"brightness.toggle.-20",
          "$toggle_group_forced_index":9,
          "$button_text":"-20%",
          "size":[
            34.16666666666666666,
            20
          ],
          "layer":500
        }
      },
      {
        "-40@category_button.content_5":{
          "$toggle_view_binding_name":"brightness.toggle.-40",
          "$toggle_group_forced_index":10,
          "$button_text":"-40%",
          "size":[
            34.16666666666666666,
            20
          ],
          "layer":500
        }
      },
      {
        "-60@category_button.content_5":{
          "$toggle_view_binding_name":"brightness.toggle.-60",
          "$toggle_group_forced_index":11,
          "$button_text":"-60%",
          "size":[
            34.16666666666666666,
            20
          ],
          "layer":500
        }
      },
      {
        "-80@category_button.content_5":{
          "$toggle_view_binding_name":"brightness.toggle.-80",
          "$toggle_group_forced_index":12,
          "$button_text":"-80%",
          "size":[
            34.16666666666666666,
            20
          ],
          "layer":500
        }
      },
      {
        "-100@category_button.content_5":{
          "$toggle_view_binding_name":"brightness.toggle.-100",
          "$toggle_group_forced_index":13,
          "$button_text":"-100%",
          "size":[
            34.16666666666666666,
            20
          ],
          "layer":500
        }
      }
    ]
  },
  
  "horizontaling6":{
    "type":"stack_panel",
    "orientation":"horizontal",
    "size":[
      205,
      20
    ],
    "controls":[
      {
        "default@category_button.content_5":{
          "$toggle_view_binding_name":"brightness.toggle.0",
          "$toggle_group_forced_index":1,
          "$button_text":"DEFAULT",
          "size":[
            205,
            20
          ],
          "layer":500
        }
      }
    ]
  }
  
  
  
  
}