{
  "namespace":"category_section",
  
  
  "content@common.scrolling_panel":{
    "$scrolling_content":"category_section.scroling_content",
    "$show_background":false
  },
  
  "scroling_content":{
  "type":"stack_panel",
  "size":[
    "100%",
    "100%c"
  ],
  "controls":[
    {
      "gameplay_button@gameplay_section.gameplay_category": {}
    },
    {
      "0":{
        "type":"panel",
        "size":[
          "100%",
          3
        ]
      }
    },
    {
      "crosshairs_button@crosshairs_section.crosshairs_category": {}
    },
    {
      "0":{
        "type":"panel",
        "size":[
          "100%",
          3
        ]
      }
    },
    {
      "hud_button@hud_section.hud_category": {}
    },
    {
      "0":{
        "type":"panel",
        "size":[
          "100%",
          3
        ]
      }
    },
    {
      "brightness_button@brightness_section.brightness_category": {}
    },
    {
      "0":{
        "type":"panel",
        "size":[
          "100%",
          3
        ]
      }
    }
  ]
}
  
  
  
}