{
  "namespace":"crosshairs_section",
  "content_button@modules.content_button":{
    
  },
  "crosshairs_category@category_button.category":{
    "$toggle_view_binding_name":"crosshairs_category",
    "$toggle_group_forced_index":2,
    "$button_text":"Crosshairs",
    "size":[
      70,
      15
    ],
    "layer":500
  },
  "content@common.scrolling_panel":{
    "$scrolling_content":"crosshairs_section.scroling_content",
    "$show_background":false,
    "bindings":[
      {
        "binding_type":"view",
        "source_control_name":"crosshairs_category",
        "source_property_name":"#toggle_state",
        "target_property_name":"#visible"
      }
    ]
  },
  "scroling_content":{
    "type":"stack_panel",
    "orientation":"vertical",
    "size":[
      "100%",
      "100%c"
    ],
    "controls":[
      {
        "horizontaling1@crosshairs_section.horizontaling1":{
          
        }
      },
      {
        "horizontaling2@crosshairs_section.horizontaling2":{
          
        }
      },
      {
        "horizontaling3@crosshairs_section.horizontaling3":{
          
        }
      },
      {
        "horizontaling4@crosshairs_section.horizontaling4":{
          
        }
      },
      {
        "horizontaling5@crosshairs_section.horizontaling5":{}
          
        },
      {
        "horizontaling6@crosshairs_section.horizontaling6":{}
          
        },
      {
        "horizontaling7@crosshairs_section.horizontaling7":{}
          
        },
      {
        "horizontaling8@crosshairs_section.horizontaling8":{
          
        }
      }
    ]
  },
  "horizontaling1":{
    "type":"stack_panel",
    "orientation":"horizontal",
    "size":[
      205,
      10
    ],
    "controls":[
      {
        "panel_to_aligned_text_in_center":{
          "type":"panel",
          "size":[
            205,
            10
          ],
          "controls":[
            {
              "header":{
                "type":"label",
                "size":[
                  "default",
                  "default"
                ],
                "font_type":"smooth",
                "text_alignment":"center",
                "text":"CROSSHAIRS PREVIEW"
              }
            }
          ]
        }
      }
    ]
  },
  "horizontaling2":{
    "type":"stack_panel",
    "orientation":"horizontal",
    "size":[
      205,
      68
    ],
    "controls":[
      {
        "biomes_paneling":{
          "type":"panel",
          "size":[
            140,
            68
          ],
          "controls":[
            {
              "overworld":{
                "type":"image",
                "texture":"_SPY/modules/biomes/overworld",
                "size":[
                  140,
                  68
                ],
                "layer":500,
                "bindings":[
                  {
                    "binding_type":"view",
                    "source_control_name":"biome.overworld_toggle",
                    "source_property_name":"#toggle_state",
                    "target_property_name":"#visible"
                  }
                ]
              }
            },
            {
              "nether":{
                "type":"image",
                "texture":"_SPY/modules/biomes/nether",
                "size":[
                  140,
                  68
                ],
                "layer":500,
                "bindings":[
                  {
                    "binding_type":"view",
                    "source_control_name":"biome.nether_toggle",
                    "source_property_name":"#toggle_state",
                    "target_property_name":"#visible"
                  }
                ]
              }
            },
            {
              "fortress":{
                "type":"image",
                "texture":"_SPY/modules/biomes/fortress",
                "size":[
                  140,
                  68
                ],
                "layer":500,
                "bindings":[
                  {
                    "binding_type":"view",
                    "source_control_name":"biome.fortress_toggle",
                    "source_property_name":"#toggle_state",
                    "target_property_name":"#visible"
                  }
                ]
              }
            },
            {
              "end":{
                "type":"image",
                "texture":"_SPY/modules/biomes/end",
                "size":[
                  140,
                  68
                ],
                "layer":500,
                "bindings":[
                  {
                    "binding_type":"view",
                    "source_control_name":"biome.end_toggle",
                    "source_property_name":"#toggle_state",
                    "target_property_name":"#visible"
                  }
                ]
              }
            },
            {
              "crosshairs@ch_img.main":{
                "layer":501
              }
            }
          ]
        }
      },
      {
        "buttons_stacking":{
          "type":"stack_panel",
          "orientation":"vertical",
          "size":[
            65,
            68
          ],
          "controls":[
            {
              "overworld_toggle@category_button.content_3":{
                "$toggle_view_binding_name":"biome.overworld_toggle",
                "$toggle_group_forced_index":1,
                "$button_text":"Overworld",
                "size":[
                  65,
                  17
                ],
                "layer":500
              }
            },
            {
              "nether_toggle@category_button.content_3":{
                "$toggle_view_binding_name":"biome.nether_toggle",
                "$toggle_group_forced_index":2,
                "$button_text":"Nether",
                "size":[
                  65,
                  17
                ],
                "layer":500
              }
            },
            {
              "fortress_toggle@category_button.content_3":{
                "$toggle_view_binding_name":"biome.fortress_toggle",
                "$toggle_group_forced_index":3,
                "$button_text":"Fortress",
                "size":[
                  65,
                  17
                ],
                "layer":500
              }
            },
            {
              "end_toggle@category_button.content_3":{
                "$toggle_view_binding_name":"biome.end_toggle",
                "$toggle_group_forced_index":4,
                "$button_text":"End",
                "size":[
                  65,
                  17
                ],
                "layer":500
              }
            }
          ]
        }
      }
    ]
  },
  "horizontaling3":{
    "type":"stack_panel",
    "orientation":"horizontal",
    "size":[
      205,
      10
    ],
    "controls":[
      {
        "panel_to_aligned_text_in_center":{
          "type":"panel",
          "size":[
            205,
            10
          ],
          "controls":[
            {
              "header":{
                "type":"label",
                "size":[
                  "default",
                  "default"
                ],
                "font_type":"smooth",
                "text_alignment":"center",
                "text":"GENERAL OPTIONS"
              }
            }
          ]
        }
      }
    ]
  },
  "horizontaling4":{
    "type":"stack_panel",
    "orientation":"horizontal",
    "size":[
      205,
      22.77777777777777777
    ],
    "controls":[
      {
        "1@category_button.content_4":{
          "$toggle_view_binding_name":"ch.toggle.1",
          "$toggle_group_forced_index":1,
          "$button_icon":"_SPY/crosshairs/ch1",
          "size":[
            22.77777777777777777,
            22.77777777777777777
          ],
          "layer":500
        }
      },
      {
        "2@category_button.content_4":{
          "$toggle_view_binding_name":"ch.toggle.2",
          "$toggle_group_forced_index":2,
          "$button_icon":"_SPY/crosshairs/ch2",
          "size":[
            22.77777777777777777,
            22.77777777777777777
          ],
          "layer":500
        }
      },
      {
        "3@category_button.content_4":{
          "$toggle_view_binding_name":"ch.toggle.3",
          "$toggle_group_forced_index":3,
          "$button_icon":"_SPY/crosshairs/ch3",
          "size":[
            22.77777777777777777,
            22.77777777777777777
          ],
          "layer":500
        }
      },
      {
        "4@category_button.content_4":{
          "$toggle_view_binding_name":"ch.toggle.4",
          "$toggle_group_forced_index":4,
          "$button_icon":"_SPY/crosshairs/ch4",
          "size":[
            22.77777777777777777,
            22.77777777777777777
          ],
          "layer":500
        }
      },
      {
        "5@category_button.content_4":{
          "$toggle_view_binding_name":"ch.toggle.5",
          "$toggle_group_forced_index":5,
          "$button_icon":"_SPY/crosshairs/ch5",
          "size":[
            22.77777777777777777,
            22.77777777777777777
          ],
          "layer":500
        }
      },
      {
        "6@category_button.content_4":{
          "$toggle_view_binding_name":"ch.toggle.6",
          "$toggle_group_forced_index":6,
          "$button_icon":"_SPY/crosshairs/ch6",
          "size":[
            22.77777777777777777,
            22.77777777777777777
          ],
          "layer":500
        }
      },
      {
        "7@category_button.content_4":{
          "$toggle_view_binding_name":"ch.toggle.7",
          "$toggle_group_forced_index":7,
          "$button_icon":"_SPY/crosshairs/ch7",
          "size":[
            22.77777777777777777,
            22.77777777777777777
          ],
          "layer":500
        }
      },
      {
        "8@category_button.content_4":{
          "$toggle_view_binding_name":"ch.toggle.8",
          "$toggle_group_forced_index":8,
          "$button_icon":"_SPY/crosshairs/ch8",
          "size":[
            22.77777777777777777,
            22.77777777777777777
          ],
          "layer":500
        }
      },
      {
        "9@category_button.content_4":{
          "$toggle_view_binding_name":"ch.toggle.9",
          "$toggle_group_forced_index":9,
          "$button_icon":"_SPY/crosshairs/ch9",
          "size":[
            22.77777777777777777,
            22.77777777777777777
          ],
          "layer":500
        }
      }
    ]
  },
  "horizontaling5":{
    "type":"stack_panel",
    "orientation":"horizontal",
    "size":[
      205,
      21.25
    ],
    "controls":[
      {
        "10@category_button.content_4":{
          "$toggle_view_binding_name":"ch.toggle.10",
          "$toggle_group_forced_index":10,
          "$button_icon":"_SPY/crosshairs/ch10",
          "size":[
            22.77777777777777777,
            22.77777777777777777
          ],
          "layer":500
        }
      },
      {
        "11@category_button.content_4":{
          "$toggle_view_binding_name":"ch.toggle.11",
          "$toggle_group_forced_index":11,
          "$button_icon":"_SPY/crosshairs/ch11",
          "size":[
            22.77777777777777777,
            22.77777777777777777
          ],
          "layer":500
        }
      },
      {
        "12@category_button.content_4":{
          "$toggle_view_binding_name":"ch.toggle.12",
          "$toggle_group_forced_index":12,
          "$button_icon":"_SPY/crosshairs/ch12",
          "size":[
            22.77777777777777777,
            22.77777777777777777
          ],
          "layer":500
        }
      },
      {
        "13@category_button.content_4":{
          "$toggle_view_binding_name":"ch.toggle.13",
          "$toggle_group_forced_index":13,
          "$button_icon":"_SPY/crosshairs/ch13",
          "size":[
            22.77777777777777777,
            22.77777777777777777
          ],
          "layer":500
        }
      },
      {
        "14@category_button.content_4":{
          "$toggle_view_binding_name":"ch.toggle.14",
          "$toggle_group_forced_index":14,
          "$button_icon":"_SPY/crosshairs/ch14",
          "size":[
            22.77777777777777777,
            22.77777777777777777
          ],
          "layer":500
        }
      },
      {
        "15@category_button.content_4":{
          "$toggle_view_binding_name":"ch.toggle.15",
          "$toggle_group_forced_index":15,
          "$button_icon":"_SPY/crosshairs/ch15",
          "size":[
            22.77777777777777777,
            22.77777777777777777
          ],
          "layer":500
        }
      },
      {
        "16@category_button.content_4":{
          "$toggle_view_binding_name":"ch.toggle.16",
          "$toggle_group_forced_index":16,
          "$button_icon":"_SPY/crosshairs/ch16",
          "size":[
            22.77777777777777777,
            22.77777777777777777
          ],
          "layer":500
        }
      },
      {
        "17@category_button.content_4":{
          "$toggle_view_binding_name":"ch.toggle.17",
          "$toggle_group_forced_index":17,
          "$button_icon":"_SPY/crosshairs/ch17",
          "size":[
            22.77777777777777777,
            22.77777777777777777
          ],
          "layer":500
        }
      },
      {
        "18@category_button.content_4":{
          "$toggle_view_binding_name":"ch.toggle.18",
          "$toggle_group_forced_index":18,
          "$button_icon":"_SPY/crosshairs/ch18",
          "size":[
            22.77777777777777777,
            22.77777777777777777
          ],
          "layer":500
        }
      }
    ]
  },
  
  "horizontaling6":{
    "type":"stack_panel",
    "orientation":"horizontal",
    "size":[
      205,
      21.25
    ],
    "controls":[
      {
        "19@category_button.content_4":{
          "$toggle_view_binding_name":"ch.toggle.19",
          "$toggle_group_forced_index":19,
          "$button_icon":"_SPY/crosshairs/ch19",
          "size":[
            22.77777777777777777,
            22.77777777777777777
          ],
          "layer":500
        }
      },
      {
        "20@category_button.content_4":{
          "$toggle_view_binding_name":"ch.toggle.20",
          "$toggle_group_forced_index":20,
          "$button_icon":"_SPY/crosshairs/ch20",
          "size":[
            22.77777777777777777,
            22.77777777777777777
          ],
          "layer":500
        }
      },
      {
        "21@category_button.content_4":{
          "$toggle_view_binding_name":"ch.toggle.21",
          "$toggle_group_forced_index":21,
          "$button_icon":"_SPY/crosshairs/ch21",
          "size":[
            22.77777777777777777,
            22.77777777777777777
          ],
          "layer":500
        }
      },
      {
        "22@category_button.content_4":{
          "$toggle_view_binding_name":"ch.toggle.22",
          "$toggle_group_forced_index":22,
          "$button_icon":"_SPY/crosshairs/ch22",
          "size":[
            22.77777777777777777,
            22.77777777777777777
          ],
          "layer":500
        }
      },
      {
        "23@category_button.content_4":{
          "$toggle_view_binding_name":"ch.toggle.23",
          "$toggle_group_forced_index":23,
          "$button_icon":"_SPY/crosshairs/ch23",
          "size":[
            22.77777777777777777,
            22.77777777777777777
          ],
          "layer":500
        }
      },
      {
        "24@category_button.content_4":{
          "$toggle_view_binding_name":"ch.toggle.24",
          "$toggle_group_forced_index":24,
          "$button_icon":"_SPY/crosshairs/ch24",
          "size":[
            22.77777777777777777,
            22.77777777777777777
          ],
          "layer":500
        }
      },
      {
        "25@category_button.content_4":{
          "$toggle_view_binding_name":"ch.toggle.25",
          "$toggle_group_forced_index":25,
          "$button_icon":"_SPY/crosshairs/ch25",
          "size":[
            22.77777777777777777,
            22.77777777777777777
          ],
          "layer":500
        }
      },
      {
        "26@category_button.content_4":{
          "$toggle_view_binding_name":"ch.toggle.26",
          "$toggle_group_forced_index":26,
          "$button_icon":"_SPY/crosshairs/ch26",
          "size":[
            22.77777777777777777,
            22.77777777777777777
          ],
          "layer":500
        }
      },
      {
        "27@category_button.content_4":{
          "$toggle_view_binding_name":"ch.toggle.27",
          "$toggle_group_forced_index":27,
          "$button_icon":"_SPY/crosshairs/ch27",
          "size":[
            22.77777777777777777,
            22.77777777777777777
          ],
          "layer":500
        }
      }
    ]
  },
  
  "horizontaling7":{
    "type":"stack_panel",
    "orientation":"horizontal",
    "size":[
      205,
      21.25
    ],
    "controls":[
      {
        "28@category_button.content_4":{
          "$toggle_view_binding_name":"ch.toggle.28",
          "$toggle_group_forced_index":28,
          "$button_icon":"_SPY/crosshairs/ch28",
          "size":[
            22.77777777777777777,
            22.77777777777777777
          ],
          "layer":500
        }
      },
      {
        "29@category_button.content_4":{
          "$toggle_view_binding_name":"ch.toggle.29",
          "$toggle_group_forced_index":29,
          "$button_icon":"_SPY/crosshairs/ch29",
          "size":[
            22.77777777777777777,
            22.77777777777777777
          ],
          "layer":500
        }
      },
      {
        "30@category_button.content_4":{
          "$toggle_view_binding_name":"ch.toggle.30",
          "$toggle_group_forced_index":30,
          "$button_icon":"_SPY/crosshairs/ch30",
          "size":[
            22.77777777777777777,
            22.77777777777777777
          ],
          "layer":500
        }
      },
      {
        "31@category_button.content_4":{
          "$toggle_view_binding_name":"ch.toggle.31",
          "$toggle_group_forced_index":31,
          "$button_icon":"_SPY/crosshairs/ch31",
          "size":[
            22.77777777777777777,
            22.77777777777777777
          ],
          "layer":500
        }
      },
      {
        "32@category_button.content_4":{
          "$toggle_view_binding_name":"ch.toggle.32",
          "$toggle_group_forced_index":32,
          "$button_icon":"_SPY/crosshairs/ch32",
          "size":[
            22.77777777777777777,
            22.77777777777777777
          ],
          "layer":500
        }
      },
      {
        "33@category_button.content_4":{
          "$toggle_view_binding_name":"ch.toggle.33",
          "$toggle_group_forced_index":33,
          "$button_icon":"_SPY/crosshairs/ch33",
          "size":[
            22.77777777777777777,
            22.77777777777777777
          ],
          "layer":500
        }
      },
      {
        "34@category_button.content_4":{
          "$toggle_view_binding_name":"ch.toggle.34",
          "$toggle_group_forced_index":34,
          "$button_icon":"_SPY/crosshairs/ch34",
          "size":[
            22.77777777777777777,
            22.77777777777777777
          ],
          "layer":500
        }
      },
      {
        "35@category_button.content_4":{
          "$toggle_view_binding_name":"ch.toggle.35",
          "$toggle_group_forced_index":35,
          "$button_icon":"_SPY/crosshairs/ch35",
          "size":[
            22.77777777777777777,
            22.77777777777777777
          ],
          "layer":500
        }
      },
      {
        "36@category_button.content_4":{
          "$toggle_view_binding_name":"ch.toggle.36",
          "$toggle_group_forced_index":36,
          "$button_icon":"_SPY/crosshairs/ch36",
          "size":[
            22.77777777777777777,
            22.77777777777777777
          ],
          "layer":500
        }
      }
    ]
  },
  
  "horizontaling8":{
    "type":"stack_panel",
    "orientation":"horizontal",
    "size":[
      205,
      21.25
    ],
    "controls":[
      {
        "37@category_button.content_4":{
          "$toggle_view_binding_name":"ch.toggle.37",
          "$toggle_group_forced_index":37,
          "$button_icon":"_SPY/crosshairs/ch37",
          "size":[
            22.77777777777777777,
            22.77777777777777777
          ],
          "layer":500
        }
      }
    ]
  }
  
  
  
  
}