{
  "namespace":"gameplay_section",
  
  "content_button@modules.content_button":{
  },
  
  "gameplay_category@category_button.category":{
        "$toggle_view_binding_name":"gameplay_category",
        "$toggle_group_forced_index":1,
        "$button_text":"Gameplay",
        "size":[
          70,
          15
        ],
        "layer":500
      },
  
  "content@common.scrolling_panel":{
    "$scrolling_content":"gameplay_section.scroling_content",
    "$show_background":false,
    "bindings":[
      {
        "binding_type":"view",
        "source_control_name":"gameplay_category",
        "source_property_name":"#toggle_state",
        "target_property_name":"#visible"
      }
    ]
  },
  
  "scroling_content":{
    "type":"stack_panel",
    "size":[
      "100%",
      "100%c"
    ],
    "controls":[
      {
        "horizontaling1@gameplay_section.horizontaling1":{
          
        }
      },
      {
        "horizontaling2@gameplay_section.horizontaling2":{
          
        }
      },
      {
        "horizontaling3@gameplay_section.horizontaling3":{
          
        }
      }
    ]
  },
  
  
  
  "horizontaling1":{
    "type":"stack_panel",
    "orientation":"horizontal",
    "size":[
      205,
      17
    ],
    "controls":[
      {
        "cords@content_button":{
          "$button_text":"Coordinates",
          "$toggle_name":"cords",
          "size":[
            68.33333333333333333,
            17
          ],
          "layer": 500
        }
      },
      {
        "spy_cc@content_button":{
          "$button_text":"Clock, Compass",
          "$toggle_name":"spy_cc",
          "size":[
            68.33333333333333333,
            17
          ],
          "layer": 500
        }
      },
      {
        "boss_bar@content_button":{
          "$button_text":"Boss Bar",
          "$toggle_name":"boss_bar",
          "size":[
            68.33333333333333333,
            17
          ],
          "layer": 500
        }
      }
    ]
  },
  "horizontaling2":{
    "type":"stack_panel",
    "orientation":"horizontal",
    "size":[
      205,
      17
    ],
    "controls":[
      {
        "direction_hud@content_button":{
          "$button_text":"Direction Hud",
          "$toggle_name":"direction_hud",
          "size":[
            68.33333333333333333,
            17
          ],
          "layer": 500
        }
      },
      {
        "chat_hud@content_button":{
          "$button_text":"Chat Hud",
          "$toggle_name":"chat_hud",
          "size":[
            68.33333333333333333,
            17
          ],
          "layer": 500
        }
      },
      {
        "mob_effect@content_button":{
          "$button_text":"Mob Effect",
          "$toggle_name":"mob_effect",
          "size":[
            68.33333333333333333,
            17
          ],
          "layer": 500
        }
      }
    ]
  },
  "horizontaling3":{
    "type":"stack_panel",
    "orientation":"horizontal",
    "size":[
      205,
      17
    ],
    "controls":[
      {
        "scoreboard@content_button":{
          "$button_text":"Scoreboard",
          "$toggle_name":"scoreboard",
          "size":[
            68.33333333333333333,
            17
          ],
          "layer": 500
        }
      }
    ]
  }
  
  
  
}