{
  "namespace":"hud_section",
  "content_button@modules.content_button":{
    "$checked_control":"hud_section.toggle",
    "$checked_hover_control":"hud_section.toggle_hover",
    "$unchecked_control":"hud_section.toggle_unchecked",
    "$unchecked_hover_control":"hud_section.toggle_unchecked_hover"
  },
  "toggle@saad_toogles.main_panel":{
    "type":"image",
    "size":[
      "100%",
      "100%"
    ],
    "layer":500,
    "texture":"_SPY/modules/textures/custom_buttons/2"
  },
  "toggle_hover@saad_toogles.main_panel":{
    "type":"image",
    "size":[
      "100%",
      "100%"
    ],
    "layer":500,
    "texture":"_SPY/modules/textures/custom_buttons/2"
  },
  "toggle_unchecked@saad_toogles.main_panel":{
    "type":"image",
    "size":[
      "100%",
      "100%"
    ],
    "layer":500,
    "texture":"_SPY/modules/textures/custom_buttons/1"
  },
  "toggle_unchecked_hover@saad_toogles.main_panel":{
    "type":"image",
    "size":[
      "100%",
      "100%"
    ],
    "layer":500,
    "texture":"_SPY/modules/textures/custom_buttons/2"
  },
  "content_button2@category_button.content":{
    
  },
  "hud_category@category_button.category":{
    "$toggle_view_binding_name":"hud_category",
    "$toggle_group_forced_index":3,
    "$button_text":"HUD",
    "size":[
      70,
      15
    ],
    "layer":500
  },
  "content@common.scrolling_panel":{
    "$scrolling_content":"hud_section.scroling_content",
    "$show_background":false,
    "bindings":[
      {
        "binding_type":"view",
        "source_control_name":"hud_category",
        "source_property_name":"#toggle_state",
        "target_property_name":"#visible"
      }
    ]
  },
  "scroling_content":{
    "type":"stack_panel",
    "size":[
      "100%",
      "100%c"
    ],
    "controls":[
      {
        "horizontaling1@hud_section.horizontaling1":{
          
        }
      },
      {
        "horizontaling2@hud_section.horizontaling2":{
          
        }
      },
      {
        "horizontaling3@hud_section.horizontaling3":{
          
        }
      },
      {
        "horizontaling4@hud_section.horizontaling4":{
          
        }
      }
    ]
  },
  "horizontaling1":{
    "type":"stack_panel",
    "orientation":"horizontal",
    "size":[
      205,
      17
    ],
    "controls":[
      {
        "hotbar_numbers_option@content_button":{
          "$button_text":"Hotbar Numbers",
          "$toggle_name":"hotbar_numbers_option",
          "size":[
            202.5,
            20
          ],
          "layer":500
        }
      }
    ]
  },
  "horizontaling2":{
    "type":"stack_panel",
    "orientation":"horizontal",
    "size":[
      205,
      17
    ],
    "bindings":[
      {
        "binding_type":"view",
        "source_control_name":"hotbar_numbers_option",
        "source_property_name":"#toggle_state",
        "target_property_name":"#visible"
      }
    ],
    "controls":[
      {
        "normal@hud.hotbar_numbers_option_1":{
          
        }
      },
      {
        "roman@hud.hotbar_numbers_option_2":{
          
        }
      },
      {
        "disabled@hud.hotbar_numbers_option_3":{
          
        }
      }
    ]
  },
  "horizontaling3":{
    "type":"stack_panel",
    "orientation":"horizontal",
    "size":[
      205,
      15
    ],
    "controls":[
      {
        "panel_to_aligned_text_in_center":{
          "type":"panel",
          "size":[
            205,
            10
          ],
          "controls":[
            {
              "header":{
                "type":"label",
                "size":[
                  "default",
                  "default"
                ],
                "font_type":"smooth",
                "text_alignment":"center",
                "text":"OTHER OPTIONS"
              }
            }
          ]
        }
      }
    ]
  },
  "horizontaling4":{
    "type":"stack_panel",
    "orientation":"horizontal",
    "size":[
      205,
      17
    ],
    "controls":[
      {
        "pack_display.toggle@modules.content_button":{
          "$button_text":"Pack Display",
          "$toggle_name":"pack_display.toggle",
          "size":[
            68.33333333333333333,
            17
          ],
          "layer":500
        }
      },
      {
        "spy_vignette.toggle@hud.spy_vignette.toggle":{
          
        }
      }
    ]
  }
}