{
  "hide_hud_button_image": {
    "type": "image",
    "texture": "icon/hide/hide_hud_button",
    "bindings": [
      {
        "binding_name": "#hud_visible",
        "binding_name_override": "#visible",
        "binding_type": "global"
      },
      {
        "binding_name": "#hud_alpha",
        "binding_name_override": "#alpha",
        "binding_type": "global"
      },
      {
        "binding_name": "#hud_propagate_alpha",
        "binding_name_override": "#propagateAlpha",
        "binding_type": "global"
      }
    ]
  },
  
  "touch_buttons": {
    "type": "panel",
    "size": [ "100%", "100%" ],
    "controls": [
      {
        "hide_hud_button@common.button": {
          "$pressed_button_name": "button.hide_gui_all",
          "anchor_from": "top_middle",
          "anchor_to": "top_middle",
          "size": [ 18, 18 ],
          "offset": [ 38.5, 1.5 ],
          "ignored": "(not $touch)",
          "controls": [
            {
              "hide_hud_button_image@hud.hide_hud_button_image": {}
            }
          ],
          "bindings": [
            {
              "binding_name": "#inventory_touch_button",
              "binding_name_override": "#visible",
              "binding_type": "global"
              }
            ]
          }
        }
      ]
    },

  "hud_content": {
    "modifications": [
      {
        "array_name": "controls",
        "operation": "insert_front",
        "value": [
          { "touch_buttons@hud.touch_buttons": {} }
        ]
      }
    ]
  }
}