{
  "namespace": "start_luconia",

  "bg": {
    "type": "image",
    "texture": "textures/bg",
		"size": [ "100%", "100%" ],
    "fill": true,
    "layer": 103,
    "alpha": "@animations.bg_wait_1"
  },

  "fg": {
    "type": "image",
    "texture": "textures/fg",
    "size": [ "100%", "100%" ],
    "layer": 105,
    "alpha": "@animations.bg_wait_1"
  },

  "loading_bar": {
    "type": "image",
    "layer": 104,
    "texture": "textures/blacki",
    "offset": [ 0, 0 ],
    "size": [ "600%", "1%" ],
    "alpha": "@animations.text_alpha_1",
    "uv": "@animations.loading_bar_anim_1"
  },

  "injecting": {
    "type": "panel",
    "anchor_from": "center",
    "anchor_to": "center",
    "controls": [
      {
        "bg@start.bg": {}
      },
      {
        "fg@start.fg": {}
      },
      {
        "loading_bar@start.loading_bar": {}
      }
    ]
  },

  "news": {
    "type": "panel",
    "anchor_from": "bottom_right",
    "anchor_to": "bottom_right",
    "size": [ 112.5,45],
    "offset": [-16, -16],
    "controls": [
     {
       "luconia@start_luconia.texture_inject": {
      }
    }
  ]
 },
 "texture_inject": {
  "type": "image",
  "texture": "ui/textures/test",
  "fill": true,
  "uv_size": [ 1280, 513 ],
  "uv": "@start_luconia.anim_for_news"
},
"anim_for_news": {
  "anim_type": "flip_book",
  "initial_uv": [ 0, 0 ],
  "frame_count": 4,
  "frame_step": 4,
  "fps": 0.2,
  "easing": "linear"
},

  "buttons": {
    "type": "panel",
    "controls": [
      {
        "play_button@common_buttons_luconia.main_button": {
          "size": [ 160, 20 ],
          "offset": [ 0, -12 ],
          "$pressed_button_name": "button.menu_play",
          "$button_text": "P L A Y"
        }
      },
      {
        "cosmetics_button@common_buttons_luconia.main_button": {
          "size": [ 160, 20 ],
          "offset": [ 0, 12 ],
          "$pressed_button_name": "button.to_profile_screen",
          "$button_text": "C O S M E T I C S"
        }
      },
      {
        "store_button@common_buttons_luconia.main_button": {
          "size": [ 79.5, 20 ],
          "offset": [ -40, 36 ],
          "$pressed_button_name": "button.menu_store",
          "$button_text": "S T O R E"
        }
      },
      {
        "info_button@common_buttons_luconia.main_button": {
          "size": [ 79.5, 20 ],
          "offset": [ 40.5, 36 ],
          "$pressed_button_name": "button.menu_buy_game",
          "$button_text": "I N F O"
        }
      }
    ]
  },
	
  "buttons2": {
    "type": "panel",
		"anchor_from": "bottom_middle",
		"anchor_to": "bottom_middle",
    "controls": [
      {
        "achievements_button@common_buttons_luconia.main_button": {
          "size": [ 20, 20 ],
          "offset": [ -22, -5 ],
					"anchor_from": "bottom_middle",
					"anchor_to": "bottom_middle",
          "$pressed_button_name": "button.menu_achievements",
          "$button_content": "luconia_textures_common.luconia_trophie_icon"
        }
      },
      {
        "settings_button@common_buttons_luconia.main_button": {
          "size": [ 20, 20 ],
          "offset": [ 0, -5 ],
					"anchor_from": "bottom_middle",
					"anchor_to": "bottom_middle",
          "$pressed_button_name": "button.menu_settings",
          "$button_content": "luconia_textures_common.luconia_settings_icon"
        }
      },
      {
        "discord_button@common_buttons_luconia.main_toggle": {
          "size": [ 20, 20 ],
          "offset": [ 22, -5 ],
					"anchor_from": "bottom_middle",
					"anchor_to": "bottom_middle",
          "$button_content": "luconia_textures_common.luconia_discord_icon",
			    "$toggle_name": "discord_button",
			    "$toggle_group_forced_index": 1,
			    "$checked_control": "common_buttons_luconia.toggle",
			    "$unchecked_control": "common_buttons_luconia.toggle_unchecked",
			    "$checked_hover_control": "common_buttons_luconia.toggle_hover",
			    "$unchecked_hover_control": "common_buttons_luconia.toggle_unchecked_hover"
        }
      }
    ]
  },
	
  "discord_invite_text":{
    "type": "panel",
    "anchor_from": "center",
    "anchor_to": "center",
    "controls":[
      {
        "discord_invite": {
          "type": "label",
          "layer": 150,
          "text": "§lJoin our discord:§r §1https://dsc.gg/luconia",
          "anchor_from": "bottom_middle",
					"anchor_to": "bottom_middle",
          "offset": [0,-30]
        }
      }
    ],
    "bindings": [
        {
          "binding_type": "view",
          "source_control_name": "discord_button",
          "source_property_name": "#toggle_state",
          "target_property_name": "#visible"
      }
    ]
  },

  "sign_in": {
    "type": "panel",
    "controls": [
      { "sign_in_button@start_luconia.sign_in_button": { } }
    ],
    "bindings": [
      {
        "binding_name": "#sign_in_visible",
        "binding_name_override": "#visible"
      }
    ]
  },

  "sign_in_button@common_buttons_luconia.main_button": {
    "size": [ 20, 20 ],
    "anchor_from": "top_left",
    "anchor_to": "top_left",
    "offset": [ 8, 9 ],
    "$pressed_button_name": "button.signin",
    "$button_content": "luconia_textures_common.luconia_account_icon"
  },
	
	"exit@common_buttons_luconia.main_button": {
		"$pressed_button_name": "button.menu_exit",
		"anchor_from": "top_right",
		"anchor_to": "top_right",
		"$button_content": "luconia_textures_common.luconia_exit_icon",
		"button_content": "luconia_textures_common.luconia_exit_icon",
		"offset": [
			-5,
			5
		],
		"size": [
			22,
			22
		]
	},
  

  "sheeeeeeeeeeeeeeeeeeeeeesh": {
    "type": "panel",
    "controls": [
      { "sign_in@start_luconia.sign_in": { } },
      { "buttons@start_luconia.buttons": { } },
			{ "news@start_luconia.news": { } },
			{ "exit@start_luconia.exit": { } },
			{ "buttons2@start_luconia.buttons2": { } },
			{ "discord_invite_text@start_luconia.discord_invite_text":{}}
    ]
  },
  "full_screen": {
    "type": "panel",
    "controls": []
  }
}