{"animations":{"animation.player.compass":{"animation_length":1,"bones":{"compass":{"position":{"0.0":[-2,-368,183],"1":[-2,-368,183]},"scale":2.2}},"loop":true},"animation.player.cps_tag":{"animation_length":1,"bones":{"cps_tag":{"position":{"0.0":[0,0,0]}}},"loop":true},"animation.player.evoker_mini":{"animation_length":2,"bones":{"1":{"position":{"0.0":[-12,-14,7],"2":[-12,-14,7]},"scale":{"0.0":[0.4,0.4,0.4],"2":[0.4,0.4,0.4]}},"2":{"position":{"0.0":[-12,0,5],"1":[-12,0,9],"2":[-12,0,5]},"rotation":{"0.0":[-22.5,0,0],"1":[30,0,0],"2":[-22.5,0,0]},"scale":{"0.0":[0.4,0.4,0.6],"2":[0.4,0.4,0.6]}},"3":{"position":{"0.0":[-12,0,9],"1":[-12,0,5],"2":[-12,0,9]},"rotation":{"0.0":[22.5,0,0],"1":[-28.55783,-0.49309,-1.01559],"2":[22.5,0,0]},"scale":{"0.0":[0.4,0.4,0.6],"2":[0.4,0.4,0.6]}},"4":{"position":{"0.0":[-12,0,3],"1":[-12,0,10],"2":[-12,0,3]},"rotation":{"0.0":[-25,0,0],"1":[17.5,0,0],"2":[-25,0,0]},"scale":{"0.0":[0.4,0.4,0.4],"2":[0.4,0.4,0.4]}},"5":{"position":{"0.0":[-12,0,11],"1":[-12,0,4],"2":[-12,0,11]},"rotation":{"0.0":[27.5,0,0],"1":[-22.5,0,0],"2":[27.5,0,0]},"scale":{"0.0":[0.4,0.4,0.4],"2":[0.4,0.4,0.4]}}},"loop":true},"animation.player.hitbox":{"animation_length":1,"bones":{"1":{"rotation":{"0.0":[0,0,0],"0.5":[0,0,0],"1.0":[0,0,0]}}},"loop":true},"animation.player.kst":{"animation_length":1,"bones":{"kst":{"position":{"0.0":[-355,-17,183],"1":[-355,-17,183]},"scale":0.82}},"loop":true},"animation.player.vex_wings":{"animation_length":1,"bones":{"vw1":{"rotation":{"0.0":[0,-25,0],"0.5":[0,-17.5,0],"0.9167":[0,-25,0]}},"vw2":{"rotation":{"0.0":[0,20,0],"0.5":[0,12.5,0],"0.9167":[0,20,0]}}},"loop":true}},"format_version":"1.8.0"}