{
  "biomes": {
    "default" : {
       "fog_identifier" : "netherninja:render_distance_advanced"
    },
    "warped_forest": {
      "water_surface_color": "#905957",
      "water_fog_color": "#905957",
      "fog_color": "#1a051A"
    },
    "crimson_forest": {
      "water_surface_color": "#905957",
      "water_fog_color": "#905957",
      "fog_color": "#330303"
    },
    "soulsand_valley": {
      "water_surface_color": "#905957",
      "water_fog_color": "#905957",
      "fog_color": "#1B4745"
    },
    "basalt_deltas": {
      "water_surface_color": "#3f76e4",
      "water_fog_color": "#423e42",
      "fog_color": "#685f70"
    },
    "hell": {
      "water_surface_color": "#905957",
      "water_fog_color": "#905957",
      "fog_color": "#330808"
    }
  }
}