{
	"format_version": "1.8.0",
	"geometry.player.armor.base": {
		"texturewidth": 64,
		"textureheight": 32,
		"visible_bounds_width": 4,
		"visible_bounds_height": 3,
		"visible_bounds_offset": [0, 1.5, 0],
		"bones": [
			{
				"name": "waist",
				"pivot": [0, 12, 0]
			},
			{
				"name": "body",
				"parent": "waist",
				"pivot": [0, 24, 0],
				"cubes": [
					{"origin": [-4, 12, -2], "size": [8, 12, 4], "uv": [16, 16], "inflate": 0.9},
					{"origin": [-12.24, 21.96, 2.5], "size": [1.36, 1.36, 1], "uv": [0, 2]},
					{"origin": [-10.88, 24.68, 3], "size": [1.36, 1.36, 1], "uv": [0, 2]},
					{"origin": [-9.52, 26.04, 3.5], "size": [1.36, 1.36, 1], "uv": [0, 2]},
					{"origin": [-10.88, 24, 3], "size": [1.36, 1.36, 1], "uv": [0, 2]},
					{"origin": [-9.52, 25.36, 3.5], "size": [1.36, 1.36, 1], "uv": [0, 2]},
					{"origin": [-9.52, 20.6, 3.5], "size": [1.36, 1.36, 1], "uv": [0, 0]},
					{"origin": [-8.16, 21.28, 4], "size": [1.36, 1.36, 1], "uv": [0, 0]},
					{"origin": [-12.24, 18.56, 2.5], "size": [1.36, 1.36, 1], "uv": [0, 0]},
					{"origin": [-2.72, 19.24, 2], "size": [1.36, 1.36, 1], "uv": [0, 4]},
					{"origin": [-8.16, 25.36, 4], "size": [1.36, 1.36, 1], "uv": [0, 2]},
					{"origin": [-12.24, 21.28, 2.5], "size": [1.36, 1.36, 1], "uv": [0, 2]},
					{"origin": [-12.24, 19.92, 2.5], "size": [1.36, 1.36, 1], "uv": [4, 0]},
					{"origin": [-12.92, 17.88, 2.5], "size": [0.68, 1.36, 1], "uv": [0, 0]},
					{"origin": [-10.88, 19.92, 3], "size": [1.36, 1.36, 1], "uv": [0, 0]},
					{"origin": [-9.52, 21.28, 3.5], "size": [1.36, 1.36, 1], "uv": [0, 0]},
					{"origin": [-10.88, 22.64, 3], "size": [1.36, 1.36, 1], "uv": [0, 4]},
					{"origin": [-10.88, 21.28, 3], "size": [1.36, 1.36, 1], "uv": [4, 0]},
					{"origin": [-9.52, 22.64, 3.5], "size": [1.36, 1.36, 1], "uv": [4, 0]},
					{"origin": [-8.16, 22.64, 4], "size": [1.36, 1.36, 1], "uv": [4, 0]},
					{"origin": [-9.52, 24, 3.5], "size": [1.36, 1.36, 1], "uv": [0, 4]},
					{"origin": [-8.16, 24, 4], "size": [1.36, 1.36, 1], "uv": [0, 4]},
					{"origin": [-5.44, 19.92, 3], "size": [1.36, 1.36, 1], "uv": [4, 0]},
					{"origin": [-5.44, 21.28, 3], "size": [1.36, 1.36, 1], "uv": [0, 4]},
					{"origin": [-6.8, 21.28, 3.5], "size": [1.36, 1.36, 1], "uv": [4, 0]},
					{"origin": [-6.8, 22.64, 3.5], "size": [1.36, 1.36, 1], "uv": [0, 4]},
					{"origin": [-6.8, 24, 3.5], "size": [1.36, 1.36, 1], "uv": [0, 2]},
					{"origin": [-5.44, 22.64, 3], "size": [1.36, 1.36, 1], "uv": [0, 2]},
					{"origin": [-4.08, 21.28, 2.5], "size": [1.36, 1.36, 1], "uv": [0, 2]},
					{"origin": [-4.08, 19.92, 2.5], "size": [1.36, 1.36, 1], "uv": [4, 0]},
					{"origin": [12.24, 19.24, 2.5], "size": [0.68, 1.36, 1], "uv": [4, 0], "mirror": true},
					{"origin": [10.88, 21.96, 2.5], "size": [1.36, 1.36, 1], "uv": [0, 2], "mirror": true},
					{"origin": [9.52, 24.68, 3], "size": [1.36, 1.36, 1], "uv": [0, 2], "mirror": true},
					{"origin": [8.16, 26.04, 3.5], "size": [1.36, 1.36, 1], "uv": [0, 2], "mirror": true},
					{"origin": [9.52, 24, 3], "size": [1.36, 1.36, 1], "uv": [0, 2], "mirror": true},
					{"origin": [8.16, 25.36, 3.5], "size": [1.36, 1.36, 1], "uv": [0, 2], "mirror": true},
					{"origin": [8.16, 20.6, 3.5], "size": [1.36, 1.36, 1], "uv": [0, 0], "mirror": true},
					{"origin": [6.8, 21.28, 4], "size": [1.36, 1.36, 1], "uv": [0, 0], "mirror": true},
					{"origin": [10.88, 18.56, 2.5], "size": [1.36, 1.36, 1], "uv": [0, 0], "mirror": true},
					{"origin": [1.36, 19.24, 2], "size": [1.36, 1.36, 1], "uv": [0, 4], "mirror": true},
					{"origin": [6.8, 25.36, 4], "size": [1.36, 1.36, 1], "uv": [0, 2], "mirror": true},
					{"origin": [10.88, 21.28, 2.5], "size": [1.36, 1.36, 1], "uv": [0, 2], "mirror": true},
					{"origin": [10.88, 19.92, 2.5], "size": [1.36, 1.36, 1], "uv": [4, 0], "mirror": true},
					{"origin": [12.24, 17.88, 2.5], "size": [0.68, 1.36, 1], "uv": [0, 0], "mirror": true},
					{"origin": [9.52, 19.92, 3], "size": [1.36, 1.36, 1], "uv": [0, 0], "mirror": true},
					{"origin": [8.16, 21.28, 3.5], "size": [1.36, 1.36, 1], "uv": [0, 0], "mirror": true},
					{"origin": [9.52, 22.64, 3], "size": [1.36, 1.36, 1], "uv": [0, 4], "mirror": true},
					{"origin": [9.52, 21.28, 3], "size": [1.36, 1.36, 1], "uv": [4, 0], "mirror": true},
					{"origin": [8.16, 22.64, 3.5], "size": [1.36, 1.36, 1], "uv": [4, 0], "mirror": true},
					{"origin": [6.8, 22.64, 4], "size": [1.36, 1.36, 1], "uv": [4, 0], "mirror": true},
					{"origin": [8.16, 24, 3.5], "size": [1.36, 1.36, 1], "uv": [0, 4], "mirror": true},
					{"origin": [6.8, 24, 4], "size": [1.36, 1.36, 1], "uv": [0, 4], "mirror": true},
					{"origin": [4.08, 19.92, 3], "size": [1.36, 1.36, 1], "uv": [4, 0], "mirror": true},
					{"origin": [4.08, 21.28, 3], "size": [1.36, 1.36, 1], "uv": [0, 4], "mirror": true},
					{"origin": [5.44, 21.28, 3.5], "size": [1.36, 1.36, 1], "uv": [4, 0], "mirror": true},
					{"origin": [5.44, 22.64, 3.5], "size": [1.36, 1.36, 1], "uv": [0, 4], "mirror": true},
					{"origin": [5.44, 24, 3.5], "size": [1.36, 1.36, 1], "uv": [0, 2], "mirror": true},
					{"origin": [4.08, 22.64, 3], "size": [1.36, 1.36, 1], "uv": [0, 2], "mirror": true},
					{"origin": [2.72, 21.28, 2.5], "size": [1.36, 1.36, 1], "uv": [0, 2], "mirror": true},
					{"origin": [2.72, 19.92, 2.5], "size": [1.36, 1.36, 1], "uv": [4, 0], "mirror": true},
					{"origin": [-12.92, 19.24, 2.5], "size": [0.68, 1.36, 1], "uv": [4, 0]},
					{"origin": [-0.5, 27, 4.5], "size": [1, 1, 0], "uv": [44, 4]},
					{"origin": [0.5, 27, 4.5], "size": [1, 1, 0], "uv": [44, 4]},
					{"origin": [-0.5, 28, 4.5], "size": [1, 1.2, 0], "uv": [44, 3]},
					{"origin": [0.5, 28, 4.5], "size": [1, 1.2, 0], "uv": [44, 3]},
					{"origin": [0.5, 28, 3.5], "size": [0, 1, 1], "uv": [45, 2]},
					{"origin": [0.5, 28, 4.5], "size": [0, 1, 1], "uv": [45, 2]},
					{"origin": [0.5, 27, 3.5], "size": [0, 1, 1], "uv": [44, 4]},
					{"origin": [0.5, 27, 4.5], "size": [0, 1, 1], "uv": [44, 4]},
					{"origin": [0.25, 23, 4.25], "size": [0.5, 1, 0.5], "uv": [46, 4]},
					{"origin": [0.25, 24, 4.25], "size": [0.5, 1, 0.5], "uv": [46, 2]},
					{"origin": [0.25, 25, 4.25], "size": [0.5, 1, 0.5], "uv": [46, 2]},
					{"origin": [0.25, 26, 4.25], "size": [0.5, 1, 0.5], "uv": [46, 4]},
					{"origin": [-1.5, 25, 5.5], "size": [1, 1, 0], "uv": [44, 4]},
					{"origin": [-0.5, 25, 5.5], "size": [1, 1, 0], "uv": [44, 4]},
					{"origin": [-1.5, 26, 5.5], "size": [1, 1, 0], "uv": [44, 3]},
					{"origin": [-0.5, 26, 5.5], "size": [1, 1, 0], "uv": [44, 3]},
					{"origin": [-0.5, 26, 4.5], "size": [0, 1.2, 1], "uv": [45, 2]},
					{"origin": [-0.5, 26, 5.5], "size": [0, 1.2, 1], "uv": [45, 2]},
					{"origin": [-0.5, 25, 4.5], "size": [0, 1, 1], "uv": [44, 4]},
					{"origin": [-0.5, 25, 5.5], "size": [0, 1, 1], "uv": [44, 4]},
					{"origin": [-0.75, 21, 5.25], "size": [0.5, 1, 0.5], "uv": [46, 4]},
					{"origin": [-0.75, 22, 5.25], "size": [0.5, 1, 0.5], "uv": [46, 2]},
					{"origin": [-0.75, 23, 5.25], "size": [0.5, 1, 0.5], "uv": [46, 2]},
					{"origin": [-0.75, 24, 5.25], "size": [0.5, 1, 0.5], "uv": [46, 4]},
					{"origin": [-2, 23, 6], "size": [1, 1, 1], "uv": [40, 0]},
					{"origin": [-1, 16, 3], "size": [1, 1, 1], "uv": [40, 0]},
					{"origin": [0, 16, 3], "size": [1, 1, 1], "uv": [40, 0]},
					{"origin": [-1, 16, 3], "size": [1, 1, 1], "uv": [40, 0]},
					{"origin": [-1, 16, 6], "size": [1, 1, 1], "uv": [40, 0]},
					{"origin": [0, 16, 6], "size": [1, 1, 1], "uv": [40, 0]},
					{"origin": [-2, 16, 6], "size": [1, 1, 1], "uv": [40, 0]},
					{"origin": [1, 16, 6], "size": [1, 1, 1], "uv": [40, 0]},
					{"origin": [-1, 18, 3], "size": [1, 1, 1], "uv": [40, 0]},
					{"origin": [0, 18, 3], "size": [1, 1, 1], "uv": [40, 0]},
					{"origin": [-1, 18, 3], "size": [1, 1, 1], "uv": [40, 0]},
					{"origin": [-1, 18, 6], "size": [1, 1, 1], "uv": [40, 4]},
					{"origin": [0, 18, 6], "size": [1, 1, 1], "uv": [40, 4]},
					{"origin": [-2, 18, 6], "size": [1, 1, 1], "uv": [40, 2]},
					{"origin": [1, 18, 6], "size": [1, 1, 1], "uv": [40, 2]},
					{"origin": [-1, 20, 3], "size": [1, 1, 1], "uv": [40, 0]},
					{"origin": [0, 20, 3], "size": [1, 1, 1], "uv": [40, 0]},
					{"origin": [-1, 20, 3], "size": [1, 1, 1], "uv": [40, 0]},
					{"origin": [-1, 20, 6], "size": [1, 1, 1], "uv": [44, 0]},
					{"origin": [0, 20, 6], "size": [1, 1, 1], "uv": [44, 0]},
					{"origin": [-2, 20, 6], "size": [1, 1, 1], "uv": [40, 2]},
					{"origin": [1, 20, 6], "size": [1, 1, 1], "uv": [40, 2]},
					{"origin": [-1, 22, 3], "size": [1, 1, 1], "uv": [40, 0]},
					{"origin": [0, 22, 3], "size": [1, 1, 1], "uv": [40, 0]},
					{"origin": [-1, 22, 3], "size": [1, 1, 1], "uv": [40, 0]},
					{"origin": [-1, 22, 6], "size": [1, 1, 1], "uv": [40, 4]},
					{"origin": [0, 22, 6], "size": [1, 1, 1], "uv": [40, 4]},
					{"origin": [-2, 22, 6], "size": [1, 1, 1], "uv": [40, 0]},
					{"origin": [1, 22, 6], "size": [1, 1, 1], "uv": [40, 0]},
					{"origin": [-1, 17, 3], "size": [1, 1, 1], "uv": [40, 0]},
					{"origin": [0, 17, 3], "size": [1, 1, 1], "uv": [40, 0]},
					{"origin": [-1, 17, 3], "size": [1, 1, 1], "uv": [40, 0]},
					{"origin": [-1, 17, 6], "size": [1, 1, 1], "uv": [40, 4]},
					{"origin": [0, 17, 6], "size": [1, 1, 1], "uv": [40, 4]},
					{"origin": [-2, 17, 6], "size": [1, 1, 1], "uv": [40, 0]},
					{"origin": [1, 17, 6], "size": [1, 1, 1], "uv": [40, 0]},
					{"origin": [-1, 19, 3], "size": [1, 1, 1], "uv": [40, 0]},
					{"origin": [0, 19, 3], "size": [1, 1, 1], "uv": [40, 0]},
					{"origin": [-1, 19, 3], "size": [1, 1, 1], "uv": [40, 0]},
					{"origin": [-1, 19, 6], "size": [1, 1, 1], "uv": [44, 0]},
					{"origin": [0, 19, 6], "size": [1, 1, 1], "uv": [44, 0]},
					{"origin": [-2, 19, 6], "size": [1, 1, 1], "uv": [40, 2]},
					{"origin": [1, 19, 6], "size": [1, 1, 1], "uv": [40, 2]},
					{"origin": [-1, 21, 3], "size": [1, 1, 1], "uv": [40, 0]},
					{"origin": [0, 21, 3], "size": [1, 1, 1], "uv": [40, 0]},
					{"origin": [-1, 21, 3], "size": [1, 1, 1], "uv": [40, 0]},
					{"origin": [-1, 21, 6], "size": [1, 1, 1], "uv": [44, 0]},
					{"origin": [0, 21, 6], "size": [1, 1, 1], "uv": [44, 0]},
					{"origin": [-2, 21, 6], "size": [1, 1, 1], "uv": [40, 2]},
					{"origin": [1, 21, 6], "size": [1, 1, 1], "uv": [40, 2]},
					{"origin": [1, 23, 6], "size": [1, 1, 1], "uv": [40, 0]},
					{"origin": [-2, 23, 4], "size": [1, 1, 1], "uv": [40, 0]},
					{"origin": [-2, 16, 4], "size": [1, 1, 1], "uv": [40, 0]},
					{"origin": [-1, 15, 4], "size": [1, 1, 1], "uv": [40, 0]},
					{"origin": [0, 15, 4], "size": [1, 1, 1], "uv": [40, 0]},
					{"origin": [1, 16, 4], "size": [1, 1, 1], "uv": [40, 0]},
					{"origin": [-2, 18, 4], "size": [1, 1, 1], "uv": [40, 4]},
					{"origin": [1, 18, 4], "size": [1, 1, 1], "uv": [40, 4]},
					{"origin": [-2, 20, 4], "size": [1, 1, 1], "uv": [44, 0]},
					{"origin": [1, 20, 4], "size": [1, 1, 1], "uv": [44, 0]},
					{"origin": [-2, 22, 4], "size": [1, 1, 1], "uv": [40, 4]},
					{"origin": [1, 22, 4], "size": [1, 1, 1], "uv": [40, 4]},
					{"origin": [-2, 17, 4], "size": [1, 1, 1], "uv": [40, 4]},
					{"origin": [1, 17, 4], "size": [1, 1, 1], "uv": [40, 4]},
					{"origin": [-2, 19, 4], "size": [1, 1, 1], "uv": [44, 0]},
					{"origin": [1, 19, 4], "size": [1, 1, 1], "uv": [44, 0]},
					{"origin": [-2, 21, 4], "size": [1, 1, 1], "uv": [44, 0]},
					{"origin": [1, 21, 4], "size": [1, 1, 1], "uv": [44, 0]},
					{"origin": [1, 23, 4], "size": [1, 1, 1], "uv": [40, 0]},
					{"origin": [-2, 23, 5], "size": [1, 1, 1], "uv": [40, 0]},
					{"origin": [-2, 16, 5], "size": [1, 1, 1], "uv": [40, 0]},
					{"origin": [-1, 15, 5], "size": [1, 1, 1], "uv": [40, 0]},
					{"origin": [0, 15, 5], "size": [1, 1, 1], "uv": [40, 0]},
					{"origin": [1, 16, 5], "size": [1, 1, 1], "uv": [40, 0]},
					{"origin": [-2, 18, 5], "size": [1, 1, 1], "uv": [40, 4]},
					{"origin": [1, 18, 5], "size": [1, 1, 1], "uv": [40, 4]},
					{"origin": [-2, 20, 5], "size": [1, 1, 1], "uv": [44, 0]},
					{"origin": [1, 20, 5], "size": [1, 1, 1], "uv": [44, 0]},
					{"origin": [-2, 22, 5], "size": [1, 1, 1], "uv": [40, 4]},
					{"origin": [1, 22, 5], "size": [1, 1, 1], "uv": [40, 4]},
					{"origin": [-2, 17, 5], "size": [1, 1, 1], "uv": [40, 4]},
					{"origin": [1, 17, 5], "size": [1, 1, 1], "uv": [40, 4]},
					{"origin": [-2, 19, 5], "size": [1, 1, 1], "uv": [44, 0]},
					{"origin": [1, 19, 5], "size": [1, 1, 1], "uv": [44, 0]},
					{"origin": [-2, 21, 5], "size": [1, 1, 1], "uv": [44, 0]},
					{"origin": [1, 21, 5], "size": [1, 1, 1], "uv": [44, 0]},
					{"origin": [1, 23, 5], "size": [1, 1, 1], "uv": [40, 0]},
					{"origin": [-2, 23, 3], "size": [1, 1, 1], "uv": [40, 0]},
					{"origin": [-2, 16, 3], "size": [1, 1, 1], "uv": [40, 0]},
					{"origin": [1, 16, 3], "size": [1, 1, 1], "uv": [40, 0]},
					{"origin": [-2, 18, 3], "size": [1, 1, 1], "uv": [40, 2]},
					{"origin": [1, 18, 3], "size": [1, 1, 1], "uv": [40, 2]},
					{"origin": [-2, 20, 3], "size": [1, 1, 1], "uv": [40, 2]},
					{"origin": [1, 20, 3], "size": [1, 1, 1], "uv": [40, 2]},
					{"origin": [-2, 22, 3], "size": [1, 1, 1], "uv": [40, 0]},
					{"origin": [1, 22, 3], "size": [1, 1, 1], "uv": [40, 0]},
					{"origin": [-2, 17, 3], "size": [1, 1, 1], "uv": [40, 0]},
					{"origin": [1, 17, 3], "size": [1, 1, 1], "uv": [40, 0]},
					{"origin": [-2, 19, 3], "size": [1, 1, 1], "uv": [40, 2]},
					{"origin": [1, 19, 3], "size": [1, 1, 1], "uv": [40, 2]},
					{"origin": [-2, 21, 3], "size": [1, 1, 1], "uv": [40, 2]},
					{"origin": [1, 21, 3], "size": [1, 1, 1], "uv": [40, 2]},
					{"origin": [1, 23, 3], "size": [1, 1, 1], "uv": [40, 0]},
					{"origin": [0, 23, 6], "size": [1, 1, 1], "uv": [40, 0]},
					{"origin": [0, 23, 3], "size": [1, 1, 1], "uv": [40, 0]},
					{"origin": [-1, 23, 6], "size": [1, 1, 1], "uv": [40, 0]},
					{"origin": [-1, 23, 3], "size": [1, 1, 1], "uv": [40, 0]}
				]
			},
			{
				"name": "head",
				"parent": "body",
				"pivot": [0, 24, 0],
				"cubes": [
					{"origin": [-4, 24, -4], "size": [8, 8, 8], "uv": [0, 0], "inflate": 1},
					{"origin": [2, 34, 2], "size": [1, 1, 1], "uv": [24, 2]},
					{"origin": [-1, 34, 3], "size": [1, 1, 1], "uv": [24, 0], "mirror": true},
					{"origin": [0, 34, 3], "size": [1, 1, 1], "uv": [24, 0]},
					{"origin": [1, 34, 3], "size": [1, 1, 1], "uv": [24, 2]},
					{"origin": [-2, 34, 3], "size": [1, 1, 1], "uv": [24, 2], "mirror": true},
					{"origin": [-3, 34, 2], "size": [1, 1, 1], "uv": [24, 2], "mirror": true},
					{"origin": [-4, 34, 1], "size": [1, 1, 1], "uv": [24, 2], "mirror": true},
					{"origin": [-4, 34, 0], "size": [1, 1, 1], "uv": [24, 0], "mirror": true},
					{"origin": [-4, 34, -1], "size": [1, 1, 1], "uv": [24, 0], "mirror": true},
					{"origin": [-4, 34, -2], "size": [1, 1, 1], "uv": [24, 2], "mirror": true},
					{"origin": [-3, 34, -3], "size": [1, 1, 1], "uv": [24, 2], "mirror": true},
					{"origin": [-2, 34, -4], "size": [1, 1, 1], "uv": [24, 2], "mirror": true},
					{"origin": [-1, 34, -4], "size": [1, 1, 1], "uv": [24, 0], "mirror": true},
					{"origin": [0, 34, -4], "size": [1, 1, 1], "uv": [24, 0], "mirror": true},
					{"origin": [1, 34, -4], "size": [1, 1, 1], "uv": [24, 2]},
					{"origin": [3, 34, 1], "size": [1, 1, 1], "uv": [24, 2]},
					{"origin": [3, 34, 0], "size": [1, 1, 1], "uv": [24, 0]},
					{"origin": [3, 34, -1], "size": [1, 1, 1], "uv": [24, 0]},
					{"origin": [3, 34, -2], "size": [1, 1, 1], "uv": [24, 2]},
					{"origin": [2, 34, -3], "size": [1, 1, 1], "uv": [24, 2]},
					{"origin": [-1, 33, -4], "size": [1, 1, 1], "uv": [56, 4], "mirror": true},
					{"origin": [0, 33, -4], "size": [1, 1, 1], "uv": [56, 4]},
					{"origin": [-2, 35, -4], "size": [1, 1, 1], "uv": [56, 0], "mirror": true},
					{"origin": [1, 35, -4], "size": [1, 1, 1], "uv": [56, 0]},
					{"origin": [-2, 34, -4], "size": [1, 1, 1], "uv": [56, 4], "mirror": true},
					{"origin": [-2, 33, -4], "size": [1, 1, 1], "uv": [56, 2], "mirror": true},
					{"origin": [1, 33, -4], "size": [1, 1, 1], "uv": [56, 2]},
					{"origin": [-3, 33, -3], "size": [1, 1, 1], "uv": [56, 2], "mirror": true},
					{"origin": [2, 33, -3], "size": [1, 1, 1], "uv": [56, 2]},
					{"origin": [-3, 34, -3], "size": [1, 1, 1], "uv": [56, 4], "mirror": true},
					{"origin": [2, 34, -3], "size": [1, 1, 1], "uv": [56, 4]},
					{"origin": [-3, 33, -3], "size": [1, 1, 1], "uv": [56, 4], "mirror": true},
					{"origin": [-4, 33, -2], "size": [1, 1, 1], "uv": [56, 2], "mirror": true},
					{"origin": [3, 33, -2], "size": [1, 1, 1], "uv": [56, 2]},
					{"origin": [-4, 35, -2], "size": [1, 1, 1], "uv": [56, 0], "mirror": true},
					{"origin": [3, 35, -2], "size": [1, 1, 1], "uv": [56, 0]},
					{"origin": [-4, 34, -2], "size": [1, 1, 1], "uv": [56, 4], "mirror": true},
					{"origin": [3, 34, -2], "size": [1, 1, 1], "uv": [56, 4]},
					{"origin": [-4, 33, -2], "size": [1, 1, 1], "uv": [56, 2], "mirror": true},
					{"origin": [3, 33, -2], "size": [1, 1, 1], "uv": [56, 2]},
					{"origin": [-4, 33, -1], "size": [1, 1, 1], "uv": [56, 4], "mirror": true},
					{"origin": [3, 33, -1], "size": [1, 1, 1], "uv": [56, 4]},
					{"origin": [-4, 34, -1], "size": [1, 1, 1], "uv": [60, 0], "mirror": true},
					{"origin": [3, 34, -1], "size": [1, 1, 1], "uv": [60, 0]},
					{"origin": [-1, 33, 3], "size": [1, 1, 1], "uv": [56, 4], "mirror": true},
					{"origin": [0, 33, 3], "size": [1, 1, 1], "uv": [56, 4]},
					{"origin": [-2, 35, 3], "size": [1, 1, 1], "uv": [56, 0], "mirror": true},
					{"origin": [1, 35, 3], "size": [1, 1, 1], "uv": [56, 0]},
					{"origin": [0, 34, 3], "size": [1, 1, 1], "uv": [60, 0]},
					{"origin": [-2, 33, 3], "size": [1, 1, 1], "uv": [56, 2], "mirror": true},
					{"origin": [1, 33, 3], "size": [1, 1, 1], "uv": [56, 2]},
					{"origin": [-2, 34, 3], "size": [1, 1, 1], "uv": [56, 4], "mirror": true},
					{"origin": [1, 34, 3], "size": [1, 1, 1], "uv": [56, 4]},
					{"origin": [-2, 33, 3], "size": [1, 1, 1], "uv": [56, 2], "mirror": true},
					{"origin": [1, 33, 3], "size": [1, 1, 1], "uv": [56, 2]},
					{"origin": [-3, 33, 2], "size": [1, 1, 1], "uv": [56, 2], "mirror": true},
					{"origin": [2, 33, 2], "size": [1, 1, 1], "uv": [56, 2]},
					{"origin": [-3, 34, 2], "size": [1, 1, 1], "uv": [56, 4], "mirror": true},
					{"origin": [2, 34, 2], "size": [1, 1, 1], "uv": [56, 4]},
					{"origin": [-3, 33, 2], "size": [1, 1, 1], "uv": [56, 4], "mirror": true},
					{"origin": [-4, 33, 1], "size": [1, 1, 1], "uv": [56, 2], "mirror": true},
					{"origin": [3, 33, 1], "size": [1, 1, 1], "uv": [56, 2]},
					{"origin": [-4, 34, 1], "size": [1, 1, 1], "uv": [56, 4], "mirror": true},
					{"origin": [3, 34, 1], "size": [1, 1, 1], "uv": [56, 4]},
					{"origin": [-4, 33, 1], "size": [1, 1, 1], "uv": [56, 2], "mirror": true},
					{"origin": [3, 33, 1], "size": [1, 1, 1], "uv": [56, 2]},
					{"origin": [-4, 33, 0], "size": [1, 1, 1], "uv": [56, 4], "mirror": true},
					{"origin": [-1, 34, 3], "size": [1, 1, 1], "uv": [60, 0], "mirror": true},
					{"origin": [1, 34, -4], "size": [1, 1, 1], "uv": [56, 4]},
					{"origin": [3, 34, 0], "size": [1, 1, 1], "uv": [60, 0]},
					{"origin": [3, 33, 0], "size": [1, 1, 1], "uv": [56, 4]},
					{"origin": [-4, 35, 1], "size": [1, 1, 1], "uv": [56, 0], "mirror": true},
					{"origin": [3, 35, 1], "size": [1, 1, 1], "uv": [56, 0]},
					{"origin": [-4, 34, 0], "size": [1, 1, 1], "uv": [60, 0], "mirror": true},
					{"origin": [-4, 33, 0], "size": [1, 1, 1], "uv": [56, 4], "mirror": true},
					{"origin": [-1, 34, -4], "size": [1, 1, 1], "uv": [60, 0], "mirror": true},
					{"origin": [0, 34, -4], "size": [1, 1, 1], "uv": [60, 0]},
					{"origin": [-0.2, 35, 6], "size": [0.35, 1, 1.75], "uv": [37, 2], "inflate": 0.5},
					{"origin": [-0.5, 33, 5], "size": [1, 1, 1], "uv": [32, 0], "inflate": 0.5},
					{"origin": [-0.2, 33, 7], "size": [0.35, 1, 0.75], "uv": [38, 3], "inflate": 0.5},
					{"origin": [-0.2, 31, 7], "size": [0.35, 1, 0.75], "uv": [38, 4], "inflate": 0.5},
					{"origin": [-0.2, 29, 7], "size": [0.35, 1, 0.75], "uv": [38, 4], "inflate": 0.5},
					{"origin": [-0.2, 27, 7], "size": [0.35, 1, 0.75], "uv": [37, 3], "inflate": 0.5},
					{"origin": [-0.2, 35, 4], "size": [0.35, 1, 1], "uv": [36, 4], "inflate": 0.5},
					{"origin": [-0.5, 33, 4], "size": [1, 1, 1], "uv": [32, 0], "inflate": 0.5},
					{"origin": [-0.5, 31, 5], "size": [1, 1, 1], "uv": [36, 0], "inflate": 0.5},
					{"origin": [-0.5, 29, 5], "size": [1, 1, 1], "uv": [36, 0], "inflate": 0.5},
					{"origin": [-0.2, 35, 2], "size": [0.35, 1, 1], "uv": [36, 4], "inflate": 0.5},
					{"origin": [-0.5, 33, 2], "size": [1, 1, 1], "uv": [36, 0], "inflate": 0.5},
					{"origin": [-0.2, 35, 0], "size": [0.35, 1, 1], "uv": [37, 4], "inflate": 0.5},
					{"origin": [-0.5, 33, 0], "size": [1, 1, 1], "uv": [32, 4], "inflate": 0.5},
					{"origin": [-0.2, 35, -2], "size": [0.35, 1, 1], "uv": [36, 2], "inflate": 0.5},
					{"origin": [-0.5, 33, -3], "size": [1, 1, 1], "uv": [32, 2], "inflate": 0.5},
					{"origin": [-0.5, 33, -2], "size": [1, 1, 1], "uv": [32, 2], "inflate": 0.5}
				]
			},
			{
				"name": "hat",
				"parent": "head",
				"pivot": [0, 24, 0]
			},
			{
				"name": "rightArm",
				"parent": "body",
				"pivot": [-5, 22, 0],
				"cubes": [
					{"origin": [-8, 12, -2], "size": [4, 12, 4], "uv": [40, 16], "inflate": 0.5},
					{"origin": [-15.5, 11.59436, 0], "size": [4, 4, 0], "uv": [48, 4], "mirror": true},
					{"origin": [-12.5, 14.25, -0.40564], "size": [1, 0, 1], "uv": [48, 4], "mirror": true},
					{"origin": [-10.5, 14.25, 0.59436], "size": [1, 0, 1], "uv": [48, 4], "mirror": true},
					{"origin": [-12.5, 14.25, 0.59436], "size": [1, 0, 1], "uv": [52, 2], "mirror": true},
					{"origin": [-11.5, 14.25, 0.59436], "size": [1, 0, 1], "uv": [48, 4], "mirror": true},
					{"origin": [-9.5, 14.25, 0.59436], "size": [1, 0, 1], "uv": [52, 0], "mirror": true},
					{"origin": [-9.5, 14.25, -0.40564], "size": [1, 0, 1], "uv": [48, 4], "mirror": true},
					{"origin": [-9.5, 14.25, -1.40564], "size": [1, 0, 1], "uv": [52, 2], "mirror": true},
					{"origin": [-11.5, 14.25, -1.40564], "size": [1, 0, 1], "uv": [48, 4], "mirror": true},
					{"origin": [-10.5, 14.25, -1.40564], "size": [1, 0, 1], "uv": [48, 4], "mirror": true},
					{"origin": [-12.5, 14.25, -1.40564], "size": [1, 0, 1], "uv": [48, 3], "mirror": true}
				]
			},
			{
				"name": "rightItem",
				"parent": "rightArm",
				"pivot": [-6, 15, 1]
			},
			{
				"name": "leftArm",
				"parent": "body",
				"pivot": [5, 22, 0],
				"mirror": true,
				"cubes": [
					{"origin": [11.5, 12.59436, 0], "size": [4, 3, 0], "uv": [48, 4], "mirror": false},
					{"origin": [11.5, 14.25, -0.40564], "size": [1, 0, 1], "uv": [48, 4], "mirror": false},
					{"origin": [8.5, 14.25, -0.40564], "size": [1, 0, 1], "uv": [48, 4], "mirror": false},
					{"origin": [11.5, 14.25, 0.59436], "size": [1, 0, 1], "uv": [52, 2], "mirror": false},
					{"origin": [11.5, 14.25, -1.40564], "size": [1, 0, 1], "uv": [48, 3], "mirror": false},
					{"origin": [10.5, 14.25, 0.59436], "size": [1, 0, 1], "uv": [48, 4], "mirror": false},
					{"origin": [10.5, 14.25, -1.40564], "size": [1, 0, 1], "uv": [48, 4], "mirror": false},
					{"origin": [9.5, 14.25, 0.59436], "size": [1, 0, 1], "uv": [48, 4], "mirror": false},
					{"origin": [9.5, 14.25, -1.40564], "size": [1, 0, 1], "uv": [48, 4], "mirror": false},
					{"origin": [8.5, 14.25, -1.40564], "size": [1, 0, 1], "uv": [52, 2], "mirror": false},
					{"origin": [8.5, 14.25, 0.59436], "size": [1, 0, 1], "uv": [52, 0], "mirror": false},
					{"origin": [4, 12.01, -2], "size": [4, 12, 4], "uv": [40, 16], "inflate": 0.5}
				]
			},
			{
				"name": "rightLeg",
				"parent": "body",
				"pivot": [-1.9, 12, 0],
				"cubes": [
					{"origin": [-2.5, 4.25, 5.59436], "size": [1, 0, 1], "uv": [48, 1], "mirror": true},
					{"origin": [-2.5, 4.25, 8.59436], "size": [1, 0, 1], "uv": [48, 0], "mirror": true},
					{"origin": [-3.5, 4.25, 5.59436], "size": [1, 0, 1], "uv": [52, 2], "mirror": true},
					{"origin": [-3.5, 4.25, 6.59436], "size": [1, 0, 1], "uv": [48, 1], "mirror": true},
					{"origin": [-3.5, 4.25, 7.59436], "size": [1, 0, 1], "uv": [48, 1], "mirror": true},
					{"origin": [-3.5, 4.25, 8.59436], "size": [1, 0, 1], "uv": [52, 0], "mirror": true},
					{"origin": [-1.5, 4.25, 5.59436], "size": [1, 0, 1], "uv": [48, 2], "mirror": true},
					{"origin": [-1.5, 4.25, 6.59436], "size": [1, 0, 1], "uv": [48, 1], "mirror": true},
					{"origin": [-1.5, 4.25, 7.59436], "size": [1, 0, 1], "uv": [48, 1], "mirror": true},
					{"origin": [-1.5, 4.25, 8.59436], "size": [1, 0, 1], "uv": [52, 2], "mirror": true},
					{"origin": [-2, 2.59436, 2.5], "size": [0, 3, 4], "uv": [48, 0], "mirror": true},
					{"origin": [-3.9, 0, -2], "size": [4, 12, 4], "uv": [0, 16], "inflate": 0.4},
					{"origin": [-1, 5, -3.25], "size": [1, 1, 1], "uv": [0, 18], "mirror": true},
					{"origin": [-2, 4, -3.25], "size": [1, 1, 1], "uv": [0, 18], "mirror": true},
					{"origin": [-3, 4, -3.25], "size": [1, 1, 1], "uv": [0, 18], "mirror": true},
					{"origin": [-2, 5, -3], "size": [1, 1, 1], "uv": [40, 14], "mirror": true},
					{"origin": [-3, 5, -3], "size": [1, 1, 1], "uv": [0, 16], "mirror": true},
					{"origin": [-4, 5, -3.25], "size": [1, 1, 1], "uv": [0, 18], "mirror": true},
					{"origin": [-2, 6, -3], "size": [1, 1, 1], "uv": [0, 16], "mirror": true},
					{"origin": [-3, 6, -3], "size": [1, 1, 1], "uv": [40, 16], "mirror": true},
					{"origin": [-4, 6, -3.25], "size": [1, 1, 1], "uv": [0, 18], "mirror": true},
					{"origin": [-1, 6, -3.25], "size": [1, 1, 1], "uv": [0, 18], "mirror": true},
					{"origin": [-4, 7, -3.25], "size": [1, 1, 1], "uv": [0, 16], "mirror": true},
					{"origin": [-2, 7, -3.25], "size": [1, 1, 1], "uv": [0, 18], "mirror": true},
					{"origin": [-3, 7, -3.25], "size": [1, 1, 1], "uv": [0, 18], "mirror": true},
					{"origin": [-1, 7, -3.25], "size": [1, 1, 1], "uv": [0, 16], "mirror": true}
				]
			},
			{
				"name": "leftLeg",
				"parent": "body",
				"pivot": [1.9, 12, 0],
				"mirror": true,
				"cubes": [
					{"origin": [1.5, 4.25, 5.59436], "size": [1, 0, 1], "uv": [48, 1], "mirror": false},
					{"origin": [1.5, 4.25, 8.59436], "size": [1, 0, 1], "uv": [48, 0], "mirror": false},
					{"origin": [2.5, 4.25, 5.59436], "size": [1, 0, 1], "uv": [52, 2], "mirror": false},
					{"origin": [2.5, 4.25, 6.59436], "size": [1, 0, 1], "uv": [48, 1], "mirror": false},
					{"origin": [2.5, 4.25, 7.59436], "size": [1, 0, 1], "uv": [48, 1], "mirror": false},
					{"origin": [2.5, 4.25, 8.59436], "size": [1, 0, 1], "uv": [52, 0], "mirror": false},
					{"origin": [0.5, 4.25, 5.59436], "size": [1, 0, 1], "uv": [48, 2], "mirror": false},
					{"origin": [0.5, 4.25, 6.59436], "size": [1, 0, 1], "uv": [48, 1], "mirror": false},
					{"origin": [0.5, 4.25, 7.59436], "size": [1, 0, 1], "uv": [48, 1], "mirror": false},
					{"origin": [0.5, 4.25, 8.59436], "size": [1, 0, 1], "uv": [52, 2], "mirror": false},
					{"origin": [2, 2.59436, 2.5], "size": [0, 3, 4], "uv": [48, 0], "mirror": false},
					{"origin": [-0.1, 0, -2], "size": [4, 12, 4], "uv": [0, 16], "inflate": 0.4},
					{"origin": [0, 5, -3.25], "size": [1, 1, 1], "uv": [0, 18], "mirror": false},
					{"origin": [1, 4, -3.25], "size": [1, 1, 1], "uv": [0, 18], "mirror": false},
					{"origin": [2, 4, -3.25], "size": [1, 1, 1], "uv": [0, 18], "mirror": false},
					{"origin": [1, 5, -3], "size": [1, 1, 1], "uv": [40, 14], "mirror": false},
					{"origin": [2, 5, -3], "size": [1, 1, 1], "uv": [0, 16], "mirror": false},
					{"origin": [3, 5, -3.25], "size": [1, 1, 1], "uv": [0, 18], "mirror": false},
					{"origin": [1, 6, -3], "size": [1, 1, 1], "uv": [0, 16], "mirror": false},
					{"origin": [2, 6, -3], "size": [1, 1, 1], "uv": [40, 16], "mirror": false},
					{"origin": [3, 6, -3.25], "size": [1, 1, 1], "uv": [0, 18], "mirror": false},
					{"origin": [0, 6, -3.25], "size": [1, 1, 1], "uv": [0, 18], "mirror": false},
					{"origin": [3, 7, -3.25], "size": [1, 1, 1], "uv": [0, 16], "mirror": false},
					{"origin": [1, 7, -3.25], "size": [1, 1, 1], "uv": [0, 18], "mirror": false},
					{"origin": [2, 7, -3.25], "size": [1, 1, 1], "uv": [0, 18], "mirror": false},
					{"origin": [0, 7, -3.25], "size": [1, 1, 1], "uv": [0, 16], "mirror": false}
				]
			}
		]
	},
	"geometry.player.armor1:geometry.player.armor.base": {
		"bones": [
			{
				"name": "head",
				"inflate": 0
			},
			{
				"name": "hat",
				"inflate": 1.5,
				"neverRender": false
			},
			{
				"name": "body",
				"inflate": 0
			},
			{
				"name": "rightArm",
				"inflate": 0
			},
			{
				"name": "leftArm",
				"inflate": 0
			},
			{
				"name": "rightLeg",
				"inflate": 0
			},
			{
				"name": "leftLeg",
				"inflate": 0
			}
		]
	},
	"geometry.player.armor.helmet:geometry.player.armor1": {
		"bones": [
			{
				"name": "body",
				"reset": true
			},
			{
				"name": "rightArm",
				"reset": true
			},
			{
				"name": "leftArm",
				"reset": true
			},
			{
				"name": "rightLeg",
				"reset": true
			},
			{
				"name": "leftLeg",
				"reset": true
			}
		]
	},
	"geometry.player.armor.chestplate:geometry.player.armor1": {
		"bones": [
			{
				"name": "head",
				"reset": true
			},
			{
				"name": "hat",
				"reset": true
			},
			{
				"name": "rightLeg",
				"reset": true
			},
			{
				"name": "leftLeg",
				"reset": true
			}
		]
	},
	"geometry.player.armor.boots:geometry.player.armor1": {
		"bones": [
			{
				"name": "head",
				"reset": true
			},
			{
				"name": "hat",
				"reset": true
			},
			{
				"name": "body",
				"reset": true
			},
			{
				"name": "rightArm",
				"reset": true
			},
			{
				"name": "leftArm",
				"reset": true
			}
		]
	},
	"geometry.player.armor2:geometry.player.armor.base": {
		"bones": [
			{
				"name": "head",
				"inflate": 0
			},
			{
				"name": "body",
				"inflate": 0.5
			},
			{
				"name": "rightArm",
				"inflate": 0.5
			},
			{
				"name": "leftArm",
				"inflate": 0.5
			},
			{
				"name": "rightLeg",
				"inflate": 0
			},
			{
				"name": "leftLeg",
				"inflate": 0
			}
		]
	},
	"geometry.player.armor.leggings:geometry.player.armor2": {
		"bones": [
			{
				"name": "head",
				"reset": true
			},
			{
				"name": "hat",
				"reset": true
			},
			{
				"name": "rightArm",
				"reset": true
			},
			{
				"name": "leftArm",
				"reset": true
			}
		]
	}
}