{"f_setting":{"controls":[{"1@q_setting.q_toggle_base":{"$button_label_offset":[3,0],"$button_text":"   First","$checked_control":"common_toggles.toggle_unchecked","$q_size":[15,15],"$toggle_name":"#thirdperson_radio_first","size":["100%",30]}},{"2@q_setting.q_toggle_base":{"$button_label_offset":[3,0],"$button_text":"   Back","$checked_control":"common_toggles.toggle_unchecked","$q_size":[15,15],"$toggle_name":"#thirdperson_radio_third_back","size":["100%",30]}},{"3@q_setting.q_toggle_base":{"$button_label_offset":[3,0],"$button_text":"   Front","$checked_control":"common_toggles.toggle_unchecked","$q_size":[15,15],"$toggle_name":"#thirdperson_radio_third_front","size":["100%",30]}}],"orientation":"horizontal","size":["33.5%",32],"type":"stack_panel"},"namespace":"q_setting","q_button_control":{"$button_label_offset|default":[40,0],"$glyph_anchor_from|default":"left_middle","$glyph_anchor_to|default":"left_middle","$glyph_offset|default":[5,0],"controls":[{"tab_button_text":{"anchor_from":"left_middle","anchor_to":"left_middle","color":"$text_color","layer":3,"text":"$button_text","type":"label"}}],"layer":2,"type":"panel"},"q_toggle_base@common_toggles.light_ui_toggle":{"$button_size_override":["100%","100% + 1px"],"$button_type_panel":"q_setting.q_button_control","$default_border_visible":false,"$radio_toggle_group":true,"$toggle_group_default_selected":"$default_selector_toggle_index","$toggle_name":"navigation_tab","$toggle_on_hover_binding_name":"#toggle_on_hover","$toggle_on_hover_binding_type":"global","$toggle_tab_focus_binding_name":"#navigation_tab_focus_precedence","$toggle_tab_focus_binding_type":"global","$toggle_tts_name":"accessibility.tab.tts.title","$toggle_tts_toggle_off_text":"accessibility.state.unselected","$toggle_tts_toggle_on_text":"accessibility.state.selected","anchor_from":"top_left","anchor_to":"top_left","size":["100%","30px"]}}