{
    "format_version": "1.8.0",
    "animations": {
        "animation.player.helmet": {
            "loop": true,
            "bones": {
                "helmet": {
                    "rotation": [
                        0,
                        0,
                        0
                    ],
                    "position": [
                        40,
                        200,
                        20
                    ],
                    "scale": 1
                }
            }
        },
        "animation.player.chestplate": {
            "loop": true,
            "bones": {
                "chest": {
                    "rotation": [
                        0,
                        0,
                        0
                    ],
                    "position": [
                        40,
                        200,
                        0
                    ],
                    "scale": 1
                }
            }
        },
        "animation.player.leggings": {
            "loop": true,
            "bones": {
                "legs": {
                    "rotation": [
                        0,
                        0,
                        0
                    ],
                    "position": [
                        40,
                        200,
                        20
                    ],
                    "scale": 1
                }
            }
        },
        "animation.player.boots": {
            "loop": true,
            "bones": {
                "feet": {
                    "rotation": [
                        0,
                        0,
                        0
                    ],
                    "position": [
                        40,
                        200,
                        20
                    ],
                    "scale": 1
                }
            }
        }
    }
}