{
    "format_version": "1.8.0",
    "animations": {
        "animation.player.freelook1": {
            "loop": true,
            "bones": {
                "head": {
                    "rotation": [
                        "variable.freelook2",
                        "variable.freelook",
                        0.0
                    ]
                },
                "root": {
                    "rotation": [
                        0,
                        "-query.body_y_rotation + variable.freelook3",
                        0.0
                    ]
                }
            }
        },
        "animation.player.freelook2": {
            "loop": true,
            "bones": {
                "root": {
                    "rotation": [
                        0,
                        0,
                        0.0
                    ]
                },
                "rightitem": {
                    "rotation": [
                        0.0,
                        0,
                        0.0
                    ]
                }
            }
        }
    }
}