{"namespace":"settings_common","options_dropdown_toggle_control@common_toggles.light_template_toggle":{"$button_type_panel|default":"settings_common.default_options_dropdown_toggle_button_state_content","$default_texture":"textures/ui/v_better_gui","$hover_texture":"textures/ui/v_better_gui_hover","$locked_texture":"textures/ui/v_better_gui_hover","$pressed_no_hover_texture":"textures/ui/v_better_gui_hover","$pressed_texture":"textures/ui/v_better_gui_hover","$toggle_binding_type|default":"global","$toggle_enabled_binding_name|default":"$option_enabled_binding_name","$toggle_enabled_binding_type|default":"global","enabled":"$enabled","size":["100%","100%"],"variables":[{"$toggle_enabled_binding_name":"#not_data_bound","$toggle_enabled_binding_type":"none","requires":"(not $option_enabled_binding_name or not $enabled)"}]},"section_toggle_base@common_toggles.light_ui_toggle":{"$button_size_override":["100%","100% + 1px"],"$button_type_panel":"settings_common.toggle_button_control","$default_border_visible":false,"$default_texture":"textures/ui/v_better_gui","$hover_texture":"textures/ui/v_better_gui_hover","$locked_texture":"textures/ui/v_better_gui_hover","$pressed_no_hover_texture":"textures/ui/v_better_gui_hover","$pressed_texture":"textures/ui/v_better_gui_hover","$radio_toggle_group":true,"$toggle_group_default_selected":365,"$toggle_name":"navigation_tab","$toggle_on_hover_binding_name":"#toggle_on_hover","$toggle_on_hover_binding_type":"global","$toggle_tab_focus_binding_name":"#navigation_tab_focus_precedence","$toggle_tab_focus_binding_type":"global","anchor_from":"top_left","anchor_to":"top_left","size":["100%","30px"]}}