{"barrel_panel@chest.small_chest_panel":{},"barrel_screen@chest.small_chest_screen":{"$close_on_player_hurt":true,"variables":[{"$screen_bg_content":"common.screen_background","$screen_content":"chest.barrel_panel","requires":"$desktop_screen"},{"$screen_content":"pocket_containers.barrel_panel","requires":"$pocket_screen"}]},"chest_grid_item@common.container_item":{"$item_collection_name":"container_items"},"chest_label":{"anchor_from":"top_left","anchor_to":"top_left","color":"$title_text_color","layer":2,"offset":[7,-1],"size":["90%","default"],"text":"$container_title","type":"label"},"ender_chest_panel@chest.small_chest_panel":{},"ender_chest_screen@common.inventory_screen_common":{"$close_on_player_hurt|default":true,"close_on_player_hurt":"$close_on_player_hurt","variables":[{"$screen_bg_content":"common.screen_background","$screen_content":"chest.ender_chest_panel","requires":"$desktop_screen"},{"$screen_content":"pocket_containers.ender_chest_panel","requires":"$pocket_screen"}]},"large_chest_grid":{"anchor_from":"top_left","anchor_to":"top_left","collection_name":"container_items","grid_dimensions":[9,6],"grid_item_template":"chest.chest_grid_item","size":[162,108],"type":"grid"},"large_chest_panel":{"controls":[{"container_gamepad_helpers@common.container_gamepad_helpers":{}},{"flying_item_renderer@common.flying_item_renderer":{"layer":11}},{"selected_item_details_factory@common.selected_item_details_factory":{"control_name":"@chest.selected_item_details"}},{"item_lock_notification_factory@common.item_lock_notification_factory":{"control_name":"@common.item_lock_notification"}},{"root_panel@common.root_panel":{"controls":[{"common_panel@common.common_panel":{}},{"chest_panel":{"controls":[{"large_chest_panel_top_half@chest.large_chest_panel_top_half":{}},{"inventory_panel_bottom_half_with_label@common.inventory_panel_bottom_half_with_label":{}},{"hotbar_grid@common.hotbar_grid_template":{}},{"inventory_take_progress_icon_button@common.inventory_take_progress_icon_button":{}}],"layer":5,"type":"panel"}},{"inventory_selected_icon_button@common.inventory_selected_icon_button":{}},{"gamepad_cursor@common.gamepad_cursor_button":{}}],"layer":1,"size":[176,220]}},{"Border2":{"anchor_from":"center","anchor_to":"center","layer":-1,"offset":[-28,0],"size":[212,75],"texture":"textures/ui/effect_background","type":"image"}},{"icontt":{"anchor_from":"bottom_right","anchor_to":"bottom_right","layer":-1,"offset":[0,0],"size":[30,30],"texture":"pack_icon","type":"image"}},{"player_r":{"anchor_from":"center","anchor_to":"center","controls":[{"hud_player":{"layer":1,"renderer":"live_player_renderer","type":"custom"}}],"offset":[-108,-10],"size":[25,25],"type":"panel"}},{"player_position_text":{"anchor_from":"top_left","anchor_to":"top_left","bindings":[{"binding_condition":"always_when_visible","binding_name":"#player_position_text","binding_name_override":"#text","binding_type":"global"}],"color":"orange","enable_profanity_filter":false,"font_type":"smooth","layer":1,"shadow":true,"text":"#text","type":"label"}},{"heart_renderer@hud.heart_renderer":{"anchor_from":"bottom_middle","anchor_to":"bottom_middle","offset":[0,-15]}},{"hunger_renderer@hud.hunger_renderer":{"anchor_from":"bottom_middle","anchor_to":"bottom_middle","offset":[0,-15]}}],"type":"panel"},"large_chest_panel_top_half":{"anchor_from":"top_left","anchor_to":"top_left","controls":[{"chest_label@chest.chest_label":{}},{"large_chest_grid@chest.large_chest_grid":{"offset":[7,10]}}],"offset":[0,11],"size":["100%",132],"type":"panel"},"large_chest_screen@common.inventory_screen_common":{"$close_on_player_hurt|default":true,"close_on_player_hurt":"$close_on_player_hurt","variables":[{"$screen_bg_content":"background.BG3","$screen_content":"chest.large_chest_panel","requires":"$desktop_screen"},{"$screen_content":"pocket_containers.large_chest_panel","requires":"$pocket_screen"}]},"namespace":"chest","selected_item_details@common.selected_item_details":{"offset":[0,0]},"shulker_box_panel@chest.small_chest_panel":{},"shulker_box_screen@chest.small_chest_screen":{"$close_on_player_hurt":true,"variables":[{"$screen_bg_content":"common.screen_background","$screen_content":"chest.shulker_box_panel","requires":"$desktop_screen"},{"$screen_content":"pocket_containers.shulker_box_panel","requires":"$pocket_screen"}]},"small_chest_grid":{"anchor_from":"top_left","anchor_to":"top_left","collection_name":"container_items","grid_dimensions":[9,3],"grid_item_template":"chest.chest_grid_item","size":[162,54],"type":"grid"},"small_chest_panel":{"controls":[{"container_gamepad_helpers@common.container_gamepad_helpers":{}},{"flying_item_renderer@common.flying_item_renderer":{"layer":14}},{"selected_item_details_factory@common.selected_item_details_factory":{}},{"item_lock_notification_factory@common.item_lock_notification_factory":{}},{"root_panel@common.root_panel":{"controls":[{"common_panel@common.common_panel":{}},{"chest_panel":{"controls":[{"small_chest_panel_top_half@chest.small_chest_panel_top_half":{}},{"inventory_panel_bottom_half_with_label@common.inventory_panel_bottom_half_with_label":{}},{"hotbar_grid@common.hotbar_grid_template":{}},{"inventory_take_progress_icon_button@common.inventory_take_progress_icon_button":{}}],"layer":5,"type":"panel"}},{"inventory_selected_icon_button@common.inventory_selected_icon_button":{}},{"gamepad_cursor@common.gamepad_cursor_button":{}}],"layer":1}},{"heart_renderer@hud.heart_renderer":{"anchor_from":"bottom_middle","anchor_to":"bottom_middle","offset":[0,-15]}},{"hunger_renderer@hud.hunger_renderer":{"anchor_from":"bottom_middle","anchor_to":"bottom_middle","offset":[0,-15]}},{"Border":{"anchor_from":"bottom_middle","anchor_to":"bottom_middle","layer":-1,"offset":[0,0],"size":[172,22],"texture":"textures/ui/effect_background","type":"image"}},{"Border2":{"anchor_from":"center","anchor_to":"center","layer":-1,"offset":[-28,0],"size":[212,75],"texture":"textures/ui/effect_background","type":"image"}},{"icontt":{"anchor_from":"bottom_right","anchor_to":"bottom_right","layer":-1,"offset":[0,0],"size":[30,30],"texture":"pack_icon","type":"image"}},{"player_r":{"anchor_from":"center","anchor_to":"center","controls":[{"hud_player":{"layer":1,"renderer":"live_player_renderer","type":"custom"}}],"offset":[-108,-10],"size":[25,25],"type":"panel"}},{"player_position_text":{"anchor_from":"top_left","anchor_to":"top_left","bindings":[{"binding_condition":"always_when_visible","binding_name":"#player_position_text","binding_name_override":"#text","binding_type":"global"}],"color":"orange","enable_profanity_filter":false,"font_type":"smooth","layer":1,"shadow":true,"text":"#text","type":"label"}}],"type":"panel"},"small_chest_panel_top_half":{"anchor_from":"top_left","anchor_to":"top_left","controls":[{"chest_label@chest.chest_label":{}},{"small_chest_grid@chest.small_chest_grid":{"offset":[7,9]}}],"offset":[0,12],"size":["100%","50%"],"type":"panel"},"small_chest_screen@common.inventory_screen_common":{"$close_on_player_hurt|default":true,"close_on_player_hurt":"$close_on_player_hurt","variables":[{"$screen_bg_content":"background.BG3","$screen_content":"chest.small_chest_panel","requires":"$desktop_screen"},{"$screen_content":"pocket_containers.small_chest_panel","requires":"$pocket_screen"}]}}