{"anim_actionbar_text_alpha_out":{"anim_type":"alpha","destroy_at_end":"hud_actionbar_text","duration":3,"easing":"in_expo","from":1,"to":0},"anim_actionbar_text_background_alpha_out":{"anim_type":"alpha","destroy_at_end":"hud_actionbar_text","duration":3,"easing":"in_expo","from":0.6,"to":0},"anim_item_name_background_alpha_in":{"anim_type":"alpha","duration":0,"from":0,"next":"@hud.anim_item_name_background_alpha_stay","to":0.6},"anim_item_name_background_alpha_out":{"anim_type":"alpha","duration":2,"easing":"in_expo","from":0.6,"to":0},"anim_item_name_background_alpha_stay":{"anim_type":"wait","duration":"$wait_duration","next":"@hud.anim_item_name_background_alpha_out"},"anim_item_name_text_alpha_in":{"anim_type":"alpha","duration":0,"from":0,"next":"@hud.anim_item_name_text_alpha_stay","to":1},"anim_item_name_text_alpha_out":{"anim_type":"alpha","destroy_at_end":"$destroy_id","duration":2,"easing":"in_expo","from":1,"to":0},"anim_item_name_text_alpha_stay":{"anim_type":"wait","duration":"$wait_duration","next":"@hud.anim_item_name_text_alpha_out"},"anim_subtitle_background_alpha_in":{"anim_type":"alpha","duration":"$title_fade_in_time","easing":"linear","from":0,"next":"@hud.anim_subtitle_background_alpha_stay","play_event":"anim_subtitle_text_alpha_in_play_event","to":"$title_alpha"},"anim_subtitle_background_alpha_out":{"anim_type":"alpha","duration":"$title_fade_out_time","easing":"linear","end_event":"hud_subtitle_text_complete","from":"$title_alpha","to":0},"anim_subtitle_background_alpha_stay":{"anim_type":"wait","duration":"$title_stay_time","next":"@hud.anim_subtitle_background_alpha_out"},"anim_subtitle_text_alpha_in":{"anim_type":"alpha","duration":"$title_fade_in_time","easing":"linear","from":0,"next":"@hud.anim_subtitle_text_alpha_stay","play_event":"anim_subtitle_text_alpha_in_play_event","to":1},"anim_subtitle_text_alpha_out":{"anim_type":"alpha","duration":"$title_fade_out_time","easing":"linear","end_event":"hud_subtitle_text_complete","from":1,"to":0},"anim_subtitle_text_alpha_stay":{"anim_type":"wait","duration":"$title_stay_time","next":"@hud.anim_subtitle_text_alpha_out"},"anim_title_background_alpha_in":{"anim_type":"alpha","duration":"$title_fade_in_time","easing":"linear","from":0,"next":"@hud.anim_title_background_alpha_stay","to":"$title_alpha"},"anim_title_background_alpha_out":{"anim_type":"alpha","destroy_at_end":"hud_title_text","duration":"$title_fade_out_time","easing":"linear","end_event":"hud_title_text_complete","from":"$title_alpha","to":0},"anim_title_background_alpha_stay":{"anim_type":"wait","duration":"$title_stay_time","next":"@hud.anim_title_background_alpha_out"},"anim_title_text_alpha_in":{"anim_type":"alpha","duration":"$title_fade_in_time","easing":"linear","from":0,"next":"@hud.anim_title_text_alpha_stay","to":1},"anim_title_text_alpha_out":{"anim_type":"alpha","destroy_at_end":"hud_title_text","duration":"$title_fade_out_time","easing":"linear","end_event":"hud_title_text_complete","from":1,"to":0},"anim_title_text_alpha_stay":{"anim_type":"wait","duration":"$title_stay_time","next":"@hud.anim_title_text_alpha_out"},"auto_save":{"anchor_from":"top_right","anchor_to":"top_right","bindings":[{"binding_name":"#auto_save_animation_visible","binding_name_override":"#visible"}],"disable_anim_fast_forward":true,"layer":31,"offset":[-15,15],"size":[18,30],"texture":"textures/ui/auto_save","type":"image","uv":"@auto_save_animation","uv_size":[18,30]},"auto_save_animation":{"anim_type":"flip_book","easing":"linear","fps":10,"frame_count":9,"frame_step":18,"initial_uv":[0,0],"reversible":true},"base_icon_image":{"controls":[{"icon":{"bindings":[{"binding_collection_name":"$tooltip_collection_name","binding_name":"#gamepad_button_icon","binding_name_override":"#texture","binding_type":"collection"}],"size":[26,26],"type":"image"}},{"postfix_label_wrapper":{"controls":[{"label":{"bindings":[{"binding_collection_name":"$tooltip_collection_name","binding_name":"#gamepad_postfix_text","binding_type":"collection"}],"color":"$gamepad_description_text_color","font_type":"smooth","text":"#gamepad_postfix_text","type":"label"}}],"min_size":[9,"100%sm"],"size":["100%c","100%sm"],"type":"panel"}}],"orientation":"horizontal","size":["100%c","100%cm"],"type":"stack_panel"},"base_keyboard_icon":{"controls":[{"icon":{"controls":[{"key_backing":{"bindings":[{"binding_collection_name":"$tooltip_collection_name","binding_name":"(not #is_mouse_button)","binding_name_override":"#visible","binding_type":"collection"}],"controls":[{"key_label":{"anchor_from":"top_middle","anchor_to":"top_middle","bindings":[{"binding_collection_name":"$tooltip_collection_name","binding_name":"#keyboard_key_text","binding_type":"collection"}],"color":"$0_color_format","font_type":"smooth","layer":1,"offset":[0,1],"text":"#keyboard_key_text","type":"label"}}],"min_size":[17,"100%"],"size":["100%cm + 10px","100%"],"texture":"textures/ui/keyboard_tooltip_background","type":"image"}},{"mouse_buttons":{"bindings":[{"binding_collection_name":"$tooltip_collection_name","binding_name":"#keyboard_key_text","binding_type":"collection"},{"binding_type":"view","resolve_sibling_scope":true,"source_control_name":"key_backing","source_property_name":"#visible","target_property_name":"#visible"}],"color":"$dark_body_text_color","layer":1,"text":"#keyboard_key_text","type":"label"}}],"min_size":[17,17],"size":["100%cm",17],"type":"panel"}}],"size":["100%c + 2px","100%c + 2px"],"type":"panel"},"borderless_button@common.button":{"controls":[{"default@default_borderless_button_layout":{}},{"hover@hover_borderless_button_layout":{}},{"pressed@pressed_borderless_button_layout":{}},{"elipses@elipses_image":{}}]},"boss_health_grid":{"anchor_from":"top_middle","anchor_to":"top_middle","collection_name":"boss_bars","grid_dimension_binding":"#boss_grid_dimension","grid_fill_direction":"vertical","grid_item_template":"hud.boss_health_panel","size":[182,"30%"],"type":"grid"},"boss_health_panel":{"$progress_bar_collection":"boss_bars","anchor_from":"top_middle","anchor_to":"top_middle","bindings":[{"binding_collection_name":"boss_bars","binding_name":"#bar_visible","binding_name_override":"#visible","binding_type":"collection"}],"controls":[{"boss_name@boss_name_panel":{}},{"progress_bar_for_collections@common.progress_bar_for_collections":{"offset":[0,10]}}],"size":[182,20],"type":"panel"},"boss_name_panel":{"anchor_from":"top_middle","anchor_to":"top_middle","controls":[{"boss_name":{"anchor_from":"top_middle","anchor_to":"top_middle","bindings":[{"binding_collection_name":"boss_bars","binding_name":"#bossName","binding_type":"collection"}],"color":"$boss_name_text_color","shadow":true,"text":"#bossName","type":"label"}}],"size":["100%","100%c"],"type":"panel"},"bound_button_label@button_label":{"bindings":[{"binding_name":"$label_bind_name","binding_type":"global"}],"text":"$label_bind_name"},"bubbles_renderer":{"layer":1,"renderer":"bubbles_renderer","size":[1,1],"type":"custom"},"camera_renderer":{"layer":1,"renderer":"camera_renderer","type":"custom"},"centered_gui_elements":{"bindings":[{"binding_name":"#hud_visible_centered_gui_elements","binding_name_override":"#visible","binding_type":"global"}],"controls":[{"hud_player_rend_desktop@hud_player_renderer":{"anchor_from":"top_left","anchor_to":"top_left","offset":"$hud_player_rend_desktop_offset"}}],"type":"panel"},"centered_gui_elements_at_bottom_middle":{"anchor_from":"bottom_middle","anchor_to":"bottom_middle","bindings":[{"binding_name":"#hud_visible_centered","binding_name_override":"#visible","binding_type":"global"}],"controls":[{"heart_rend@heart_renderer":{"anchor_from":"bottom_left","anchor_to":"bottom_left","offset":[-1,-40]}},{"horse_heart_rend_0@horse_heart_renderer":{"anchor_from":"bottom_left","anchor_to":"bottom_left","bindings":[{"binding_name":"#is_creative_mode","binding_name_override":"#visible"}],"offset":[180,-56]}},{"horse_heart_rend_1@horse_heart_renderer":{"anchor_from":"bottom_left","anchor_to":"bottom_left","bindings":[{"binding_name":"#is_not_creative_mode","binding_name_override":"#visible"}],"offset":[180,-50]}},{"armor_rend@armor_renderer":{"anchor_from":"bottom_left","anchor_to":"bottom_left","offset":[-1,-40]}},{"hunger_rend@hunger_renderer":{"anchor_from":"bottom_left","anchor_to":"bottom_left","offset":[180,-40]}},{"bubbles_rend_0@bubbles_renderer":{"anchor_from":"bottom_left","anchor_to":"bottom_left","bindings":[{"binding_name":"#is_not_riding","binding_name_override":"#visible"}],"offset":[180,-50]}},{"bubbles_rend_1@bubbles_renderer":{"anchor_from":"bottom_left","anchor_to":"bottom_left","bindings":[{"binding_name":"#is_riding","binding_name_override":"#visible"}],"offset":[180,-70]}},{"horse_jump_rend@horse_jump_renderer":{"anchor_from":"bottom_middle","anchor_to":"bottom_middle","bindings":[{"binding_name":"#is_riding","binding_name_override":"#visible"}],"layer":7,"offset":[0,-30]}},{"exp_rend@exp_progress_bar_and_hotbar":{}}],"size":[180,50],"type":"panel"},"chat_grid_item":{"anchor_from":"top_left","anchor_to":"top_left","controls":[{"chat_background":{"alpha":0.7,"anims":["@hud.anim_chat_bg_wait"],"controls":[{"chat_text@chat_label":{"anchor_from":"top_left","anchor_to":"top_left","offset":[2,0]}}],"size":["100%","100%c"],"texture":"textures/ui/Black","type":"image"}}],"layer":1,"size":["95%-2px","95%c"],"type":"panel"},"chat_label":{"bindings":[{"binding_collection_name":"chat_text_grid","binding_condition":"once","binding_name":"#chat_text","binding_name_override":"#text","binding_type":"collection"}],"color":"$chat_text_color","font_scale_factor":"$chat_font_scale_factor","font_type":"smooth","layer":25,"line_padding":"$chat_line_spacing","localize":false,"shadow":true,"size":["95%","default"],"text":"#text","type":"label"},"chat_panel":{"anchor_from":"top_left","anchor_to":"top_left","controls":[{"stack_panel":{"anchor_from":"bottom_left","anchor_to":"bottom_left","factory":{"control_ids":{"chat_item":"chat_item@hud.chat_grid_item"},"max_children_size":42,"name":"chat_item_factory"},"type":"stack_panel"}}],"max_size":["95%","45%"],"offset":[0,15],"size":["95%","95%c"],"type":"panel"},"client_content_pnl":{"controls":[{"hide_button@common.button":{"$pressed_button_name":"button.hide_gui_all","anchor_from":"top_left","anchor_to":"top_left","size":[18,18]}},{"icon":{"anchor_from":"top_left","anchor_to":"top_left","bindings":[{"binding_name":"#hud_visible","binding_name_override":"#visible","binding_type":"global"},{"binding_name":"#hud_alpha","binding_name_override":"#alpha","binding_type":"global"},{"binding_name":"#hud_propagate_alpha","binding_name_override":"#propagateAlpha","binding_type":"global"}],"layer":3,"size":[18,18],"texture":"textures/ui/hdbt","type":"image","uv":[0,0],"uv_size":[0,0]}},{"player_position_text":{"anchor_from":"top_left","anchor_to":"top_left","bindings":[{"binding_condition":"always_when_visible","binding_name":"#player_position_text","binding_name_override":"#text","binding_type":"global"}],"color":"green","font_type":"smooth","layer":1,"offset":[0,75],"shadow":true,"text":"#text","type":"label"}}],"size":["100%","100%"],"type":"panel"},"container_item_lock_overlay@common.container_item_lock_overlay":{"$item_collection_name":"$hotbar_collection_name"},"cooldown_renderer":{"bindings":[{"binding_collection_name":"$hotbar_collection_name","binding_type":"collection_details"}],"layer":1,"renderer":"hotbar_cooldown_renderer","size":[20,22],"type":"custom"},"cursor_renderer":{"layer":4,"renderer":"cursor_renderer","size":[16,16],"type":"custom"},"default_borderless_button_layout":{"alpha":0.45,"texture":"textures/ui/button_borderless_light","type":"image"},"edu_hotbar_grid":{"bindings":[{"binding_name":"#hotbar_grid_dimensions","binding_type":"global"}],"collection_name":"$hotbar_collection_name","grid_dimension_binding":"#hotbar_grid_dimensions","grid_item_template":"hud.gui_hotbar_grid_item","type":"grid"},"elipses_image":{"alpha":0.65,"anchor_from":"center","anchor_to":"center","layer":30,"size":[13,4],"texture":"textures/ui/elipses","type":"image"},"empty_progress_bar":{"texture":"textures/ui/experiencebarempty","type":"image"},"end_cap_image@start_cap_image":{"texture":"textures/ui/hotbar_end_cap"},"exp_progress_bar_and_hotbar":{"anchor_from":"bottom_middle","anchor_to":"bottom_middle","controls":[{"resizing_xp_bar_with_hotbar":{"bindings":[{"binding_name":"#is_not_creative_mode","binding_name_override":"#visible"}],"controls":[{"empty_progress_bar@empty_progress_bar":{"controls":[{"full_progress_bar@full_progress_bar":{"controls":[{"progress_bar_nub@progress_bar_nub":{"controls":[{"hotbar@hotbar_chooser":{"offset":[4,16]}}],"layer":3,"max_size":[172,5],"size":["100%c - 10px",5]}}],"layer":2,"size":["100%c + 10px",5]}}],"layer":1,"size":["100%c",5]}},{"progress_text_label@progress_text_label":{"layer":7,"offset":[0,0]}}],"size":["100%c",5],"type":"panel"}},{"hotbar@hotbar_chooser":{"bindings":[{"binding_name":"#is_creative_mode","binding_name_override":"#visible"}],"offset":[4,16]}},{"item_text_factory":{"control_ids":{"item_text":"@hud.item_name_text","jukebox_text":"@hud.jukebox_popup_text"},"size":[100,10],"type":"factory"}}],"offset":"$xp_control_offset","size":["100%c",31],"type":"panel"},"exp_progress_bar_and_hotbar":{"anchor_from":"bottom_middle","anchor_to":"bottom_middle","controls":[{"resizing_xp_bar_with_hotbar":{"bindings":[{"binding_name":"#is_not_creative_mode","binding_name_override":"#visible"}],"controls":[{"empty_progress_bar@empty_progress_bar":{"controls":[{"full_progress_bar@full_progress_bar":{"controls":[{"progress_bar_nub@progress_bar_nub":{"controls":[{"hotbar@hotbar_chooser":{"offset":[4,16]}}],"layer":3,"max_size":[172,5],"size":["100%c - 10px",5]}}],"layer":2,"size":["100%c + 10px",5]}}],"layer":1,"size":["100%c",5]}},{"progress_text_label@progress_text_label":{"layer":7,"offset":[0,0]}}],"size":["100%c",5],"type":"panel"}},{"hotbar@hotbar_chooser":{"bindings":[{"binding_name":"#is_creative_mode","binding_name_override":"#visible"}],"offset":[4,16]}},{"item_text_factory":{"control_ids":{"item_text":"@hud.item_name_text","jukebox_text":"@hud.jukebox_popup_text"},"size":[100,10],"type":"factory"}}],"offset":"$xp_control_offset","size":["100%c",31],"type":"panel"},"full_progress_bar":{"bindings":[{"binding_name":"#exp_progress","binding_name_override":"#clip_ratio","binding_type":"global"}],"clip_direction":"left","clip_pixelperfect":false,"texture":"textures/ui/experiencebarfull","type":"image"},"gui_hotbar_grid_item":{"$durability_bar_required|default":true,"$stack_count_required|default":true,"anchor_from":"top_left","anchor_to":"top_left","controls":[{"hotbar_slot_selected_image@hotbar_slot_selected_image":{}},{"hotbar_renderer@hotbar_renderer":{}},{"hotbar_parent":{"controls":[{"item_icon@hotbar_hud_item_icon":{"layer":3,"size":[16,16]}},{"item_count@common.stack_count_label":{"$item_collection_name":"$hotbar_collection_name","$stack_count_collection_name":"$hotbar_collection_name","bindings":[{"binding_collection_name":"$stack_count_collection_name","binding_name":"#inventory_stack_count","binding_type":"collection"},{"binding_collection_name":"$stack_count_collection_name","binding_name":"#stack_count_visible","binding_name_override":"#visible","binding_type":"collection"}],"layer":4}},{"item_dura@item_durability":{"layer":5}},{"container_item_lock_overlay@hud.container_item_lock_overlay":{"layer":6,"size":[16,16]}}],"size":[18,18],"type":"panel"}},{"cooldown_renderer@cooldown_renderer":{"layer":10}},{"hotbar_slot_button@gui_hotbar_slot_button_prototype":{}}],"layer":1,"size":[20,22],"type":"panel"},"gui_hotbar_slot_button_prototype":{"$focus_id|default":"","$focus_override_down|default":"","$focus_override_left|default":"","$focus_override_right|default":"","$focus_override_up|default":"","$hotbar_select|default":"button.hotbar_select","bindings":[{"binding_collection_name":"$hotbar_collection_name","binding_type":"collection_details"}],"button_mappings":[{"button_up_right_of_first_refusal":true,"from_button_id":"button.menu_select","mapping_type":"pressed","to_button_id":"$hotbar_select"},{"from_button_id":"button.menu_ok","mapping_type":"focused","to_button_id":"button.hotbar_ok"},{"mapping_type":"pressed","to_button_id":"button.slot_pressed"}],"controls":[{"hud_item_game_tip@game_tip.hud_item_game_tip":{"bindings":[{"binding_collection_name":"$hotbar_collection_name","binding_name":"#game_tip_visible","binding_name_override":"#visible","binding_type":"collection"}]}}],"focus_change_down":"$focus_override_down","focus_change_left":"$focus_override_left","focus_change_right":"$focus_override_right","focus_change_up":"$focus_override_up","focus_enabled":true,"focus_identifier":"$focus_id","layer":2,"type":"button"},"heart_image":{"alpha":0.65,"layer":1,"size":[9,9],"texture":"textures/ui/heart_background","type":"image"},"heart_renderer":{"bindings":[{"binding_name":"#is_not_creative_mode","binding_name_override":"#visible"}],"layer":4,"renderer":"heart_renderer","size":[1,1],"type":"custom"},"horse_heart_renderer":{"layer":1,"renderer":"horse_heart_renderer","size":[1,1],"type":"custom"},"horse_jump_renderer":{"layer":1,"renderer":"horse_jump_renderer","size":[1,1],"type":"custom"},"hotbar_chooser":{"$ignore_desktop":true,"$ignore_pocket":false,"controls":[{"desktop_hotbar@hotbar_panel":{"ignored":"$ignore_desktop","offset":[-4,0]}},{"pocket_hotbar@hotbar_panel":{"ignored":"$ignore_pocket","offset":[-3,-2],"size":["100%c",18]}}],"size":["100%c","100%c"],"type":"panel","variables":[{"$ignore_desktop":false,"$ignore_pocket":true,"requires":"($desktop_screen and not $education_edition)"}]},"hotbar_elipses_button@borderless_button":{"$pressed_button_name":"button.hotbar_inventory_button","anchor_from":"center","anchor_to":"center","bindings":[{"binding_name":"#inventory_touch_button","binding_name_override":"#visible","binding_type":"global"}],"button_mappings":[{"from_button_id":"button.menu_select","mapping_type":"pressed","to_button_id":"$pressed_button_name"}],"default_focus_precedence":10,"focus_enabled":false,"layer":3,"size":[16,16]},"hotbar_elipses_panel_left":{"controls":[{"content@hud.hotbar_elipses_panel_left_content":{}},{"hotbar_start_cap@hud.hotbar_start_cap":{"anchor_from":"right_middle","anchor_to":"right_middle","bindings":[{"binding_name":"(not #hotbar_elipses_left_visible)","binding_name_override":"#visible","binding_type":"global"}]}}],"size":[21,22],"type":"panel"},"hotbar_elipses_panel_left_art":{"controls":[{"slot@hud.hotbar_slot_image":{"layer":2,"texture":"textures/ui/hotbar_0"}},{"button@hud.hotbar_elipses_button":{}}],"layer":4,"size":[20,22],"type":"panel"},"hotbar_elipses_panel_left_content":{"bindings":[{"binding_name":"#hotbar_elipses_left_visible","binding_name_override":"#visible","binding_type":"global"}],"controls":[{"hotbar_start_cap@hud.hotbar_start_cap":{}},{"button@hud.hotbar_elipses_panel_left_art":{}}],"orientation":"horizontal","type":"stack_panel"},"hotbar_elipses_panel_right":{"controls":[{"content@hud.hotbar_elipses_panel_right_content":{}},{"hotbar_end_cap@hud.hotbar_end_cap":{"anchor_from":"left_middle","anchor_to":"left_middle","bindings":[{"binding_name":"(not #hotbar_elipses_right_visible)","binding_name_override":"#visible","binding_type":"global"}]}}],"size":[21,22],"type":"panel"},"hotbar_elipses_panel_right_art":{"controls":[{"slot@hud.hotbar_slot_image":{"layer":2,"texture":"textures/ui/hotbar_8"}},{"button@hud.hotbar_elipses_button":{}}],"layer":4,"size":[20,22],"type":"panel"},"hotbar_elipses_panel_right_content":{"bindings":[{"binding_name":"#hotbar_elipses_right_visible","binding_name_override":"#visible","binding_type":"global"}],"controls":[{"elipses_content@hud.hotbar_elipses_panel_right_art":{}},{"hotbar_end_cap@hud.hotbar_end_cap":{}}],"orientation":"horizontal","type":"stack_panel"},"hotbar_end_cap@hotbar_start_cap":{"controls":[{"end_cap_image@end_cap_image":{}}]},"hotbar_grid":{"$hotbar_collection_name|default":"hotbar_items","bindings":[{"binding_name":"#hotbar_grid_dimensions","binding_type":"global"}],"collection_name":"$hotbar_collection_name","grid_dimension_binding":"#hotbar_grid_dimensions","grid_item_template":"hud.gui_hotbar_grid_item","type":"grid"},"hotbar_hud_item_icon@common.item_renderer":{"$item_collection_name":"$hotbar_collection_name","property_bag":{"force_update":true}},"hotbar_panel":{"anchor_from":"bottom_middle","anchor_to":"bottom_middle","controls":[{"hotbar_elipses_panel_left@hud.hotbar_elipses_panel_left":{}},{"hotbar_grid@hud.hotbar_grid":{}},{"hotbar_elipses_panel_right@hud.hotbar_elipses_panel_right":{}}],"orientation":"horizontal","size":["100%c",22],"type":"stack_panel"},"hotbar_renderer":{"bindings":[{"binding_collection_name":"$hotbar_collection_name","binding_type":"collection_details"}],"controls":[{"hotbar_slot_image@hotbar_slot_image":{}}],"layer":1,"renderer":"hotbar_renderer","size":[20,22],"type":"custom"},"hotbar_slot_image":{"alpha":0.65,"layer":1,"offset":[0,0],"size":[20,22],"type":"image"},"hotbar_slot_selected_image":{"bindings":[{"binding_collection_name":"$hotbar_collection_name","binding_name":"#slot_selected","binding_name_override":"#visible","binding_type":"collection"}],"layer":8,"size":[24,24],"texture":"textures/ui/selected_hotbar_slot","type":"image"},"hotbar_start_cap":{"controls":[{"start_cap_image@start_cap_image":{}}],"size":[1,22],"type":"panel"},"hover_borderless_button_layout@default_borderless_button_layout":{"texture":"textures/ui/button_borderless_lighthover"},"hud_actionbar_text":{"alpha":"@hud.anim_actionbar_text_background_alpha_out","controls":[{"actionbar_message":{"alpha":"@hud.anim_actionbar_text_alpha_out","anchor_from":"center","anchor_to":"center","color":"$tool_tip_text","layer":1,"localize":false,"text":"$actionbar_text","type":"label"}}],"offset":[0,"50%-68px"],"size":["100%c + 12px","100%c + 5px"],"texture":"textures/ui/hud_tip_text_background","type":"image"},"hud_content":{"$hud_player_rend_desktop_offset|default":[15,15],"$hud_size":["100%","100%"],"controls":[{"root_panel@hud.root_panel":{}},{"camera_renderer@camera_renderer":{}}],"modifications":[{"array_name":"controls","operation":"insert_front","value":[{"client_content_pnl@hud.client_content_pnl":{}}]}],"size":"$hud_size","type":"panel","variables":[{"$hud_player_rend_desktop_offset":[100,50],"requires":"($is_holographic and not $is_living_room_mode)"},{"$hud_size":["90%","100%"],"requires":"($compress_hud_width)"}]},"hud_player_renderer":{"controls":[{"hud_player":{"animation_reset_name":"","anims":["","","",""],"bindings":[{"binding_name":"#paper_doll_visible","binding_name_override":"#visible"}],"layer":1,"renderer":"","type":"custom"}}],"size":[15,15],"type":"panel"},"hud_screen@common.base_screen":{"$screen_animations":["@common.screen_exit_animation_push_fade","@common.screen_exit_animation_pop_fade","@common.screen_entrance_animation_push_fade","@common.screen_entrance_animation_pop_fade"],"$screen_content":"hud.hud_content","absorbs_input":false,"button_mappings":[{"from_button_id":"button.scoreboard","mapping_type":"global","to_button_id":"button.scoreboard"},{"from_button_id":"button.inventory_left","mapping_type":"global","to_button_id":"button.hotbar_inventory_left"},{"from_button_id":"button.inventory_right","mapping_type":"global","to_button_id":"button.hotbar_inventory_right"},{"from_button_id":"button.hide_gui","mapping_type":"global","to_button_id":"button.hide_gui_all"},{"from_button_id":"button.hide_tooltips","mapping_type":"global","to_button_id":"button.hide_tooltips_hud"},{"from_button_id":"button.hide_paperdoll","mapping_type":"global","to_button_id":"button.hide_paperdoll_hud"},{"from_button_id":"button.slot1","mapping_type":"global","to_button_id":"button.slot_1"},{"from_button_id":"button.slot2","mapping_type":"global","to_button_id":"button.slot_2"},{"from_button_id":"button.slot3","mapping_type":"global","to_button_id":"button.slot_3"},{"from_button_id":"button.slot4","mapping_type":"global","to_button_id":"button.slot_4"},{"from_button_id":"button.slot5","mapping_type":"global","to_button_id":"button.slot_5"},{"from_button_id":"button.slot6","mapping_type":"global","to_button_id":"button.slot_6"},{"from_button_id":"button.slot7","mapping_type":"global","to_button_id":"button.slot_7"},{"from_button_id":"button.slot8","mapping_type":"global","to_button_id":"button.slot_8"},{"from_button_id":"button.slot9","mapping_type":"global","to_button_id":"button.slot_9"},{"from_button_id":"button.slot0","mapping_type":"global","to_button_id":"button.slot_0"}],"is_showing_menu":false,"low_frequency_rendering":true,"send_telemetry":false,"should_steal_mouse":true},"hud_tip_text":{"$destroy_id|default":"popup_tip_text","$wait_duration|default":1,"alpha":"@hud.anim_item_name_background_alpha_out","anchor_from":"bottom_middle","anchor_to":"bottom_middle","controls":[{"item_text_label":{"alpha":"@hud.anim_item_name_text_alpha_out","bindings":[{"binding_name":"#tip_text","binding_name_override":"#text"}],"color":"$tool_tip_text","layer":31,"shadow":true,"text":"#text","type":"label"}}],"offset":[0,-42],"size":["100%c + 12px","100%c + 5px"],"texture":"textures/ui/hud_tip_text_background","type":"image"},"hud_title_text":{"alpha":"@hud.anim_title_text_alpha_in","controls":[{"title_frame":{"controls":[{"title_background":{"alpha":"@hud.anim_title_background_alpha_in","size":["100%sm + 30px","100%sm + 6px"],"texture":"textures/ui/hud_tip_text_background","type":"image"}},{"title":{"anchor_from":"top_middle","anchor_to":"top_middle","bindings":[{"binding_name":"#hud_title_text_string","binding_name_override":"#text","binding_type":"global"}],"color":"$title_command_text_color","font_size":"extra_large","layer":1,"localize":false,"offset":[0,6],"shadow":"$show_shadow","text":"#text","text_alignment":"center","type":"label","variables":[{"$show_shadow":false,"requires":"(not $title_shadow)"},{"$show_shadow":true,"requires":"$title_shadow"}]}}],"size":["100%","100%cm"],"type":"panel"}},{"subtitle_frame":{"controls":[{"subtitle_background":{"alpha":"$subtitle_bg","offset":[0,16],"size":["100%sm + 20px","100%sm + 5px"],"texture":"textures/ui/hud_tip_text_background","type":"image","variables":[{"$subtitle_bg":"@hud.anim_title_background_alpha_in","requires":"$subtitle_initially_visible"},{"$subtitle_bg":"@hud.anim_subtitle_background_alpha_in","requires":"(not $subtitle_initially_visible)"}]}},{"subtitle":{"alpha":"$anim_type","anchor_from":"top_middle","anchor_to":"top_middle","bindings":[{"binding_name":"#hud_subtitle_text_string","binding_name_override":"#text","binding_type":"global"}],"color":"$title_command_text_color","font_size":"large","layer":1,"localize":false,"offset":[1,19],"shadow":"$show_shadow","text":"#text","text_alignment":"center","type":"label","variables":[{"$anim_type":1,"requires":"$subtitle_initially_visible"},{"$anim_type":"@hud.anim_subtitle_text_alpha_in","requires":"(not $subtitle_initially_visible)"},{"$show_shadow":false,"requires":"(not $title_shadow)"},{"$show_shadow":true,"requires":"$title_shadow"}]}}],"size":["100%","100%cm"],"type":"panel"}}],"layer":1,"offset":[0,-19],"orientation":"vertical","propagate_alpha":true,"type":"stack_panel"},"hunger_renderer":{"bindings":[{"binding_name":"#is_not_creative_mode","binding_name_override":"#visible"}],"layer":4,"renderer":"hunger_renderer","size":[1,1],"type":"custom"},"item_durability@common.durability_bar":{"$durability_bar_required|default":true,"$item_collection_name":"$hotbar_collection_name"},"item_lock_cell_image@common.item_lock_cell_image":{"$item_collection_name":"$hotbar_collection_name"},"item_name_text@hud.item_name_text_root":{"offset":[0,-14]},"item_name_text_root":{"$destroy_id|default":"item_name_text","$show_interact_padding|default":false,"$show_survival_padding|default":false,"$show_text_background|default":false,"$text_binding|default":"#item_text","$text_color|default":"$tool_tip_text","$wait_duration|default":1,"anchor_from":"bottom_middle","anchor_to":"bottom_middle","controls":[{"item_text_aligner":{"controls":[{"item_text_control":{"controls":[{"item_text_background":{"alpha":"@hud.anim_item_name_background_alpha_in","ignored":"(not $show_text_background)","size":["100%sm + 12px","100%sm + 5px"],"texture":"textures/ui/hud_tip_text_background","type":"image"}},{"item_text_label":{"alpha":"@hud.anim_item_name_text_alpha_in","bindings":[{"binding_name":"$text_binding","binding_name_override":"#text"}],"color":"$text_color","layer":31,"max_size":[200,"default"],"text":"#text","text_alignment":"center","type":"label"}}],"size":["100%cm","100%cm"],"type":"panel"}},{"interact_padding@common.empty_panel":{"bindings":[{"binding_condition":"always","binding_name":"#interact_visible","binding_name_override":"#visible"}],"size":["100%sm",18],"visible":"$show_interact_padding"}},{"survival_buffer@common.empty_panel":{"bindings":[{"binding_name":"#is_not_creative_mode","binding_name_override":"#visible"}],"size":["100%sm",17],"visible":"$show_survival_padding"}}],"size":["100%cm","100%c"],"type":"stack_panel"}}],"size":["100%cm","100%cm"],"type":"panel"},"jukebox_popup_text@hud.item_name_text_root":{"$text_binding":"#jukebox_text","$text_color":"$jukebox_text_color","offset":[0,-34]},"keyboard_tooltip_helper@hud.tooltip_helper":{"$keyboard_description_offset|default":[0,1],"$tooltip_description_offset":"$keyboard_description_offset","ignored":"(not $education_edition)"},"left_helpers":{"$tooltip_description_offset":[-10,0.5],"anchor_from":"bottom_left","anchor_to":"bottom_left","controls":[{"stack_panel":{"$tooltip_collection_name":"left_helper_collection","$tooltip_collection_prefix":"left_helpers","anchor_from":"bottom_left","anchor_to":"bottom_left","bindings":[{"binding_name":"#left_helper_count","binding_name_override":"#collection_length"}],"collection_name":"$tooltip_collection_name","factory":{"control_name":"hud.mixed_tooltip_helper","name":"left_tooltip_factory"},"size":["100%","100%c"],"type":"stack_panel"}}],"max_size":["100%","50%"],"offset":[10,0],"size":["100%","100%c"],"type":"panel"},"left_helpers_edu":{"$tooltip_helper_description_shadow":false,"anchor_from":"bottom_left","anchor_to":"bottom_left","controls":[{"tip_window@common.tooltip_background":{"$keyboard_description_offset":[0,0],"$tip_description_font":"smooth","$tooltip_background_texture":"#texture","alpha":0.7,"bindings":[{"binding_collection_name":"controls_toggle","binding_condition":"always","binding_name":"#left_tips_visible","binding_name_override":"#visible","binding_type":"collection"},{"binding_collection_name":"controls_toggle","binding_name":"#left_tip_background","binding_name_override":"#texture","binding_type":"collection"}],"controls":[{"stack_panel":{"$tooltip_collection_name":"left_helper_collection","$tooltip_collection_prefix":"left_helpers","bindings":[{"binding_name":"#left_helper_count","binding_name_override":"#collection_length"}],"collection_name":"$tooltip_collection_name","factory":{"control_name":"hud.mixed_tooltip_helper","name":"left_tooltip_factory"},"offset":[0,-5],"size":["100%cm","100%c"],"type":"stack_panel"}}],"size":["100%cm + 10px","100%cm + 18px"]}},{"tip_paddding@common.empty_panel":{"size":["100%sm",4]}},{"controls_toggle_label":{"$gamepad_helper_visible_binding_type":"none","$tip_description_background_offset":[-1,0],"$tip_description_background_visible":true,"$tooltip_collection_name":"controls_toggle","controls":[{"tip@hud.mixed_tooltip_helper":{}}],"size":["100%cm","100%cm"],"type":"panel"}}],"layer":100,"offset":[5,0],"size":["100%cm","100%c"],"type":"stack_panel"},"mixed_tooltip_helper":{"$tooltip_collection_name|default":"","$tooltip_collection_prefix|default":"","bindings":[{"binding_collection_name":"$tooltip_collection_name","binding_condition":"always","binding_name":"#tooltip_visible","binding_name_override":"#visible","binding_type":"collection"},{"binding_collection_name":"$tooltip_collection_name","binding_name":"#tooltip_visible","binding_name_override":"#visible","binding_type":"collection"}],"controls":[{"gamepad_tooltip@hud.tooltip_helper":{"$icon_image_ref":"hud.base_icon_image","bindings":[{"binding_name":"#is_gamepad_tip","binding_name_override":"#visible"}]}},{"keyboard_tooltip@hud.keyboard_tooltip_helper":{"$icon_image_ref":"hud.base_keyboard_icon","bindings":[{"binding_name":"(not #is_gamepad_tip)","binding_name_override":"#visible"}]}}],"size":["100%cm","100%cm"],"type":"panel"},"mob_effects_renderer":{"layer":1,"renderer":"mob_effects_renderer","type":"custom"},"namespace":"hud","not_centered_gui_elements":{"bindings":[{"binding_name":"#hud_visible_not_centered","binding_name_override":"#visible","binding_type":"global"}],"controls":[{"heart_rend@heart_renderer":{"anchor_from":"top_left","anchor_to":"top_left","offset":[2,2]}},{"horse_heart_rend@horse_heart_renderer":{"anchor_from":"top_right","anchor_to":"top_right","layer":1,"offset":[-2,2]}},{"hunger_rend@hunger_renderer":{"anchor_from":"top_right","anchor_to":"top_right","offset":[-2,2]}},{"armor_rend@armor_renderer":{"anchor_from":"top_left","anchor_to":"top_left","offset":[2,2]}},{"hud_player_rend_pocket@hud_player_renderer":{"anchor_from":"top_left","anchor_to":"top_left","offset":[40,40]}},{"bubbles_rend_0@bubbles_renderer":{"anchor_from":"top_right","anchor_to":"top_right","bindings":[{"binding_name":"#is_not_riding","binding_name_override":"#visible"}],"offset":[-1,12]}},{"bubbles_rend_1@bubbles_renderer":{"anchor_from":"top_right","anchor_to":"top_right","bindings":[{"binding_name":"#is_riding","binding_name_override":"#visible"}],"offset":[-1,32]}},{"horse_jump_rend@horse_jump_renderer":{"anchor_from":"bottom_middle","anchor_to":"bottom_middle","bindings":[{"binding_name":"#is_riding","binding_name_override":"#visible"}],"layer":7,"offset":[0,-28]}}],"type":"panel"},"player_position":{"alpha":0.7,"bindings":[{"binding_condition":"always","binding_name":"#player_position_visible","binding_name_override":"#visible","binding_type":"global"}],"size":["100%c + 6px","100%c + 2px"],"texture":"textures/ui/Black","type":"image"},"pressed_borderless_button_layout@default_borderless_button_layout":{"texture":"textures/ui/button_borderless_lightpressed"},"progress_bar_nub":{"texture":"textures/ui/experiencenub","tiled":true,"type":"image"},"progress_indicator_renderer":{"layer":4,"renderer":"progress_indicator_renderer","type":"custom"},"right_helpers":{"$tooltip_description_offset":[-10,0.5],"anchor_from":"bottom_right","anchor_to":"bottom_right","controls":[{"stack_panel":{"$tooltip_collection_name":"right_helper_collection","$tooltip_collection_prefix":"right_helpers","anchor_from":"bottom_right","anchor_to":"bottom_right","bindings":[{"binding_name":"#right_helper_count","binding_name_override":"#collection_length"}],"collection_name":"$tooltip_collection_name","factory":{"control_name":"hud.mixed_tooltip_helper","name":"right_tooltip_factory"},"min_size":[75,"100%c"],"size":["100%cm","100%c"],"type":"stack_panel"}}],"max_size":["100%","50%"],"size":["100%c","100%c"],"type":"panel","variables":[{"$tip_description_background_offset":[-1,0],"$tip_description_background_visible":true,"$tooltip_helper_description_shadow":false,"requires":"$education_edition"}]},"root_panel":{"$xp_control_offset|default":[0,-13],"bindings":[{"binding_name":"#hud_visible","binding_name_override":"#visible","binding_type":"global"},{"binding_name":"#hud_alpha","binding_name_override":"#alpha","binding_type":"global"},{"binding_name":"#hud_propagate_alpha","binding_name_override":"#propagateAlpha","binding_type":"global"}],"controls":[{"left_helpers@$left_helpers":{}},{"jump_renderer@sit_renderer":{}},{"right_helpers@hud.right_helpers":{}},{"move_player_renderer@hud.move_player_renderer":{}},{"centered_gui_elements@centered_gui_elements":{}},{"centered_gui_elements_at_bottom_middle@centered_gui_elements_at_bottom_middle":{}},{"centered_ridingvr_gui_elements@centered_gui_elements_at_bottom_middle":{"anchor_from":"top_middle","anchor_to":"top_middle","bindings":[{"binding_name":"#hud_visible_centered_ridingvr","binding_name_override":"#visible","binding_type":"global"}],"offset":[0,60],"size":[180,50]}},{"not_centered_gui_elements@not_centered_gui_elements":{}},{"gamertag_label_for_splitscreen":{"anchor_from":"top_right","anchor_to":"top_right","bindings":[{"binding_name":"#gamertag"}],"color":"$hud_gamertag_color","offset":[-4,4],"size":["default","default"],"text":"#gamertag","text_alignment":"right","type":"label"}},{"exp_rend@exp_progress_bar_and_hotbar":{"anchor_from":"bottom_middle","anchor_to":"bottom_middle","bindings":[{"binding_name":"#hotbar_visible_not_centered","binding_name_override":"#visible","binding_type":"global"}]}},{"hud_tip_text_factory":{"control_name":"@hud.hud_tip_text","type":"factory"}},{"hud_actionbar_text_area":{"factory":{"control_ids":{"hud_actionbar_text":"hud_actionbar_text@hud.hud_actionbar_text"},"name":"hud_actionbar_text_factory"},"type":"panel"}},{"hud_title_text_area":{"factory":{"control_ids":{"hud_title_text":"hud_title_text@hud.hud_title_text"},"name":"hud_title_text_factory"},"type":"panel"}},{"mob_effects_renderer@mob_effects_renderer":{"anchor_from":"center","anchor_to":"center","offset":[0,24],"size":["100%","75%"]}},{"vignette_rend@vignette_renderer":{}},{"curor_rend@cursor_renderer":{}},{"game_tip@game_tip.game_tip_panel":{"$offset":[0,"-90px"],"offset":"$offset","variables":[{"$offset":[0,"-60px"],"requires":"$pocket_screen"}]}},{"sidebar@scoreboard.scoreboard_sidebar":{}},{"progress_rend@progress_indicator_renderer":{"offset":["50%","50%"]}},{"chat_stack":{"anchor_from":"top_left","anchor_to":"top_left","controls":[{"vr_riding_chat_padding":{"bindings":[{"binding_name":"#vr_riding","binding_name_override":"#visible"}],"size":["100%",132],"type":"panel","visible":"#vr_riding"}},{"vr_chat_padding":{"bindings":[{"binding_name":"#vr_non_riding","binding_name_override":"#visible"}],"size":["100%",30],"type":"panel","visible":"#vr_non_riding"}},{"non_centered_gui_padding":{"bindings":[{"binding_name":"#hud_visible_not_centered","binding_name_override":"#visible","binding_type":"global"}],"size":["100%",32],"type":"panel"}},{"chat_panel@hud.chat_panel":{}}],"orientation":"vertical","size":["40%","100%"],"type":"stack_panel"}},{"boss_health_panel":{"controls":[{"boss_hud_padding":{"bindings":[{"binding_name":"#boss_hud_padding","binding_name_override":"#visible"}],"size":["100%",20],"type":"panel","visible":"#boss_hud_padding"}},{"boss_hud_panel":{"controls":[{"boss_health_grid@boss_health_grid":{"offset":[0,2]}}],"type":"panel"}}],"orientation":"vertical","size":["100%","100%"],"type":"stack_panel"}},{"save_icon@hud.auto_save":{}},{"mode_game_renderer@hud.mode_game_renderer":{}},{"Toolbox":{"anchor_from":"top_right","anchor_to":"top_right","bindings":[{"binding_name":"#hud_visible","binding_name_override":"#visible","binding_type":"global"}],"controls":[{"show_survival_tools_compass":{"property_bag":{"#item_id_aux":22609920},"renderer":"inventory_item_renderer","size":[16,16],"type":"custom"}},{"show_survival_tools_clocks":{"property_bag":{"#item_id_aux":22740992},"renderer":"inventory_item_renderer","size":[14,14],"type":"custom"}}],"offset":[-10,0],"orientation":"horizontal","size":[20,20],"type":"stack_panel"}},{"Standard_Tam@Standard_Tam":{}},{"St":{"anchor_from":"top_right","anchor_to":"top_right","layer":-1,"offset":[0,-25],"size":[65,65],"texture":"textures/ui/Blackk","type":"image"}},{"items text":{"anchor_from":"bottom_left","anchor_to":"bottom_left","bindings":[{"binding_condition":"always_when_visible","binding_name":"#item_text","binding_name_override":"#text","binding_type":"global"}],"font_type":"smooth","shadow":true,"text":"#text","type":"label"}},{"xp":{"anchor_from":"top_right","anchor_to":"top_right","color":"green","font_type":"smooth","offset":[-14,15],"shadow":true,"text":"XP :","type":"label"}},{"xp2":{"anchor_from":"top_right","anchor_to":"top_right","bindings":[{"binding_name":"#level_number","binding_type":"global"}],"color":"green","font_type":"smooth","offset":[-2,15],"shadow":true,"text":"#level_number","type":"label"}},{"creative ":{"anchor_from":"bottom_right","anchor_to":"bottom_right","bindings":[{"binding_condition":"always","binding_name":"#is_creative_mode","binding_name_override":"#visible","binding_type":"global"}],"font_type":"smooth","layer":1,"shadow":true,"text":"Creative","type":"label"}},{"Survival ":{"anchor_from":"bottom_right","anchor_to":"bottom_right","bindings":[{"binding_condition":"always","binding_name":"#is_not_creative_mode","binding_name_override":"#visible","binding_type":"global"}],"font_type":"smooth","layer":1,"shadow":true,"text":"Survival","type":"label"}}],"type":"panel","variables":[{"$xp_control_offset":[0,-11],"requires":"(not $desktop_screen)"},{"$left_helpers":"hud.left_helpers_edu","requires":"$education_edition"},{"$left_helpers":"hud.left_helpers","requires":"(not $education_edition)"}]},"Standard_Tam":{"anchor_from":"center","anchor_to":"center","bindings":[{"binding_name":"#paper_doll_visible","binding_name_override":"#visible"}],"disable_anim_fast_forward":true,"layer":8,"offset":[0,0],"size":[15,15],"texture":"textures/ui/Crosshair","type":"image","uv":"@Standard_Tam_animation","uv_size":[15,15]},"Standard_Tam_animation":{"anim_type":"flip_book","easing":"linear","fps":4,"frame_count":4,"frame_step":15,"initial_uv":[0,0],"reversible":true},"start_cap_image":{"alpha":0.65,"anchor_from":"top_left","anchor_to":"top_left","layer":4,"size":[1,22],"texture":"textures/ui/hotbar_start_cap","type":"image","visible":true},"tooltip_helper":{"controls":[{"icon@$icon_image_ref":{"layer":2}},{"padding@common.empty_panel":{"size":[2,"100%sm"]}},{"centerer":{"controls":[{"desc@hud.tooltip_helper_icon_description":{}}],"layer":1,"size":["100%c","100%sm"],"type":"panel"}}],"layer":100,"orientation":"horizontal","size":["100%c","100%cm"],"type":"stack_panel"},"tooltip_helper_icon_description":{"$tip_description_font|default":"default","$tooltip_anchor":"left_middle","$tooltip_description_offset|default":[0,0],"$tooltip_helper_description_shadow|default":true,"anchor_from":"$tooltip_anchor","anchor_to":"$tooltip_anchor","bindings":[{"binding_collection_name":"$tooltip_collection_name","binding_condition":"always_when_visible","binding_name":"#helper_description","binding_type":"collection"},{"binding_collection_name":"$tooltip_collection_name","binding_name":"#helper_description","binding_type":"collection"}],"color":"$gamepad_description_text_color","controls":[{"label_background":{"$tip_description_background_offset|default":[-1,0.5],"$tip_description_background_visible|default":false,"alpha":0.7,"layer":-1,"offset":"$tip_description_background_offset","size":["100% + 8px","100% + 1px"],"texture":"textures/ui/Black","type":"image","visible":"$tip_description_background_visible"}}],"font_type":"$tip_description_font","offset":"$tooltip_description_offset","shadow":"$tooltip_helper_description_shadow","text":"#helper_description","type":"label"},"vignette_renderer":{"layer":5,"renderer":"vignette_renderer","type":"custom"}}