{"armor_image_feet@armor_overlay":{"texture":"textures/ui/empty_armor_slot_boots"},"armor_overlay":{"$armor_overlay_size|default":[16,16],"bindings":[{"binding_collection_name":"$item_collection_name","binding_name":"#empty_armor_image_visible","binding_name_override":"#visible","binding_type":"collection"}],"layer":2,"size":"$armor_overlay_size","type":"image"},"armor_overlay_chest@armor_overlay":{"texture":"textures/ui/empty_armor_slot_chestplate"},"armor_overlay_helmet@armor_overlay":{"texture":"textures/ui/empty_armor_slot_helmet"},"armor_overlay_legs@armor_overlay":{"texture":"textures/ui/empty_armor_slot_leggings"},"armor_overlay_shield@offhand_overlay":{"texture":"textures/ui/empty_armor_slot_shield"},"cell_image":{"texture":"textures/ui/cell_image","type":"image"},"cell_image_classic@crafting.cell_image":{"$cell_image_size|default":["default","default"],"bindings":[{"binding_type":"view","resolve_sibling_scope":true,"source_control_name":"$background_image_control_name","source_property_name":"(#container_item_background = 0)","target_property_name":"#visible"}],"size":"$cell_image_size","texture":"textures/ui/cell_image"},"cell_image_darkgrey@crafting.cell_image":{"$cell_image_size|default":["default","default"],"bindings":[{"binding_type":"view","resolve_sibling_scope":true,"source_control_name":"$background_image_control_name","source_property_name":"(#container_item_background = 7)","target_property_name":"#visible"}],"size":"$cell_image_size","texture":"textures/ui/cell_image_darkgrey"},"cell_image_invert@crafting.cell_image":{"$cell_image_size|default":["default","default"],"bindings":[{"binding_type":"view","resolve_sibling_scope":true,"source_control_name":"$background_image_control_name","source_property_name":"(#container_item_background = 2)","target_property_name":"#visible"}],"size":"$cell_image_size","texture":"textures/ui/cell_image_invert"},"cell_image_normal@crafting.cell_image":{"$cell_image_size|default":["default","default"],"bindings":[{"binding_type":"view","resolve_sibling_scope":true,"source_control_name":"$background_image_control_name","source_property_name":"(#container_item_background = 1)","target_property_name":"#visible"}],"size":"$cell_image_size","texture":"textures/ui/cell_image_normal"},"cell_image_recipe_default@crafting.cell_image":{"$cell_image_size|default":["default","default"],"bindings":[{"binding_type":"view","resolve_sibling_scope":true,"source_control_name":"$background_image_control_name","source_property_name":"(#container_item_background = 0)","target_property_name":"#visible"}],"size":"$cell_image_size","texture":"textures/ui/recipe_book_item_bg"},"cell_image_recipe_default_red@crafting.cell_image":{"$cell_image_size|default":["default","default"],"bindings":[{"binding_type":"view","resolve_sibling_scope":true,"source_control_name":"$background_image_control_name","source_property_name":"(#container_item_background = 5)","target_property_name":"#visible"}],"size":"$cell_image_size","texture":"textures/ui/recipe_book_red_button"},"cell_image_recipe_group_head_collapsed@crafting.cell_image":{"$cell_image_size|default":["default","default"],"bindings":[{"binding_type":"view","resolve_sibling_scope":true,"source_control_name":"$background_image_control_name","source_property_name":"(#container_item_background = 1)","target_property_name":"#visible"}],"size":"$cell_image_size","texture":"textures/ui/recipe_book_light_button"},"cell_image_recipe_group_head_expanded@crafting.cell_image":{"$cell_image_size|default":["default","default"],"bindings":[{"binding_type":"view","resolve_sibling_scope":true,"source_control_name":"$background_image_control_name","source_property_name":"(#container_item_background = 2)","target_property_name":"#visible"}],"size":"$cell_image_size","texture":"textures/ui/recipe_book_dark_button_pressed"},"cell_image_recipe_group_item@crafting.cell_image":{"$cell_image_size|default":["default","default"],"bindings":[{"binding_type":"view","resolve_sibling_scope":true,"source_control_name":"$background_image_control_name","source_property_name":"(#container_item_background = 3)","target_property_name":"#visible"}],"size":"$cell_image_size","texture":"textures/ui/recipe_book_dark_button"},"cell_image_recipe_selected@crafting.cell_image":{"$cell_image_size|default":["default","default"],"bindings":[{"binding_type":"view","resolve_sibling_scope":true,"source_control_name":"$background_image_control_name","source_property_name":"(#container_item_background = 4)","target_property_name":"#visible"}],"size":"$cell_image_size","texture":"textures/ui/recipe_book_touch_cell_selected"},"cell_image_red@crafting.cell_image":{"$cell_image_size|default":["default","default"],"bindings":[{"binding_type":"view","resolve_sibling_scope":true,"source_control_name":"$background_image_control_name","source_property_name":"(#container_item_background = 3)","target_property_name":"#visible"}],"size":"$cell_image_size","texture":"textures/ui/cell_image_red"},"cell_image_selected@common.cell_image":{"$cell_image_size|default":["default","default"],"bindings":[{"binding_type":"view","resolve_sibling_scope":true,"source_control_name":"$background_image_control_name","source_property_name":"(#container_item_background = 4)","target_property_name":"#visible"}],"size":"$cell_image_size","texture":"textures/ui/recipe_book_touch_cell_selected"},"center_fold@crafting.crafting_root_panel":{"controls":[{"center_bg":{"size":["100% + 8px","100% - 6px"],"texture":"textures/ui/recipe_back_panel","type":"image"}}]},"construction_icon@crafting.icon_image":{"texture":"textures/ui/icon_recipe_construction"},"construction_tab@crafting.top_tab":{"$focus_id":"construction_tab","$focus_override_left":"help_button","$focus_override_right":"equipment_tab","$focus_override_up":"FOCUS_OVERRIDE_STOP","$is_left_most_tab":true,"$tab_icon":"crafting.construction_icon","$tab_view_binding_name":"construction_tab_toggle","$toggle_binding_type":"global","$toggle_group_forced_index":"$construction_index","$toggle_state_binding_name":"#is_left_tab_construct"},"container_cell_images":{"$cell_images_binding_condition|default":"visible","bindings":[{"binding_collection_name":"$item_collection_name","binding_condition":"$cell_images_binding_condition","binding_name":"#container_item_background","binding_type":"collection"}],"controls":[{"cell_classic@crafting.cell_image_classic":{}},{"cell_normal@crafting.cell_image_normal":{}},{"cell_invert@crafting.cell_image_invert":{}},{"cell_red@crafting.cell_image_red":{}},{"cell_selected@crafting.cell_image_selected":{}},{"cell_hint@game_tip.cell_image_classic_hint":{}},{"cell_darkgrey@crafting.cell_image_darkgrey":{}}],"type":"panel"},"container_gamepad_helpers_second_row":{"controls":[{"buffer_panel_left":{"size":[10,0],"type":"panel"}},{"left_thumbstick_visibility":{"controls":[{"gamepad_helper_thumbstick_left@common.gamepad_helper_thumbstick_left":{"bindings":[{"binding_condition":"always","binding_name":"#gamepad_helper_ls_visible","binding_name_override":"#visible"}]}}],"size":["100%c","100%"],"type":"panel"}},{"fill_panel":{"size":["fill",0],"type":"panel"}},{"right_thumbstick_visibility":{"controls":[{"gamepad_helper_thumbstick_right@common.gamepad_helper_thumbstick_right":{"bindings":[{"binding_condition":"always","binding_name":"#gamepad_helper_rs_visible","binding_name_override":"#visible"}]}}],"size":["100%c","100%"],"type":"panel"}},{"buffer_panel_right":{"size":[10,0],"type":"panel"}}],"orientation":"horizontal","size":["100%",26],"type":"stack_panel"},"container_overlay_images":{"bindings":[{"binding_collection_name":"$item_collection_name","binding_condition":"visible","binding_name":"#container_item_modifier","binding_type":"collection"}],"controls":[{"expand@crafting.item_overlay_expand":{}},{"contract@crafting.item_overlay_contract":{}}],"type":"panel"},"crafting_arrow":{"anchor_from":"top_left","anchor_to":"top_left","layer":3,"size":[16,13],"texture":"textures/ui/arrow","type":"image"},"crafting_arrow_large":{"anchor_from":"top_left","anchor_to":"top_left","layer":3,"size":[22,15],"texture":"textures/ui/arrow_large","type":"image"},"crafting_container_cell_images@crafting.container_cell_images":{"$cell_images_binding_condition":"always"},"crafting_grid_2x2":{"anchor_from":"top_left","anchor_to":"top_left","collection_name":"crafting_input_items","controls":[{"crafting_input_item_top_left@crafting.crafting_input_grid_item":{"$focus_id":"crafting_input_top_left","$focus_id_binding_type":"none","$focus_override_left":"armor_item_head","$focus_override_left_binding_type":"none","grid_position":[0,0]}},{"crafting_input_item_top_right@crafting.crafting_input_grid_item":{"$focus_id":"crafting_input_top_right","$focus_id_binding_type":"none","$focus_override_right":"crafting_output_item","$focus_override_right_binding_type":"none","grid_position":[1,0]}},{"crafting_input_item_bot_left@crafting.crafting_input_grid_item":{"$focus_id":"crafting_input_mid_left","$focus_id_binding_type":"none","$focus_override_left":"armor_item_legs","$focus_override_left_binding_type":"none","grid_position":[0,1]}},{"crafting_input_item_bot_right@crafting.crafting_input_grid_item":{"$focus_override_right":"crafting_output_item","$focus_override_right_binding_type":"none","grid_position":[1,1]}}],"grid_dimensions":[2,2],"offset":[0,25],"size":[36,36],"type":"grid"},"crafting_grid_2x2_with_label":{"anchor_from":"top_middle","anchor_to":"top_middle","controls":[{"crafting_label@crafting.crafting_label":{"size":["default",10]}},{"crafting_grid_2x2@crafting.crafting_grid_2x2":{"offset":[0,11]}}],"size":[36,47],"type":"panel"},"crafting_grid_3x3":{"anchor_from":"top_left","anchor_to":"top_left","collection_name":"crafting_input_items","controls":[{"crafting_input_item_top_left@crafting.crafting_input_grid_item":{"$focus_id":"crafting_input_top_left","$focus_id_binding_type":"none","$focus_override_left":"armor_item_head","$focus_override_left_binding_type":"none","grid_position":[0,0]}},{"crafting_input_item_top_mid@crafting.crafting_input_grid_item":{"grid_position":[1,0]}},{"crafting_input_item_top_right@crafting.crafting_input_grid_item":{"grid_position":[2,0]}},{"crafting_input_item_mid_left@crafting.crafting_input_grid_item":{"$focus_id":"crafting_input_mid_left","$focus_id_binding_type":"none","$focus_override_left":"armor_item_legs","$focus_override_left_binding_type":"none","grid_position":[0,1]}},{"crafting_input_item_middle@crafting.crafting_input_grid_item":{"grid_position":[1,1]}},{"crafting_input_item_mid_right@crafting.crafting_input_grid_item":{"grid_position":[2,1]}},{"crafting_input_item_bot_left@crafting.crafting_input_grid_item":{"grid_position":[0,2]}},{"crafting_input_item_bot_mid@crafting.crafting_input_grid_item":{"grid_position":[1,2]}},{"crafting_input_item_bot_right@crafting.crafting_input_grid_item":{"$focus_override_right":"crafting_output_item","$focus_override_right_binding_type":"none","grid_position":[2,2]}}],"grid_dimensions":[3,3],"size":[54,54],"type":"grid"},"crafting_grid_3x3_with_label":{"$grid_label_alignment|default":"left","anchor_from":"top_middle","anchor_to":"top_middle","controls":[{"crafting_label@crafting.crafting_label":{"size":["100%",10],"text_alignment":"$grid_label_alignment"}},{"crafting_grid_3x3@crafting.crafting_grid_3x3":{"offset":[0,11]}}],"size":[54,65],"type":"panel"},"crafting_input_grid_item@crafting.inventory_container_item":{"$background_images":"crafting.crafting_container_cell_images","$button_ref":"crafting.inventory_container_slot_button","$item_collection_name":"crafting_input_items","$item_renderer_binding_condition":"always"},"crafting_label":{"anchor_from":"top_left","anchor_to":"top_left","bindings":[{"binding_name":"#crafting_label_text"}],"color":"$title_text_color","layer":2,"text":"#crafting_label_text","type":"label"},"crafting_panel_2x2":{"anchor_from":"top_middle","anchor_to":"top_left","bindings":[{"binding_condition":"visible","binding_name":"#needs_crafting_table"}],"controls":[{"crafting_arrow@crafting_arrow":{"bindings":[{"binding_type":"view","resolve_sibling_scope":true,"source_control_name":"crafting_panel","source_property_name":"(not #needs_crafting_table)","target_property_name":"#visible"}],"offset":[46,29]}},{"crafting_table@crafting.item_renderer":{"bindings":[{"binding_type":"view","resolve_sibling_scope":true,"source_control_name":"crafting_panel","source_property_name":"(#needs_crafting_table)","target_property_name":"#visible"}],"offset":[10,-5],"property_bag":{"#item_id_aux":3801088}}},{"crafting_grid_2x2@crafting.crafting_grid_2x2":{"offset":[8,17]}},{"survival_crafting_output_grid@crafting.output_grid_2x2":{"offset":[64,26]}}],"size":[88,83],"type":"panel"},"crafting_panel_top_half":{"anchor_from":"top_left","anchor_to":"top_left","controls":[{"crafting_panel@work_bench_panel_3x3":{"offset":[29,0]}}],"size":["100%","50%"],"type":"panel"},"crafting_root_panel@common.root_panel":{"button_mappings":[{"from_button_id":"button.menu_select","mapping_type":"pressed","to_button_id":"button.destroy_selection"},{"from_button_id":"button.menu_secondary_select","mapping_type":"pressed","to_button_id":"button.container_reset_held"},{"from_button_id":"button.menu_ok","mapping_type":"pressed","to_button_id":"button.destroy_selection"},{"from_button_id":"button.controller_select","mapping_type":"pressed","to_button_id":"button.clear_hotbar_or_remove_one"},{"from_button_id":"button.controller_secondary_select","mapping_type":"pressed","to_button_id":"button.container_reset_held"}],"type":"input_panel"},"crafting_screen@crafting.inventory_screen_base":{"$close_on_player_hurt|default":true,"$screen_bg_content":"background.BG3","$screen_content":"crafting.recipe_inventory_screen_content","$top_half_variant":"crafting.crafting_panel_top_half","close_on_player_hurt":"$close_on_player_hurt","send_telemetry":false},"creative_hotbar_container_slot_button@crafting.inventory_container_slot_button":{"$button_auto_place":"button.container_auto_destroy"},"creative_hotbar_panel@common.root_panel":{"controls":[{"creative_hotbar_background":{"anchor_from":"bottom_middle","anchor_to":"bottom_middle","controls":[{"hotbar_grid@common.hotbar_grid_template":{"$button_ref":"crafting.creative_hotbar_container_slot_button","anchor_from":"bottom_middle","anchor_to":"bottom_middle","offset":[0,-6]}}],"layer":1,"size":["100%c + 12px","100%c + 10px"],"texture":"textures/ui/dialog_background_opaque_overlap_bottom","type":"image"}}],"size":["100%c","100%c"]},"creative_icon":{"size":[19,13],"texture":"textures/ui/creative_icon","type":"image"},"creative_label":{"anchor_from":"center","anchor_to":"center","bindings":[{"binding_name":"#tab_label_text"}],"color":"$title_text_color","layer":2,"size":["100%",10],"text":"#tab_label_text","text_alignment":"right","type":"label"},"creative_layout_toggle@crafting.layout_toggle":{"$focus_id":"creative_layout_toggle","$icon_control":"crafting.creative_icon","$toggle_binding_type":"global","$toggle_group_forced_index":"$creative_layout_index","$toggle_state_binding_name":"#is_creative_layout"},"creative_no_coalesce_container_slot_button@crafting.no_coalesce_container_slot_button":{"$button_auto_place":"button.recipe_tertiary","$button_take_all_place_all":"button.recipe_select","$button_take_half_place_one":"button.recipe_secondary"},"drop_item_panel":{"button_mappings":[{"from_button_id":"button.menu_select","mapping_type":"pressed","to_button_id":"button.cursor_drop_all"},{"from_button_id":"button.menu_secondary_select","mapping_type":"pressed","to_button_id":"button.cursor_drop_one"},{"from_button_id":"button.menu_ok","mapping_type":"pressed","to_button_id":"button.cursor_drop_all"},{"from_button_id":"button.controller_select","mapping_type":"pressed","to_button_id":"button.cursor_drop_one"},{"from_button_id":"button.controller_secondary_select","mapping_type":"pressed","to_button_id":"button.cursor_drop_all"}],"type":"input_panel"},"empty_tab_panel":{"controls":[{"img@$tab_icon":{}}],"size":[24,25],"type":"panel"},"equipment_icon@crafting.icon_image":{"texture":"textures/ui/icon_recipe_equipment"},"equipment_tab@crafting.top_tab":{"$focus_id":"equipment_tab","$focus_override_left":"construction_tab","$focus_override_right":"items_tab","$focus_override_up":"FOCUS_OVERRIDE_STOP","$tab_icon":"crafting.equipment_icon","$tab_view_binding_name":"equipment_tab_toggle","$toggle_binding_type":"global","$toggle_group_forced_index":"$equipment_index","$toggle_state_binding_name":"#is_left_tab_equipment"},"fast_crafting":{"anchor_from":"center","anchor_to":"center","controls":[{"fast@common.button":{"$hover_texture|default":"textures/ui/lmao_hover","button_mappings":[{"from_button_id":"button.menu_select","mapping_type":"pressed","to_button_id":"button.crafting_output_tertiary"}],"controls":[{"hover":{"texture":"$hover_texture","type":"image"}}],"property_bag":{"#collection_index":0,"#collection_name":"crafting_output_items"},"type":"button"}}],"layer":8,"offset":[19,-14],"size":[18,18],"texture":"textures/ui/lmao","type":"image"},"filter_toggle@common_toggles.switch_toggle":{"$button_mappings":[{"mapping_type":"pressed","to_button_id":"button.filter_toggle_hovered"},{"from_button_id":"button.menu_select","mapping_type":"pressed","to_button_id":"button.menu_select"},{"from_button_id":"button.menu_ok","mapping_type":"focused","to_button_id":"button.menu_ok"},{"from_button_id":"button.menu_left","ignored":"(not $enable_directional_toggling)","input_mode_condition":"gamepad_and_not_gaze","mapping_type":"pressed","to_button_id":"$toggle_off_button"},{"from_button_id":"button.menu_right","ignored":"(not $enable_directional_toggling)","input_mode_condition":"gamepad_and_not_gaze","mapping_type":"pressed","to_button_id":"$toggle_on_button"}],"$checked_locked_texture":"textures/ui/craft_toggle_on","$default_texture":"textures/ui/craft_toggle_off","$hover_texture":"textures/ui/craft_toggle_on","$pressed_no_hover_texture":"textures/ui/craft_toggle_on_hover","$pressed_texture":"textures/ui/craft_toggle_off_hover","$toggle_binding_type":"global","$toggle_name":"toggle.enableFiltering","$toggle_state_binding_name":"#filtering_enabled","$unchecked_locked_texture":"textures/ui/craft_toggle_off","size":[29,17]},"gamepad_helper_bumpers":{"$left_bumper_anchor_from|default":"top_left","$left_bumper_anchor_to|default":"top_right","$right_bumper_anchor_from|default":"top_right","$right_bumper_anchor_to|default":"top_left","anchor_from":"top_middle","anchor_to":"bottom_middle","controls":[{"gamepad_helper_left_bumper@common.gamepad_helper_left_bumper":{"$hide_description":true,"anchor_from":"$left_bumper_anchor_from","anchor_to":"$left_bumper_anchor_to","offset":[-1,0]}},{"gamepad_helper_right_bumper@common.gamepad_helper_right_bumper":{"$hide_description":true,"anchor_from":"$right_bumper_anchor_from","anchor_to":"$right_bumper_anchor_to"}}],"size":["100%",16],"type":"panel"},"gamepad_helper_left_trigger@common.gamepad_helper_left_trigger":{"$hide_description":true},"gamepad_helper_right_trigger@common.gamepad_helper_right_trigger":{"$hide_description":true},"grid_item_for_recipe_book@crafting.inventory_container_item":{"$background_images":"crafting.recipe_container_cell_images","$button_ref":"crafting.creative_no_coalesce_container_slot_button","$durability_bar_required":false,"$hover_text_binding_name":"#recipe_hover_text","$item_collection_name":"recipe_book","$item_renderer_binding_condition":"visible","$scrolling_grid_item_size|default":[18,18],"$slot_selected_binding_name":"#is_creative_selected_slot","$stack_count_binding_name":"#recipe_craftable_count","$stack_count_required":true,"size":"$scrolling_grid_item_size"},"help_button@common.button":{"$default_texture|default":"textures/ui/how_to_play_button_default_light","$focus_id":"help_button","$focus_override_up":"FOCUS_OVERRIDE_STOP","$hover_texture|default":"textures/ui/how_to_play_button_hover_light","$pressed_button_name":"button.help","$pressed_texture|default":"textures/ui/how_to_play_button_pressed_light","controls":[{"default":{"texture":"$default_texture","type":"image"}},{"hover":{"texture":"$hover_texture","type":"image"}},{"pressed":{"texture":"$pressed_texture","type":"image"}}],"layer":5,"size":[15,15],"visible":"(not $education_edition_china)"},"icon_image":{"layer":3,"size":[17,17],"type":"image"},"inventory_a_gamepad_helper@common.gamepad_helper_a":{"bindings":[{"binding_condition":"always","binding_name":"#gamepad_helper_a_visible","binding_name_override":"#visible"}]},"inventory_container_item@common.container_item":{"$background_images|default":"crafting.container_cell_images","$button_ref|default":"crafting.inventory_container_slot_button","$overlay_image_control_name|default":"overlay","$overlay_images|default":"crafting.container_overlay_images","controls":[{"item_cell":{"controls":[{"$background_image_control_name@$background_images":{"layer":1}},{"item":{"controls":[{"stack_count_label@common.stack_count_label":{"layer":10}},{"$item_renderer@$item_renderer":{"anchor_from":"center","anchor_to":"center","layer":7,"offset":"$item_renderer_offset","size":"$item_renderer_size"}}],"layer":0,"size":"$item_renderer_panel_size","type":"panel"}},{"durability_bar@common.durability_bar":{"layer":8}},{"$overlay_image_control_name@$overlay_images":{"layer":9}}],"layer":0,"size":"$cell_image_size","type":"panel"}},{"item_cell_overlay_ref@$cell_overlay_ref":{"layer":3}},{"item_selected_image@common.slot_selected":{"layer":4}},{"item_button_ref@$button_ref":{"layer":5,"tts_ignore_count":true,"tts_inherit_siblings":true,"tts_skip_message":true}},{"container_item_lock_overlay@common.container_item_lock_overlay":{"anchor_from":"top_left","anchor_to":"top_left","layer":6,"offset":[1,1],"size":"$item_renderer_size"}},{"item_lock_cell_image@common.item_lock_cell_image":{"layer":2}}]},"inventory_container_slot_button@common.container_slot_button_prototype":{"$button_auto_place|default":"button.container_auto_place","$button_take_all_place_all|default":"button.container_take_all_place_all","$button_take_half_place_one|default":"button.container_take_half_place_one","$coalesce_button|default":"button.coalesce_stack","$item_painting_button|default":"button.shape_drawing","button_mappings":[{"from_button_id":"button.menu_cancel","mapping_type":"pressed","to_button_id":"button.try_menu_exit"},{"from_button_id":"button.menu_select","mapping_type":"pressed","to_button_id":"$button_take_all_place_all"},{"from_button_id":"button.menu_ok","mapping_type":"pressed","to_button_id":"$button_take_all_place_all"},{"from_button_id":"button.menu_secondary_select","mapping_type":"pressed","to_button_id":"$button_take_half_place_one"},{"from_button_id":"button.controller_select","mapping_type":"pressed","to_button_id":"$button_take_half_place_one"},{"from_button_id":"button.menu_auto_place","mapping_type":"pressed","to_button_id":"$button_auto_place"},{"from_button_id":"button.controller_secondary_select","mapping_type":"pressed","to_button_id":"$button_auto_place"},{"from_button_id":"button.menu_inventory_drop","mapping_type":"pressed","to_button_id":"button.drop_one"},{"from_button_id":"button.menu_inventory_drop_all","mapping_type":"pressed","to_button_id":"button.drop_all"},{"from_button_id":"button.menu_select","mapping_type":"double_pressed","to_button_id":"$coalesce_button"},{"from_button_id":"button.menu_ok","mapping_type":"double_pressed","to_button_id":"$coalesce_button"},{"mapping_type":"pressed","to_button_id":"$item_painting_button"},{"mapping_type":"pressed","to_button_id":"button.container_slot_hovered"}]},"inventory_icon":{"size":[19,13],"texture":"textures/ui/inventory_icon","type":"image"},"inventory_label":{"anchor_from":"top_left","anchor_to":"top_left","color":"$title_text_color","layer":2,"text":"container.inventory","type":"label"},"inventory_screen@crafting.inventory_screen_base":{"$screen_bg_content":"background.BG3","$screen_content":"crafting.recipe_inventory_screen_content","$top_half_variant":"crafting.survival_panel_top_half","send_telemetry":false},"inventory_screen_base@common.inventory_screen_common":{"button_mappings":[{"from_button_id":"button.menu_cancel","mapping_type":"global","to_button_id":"button.menu_exit"},{"from_button_id":"button.menu_inventory_cancel","mapping_type":"global","to_button_id":"button.menu_exit"},{"from_button_id":"button.menu_up","mapping_type":"global","scope":"view","to_button_id":"button.menu_up"},{"from_button_id":"button.menu_down","mapping_type":"global","scope":"view","to_button_id":"button.menu_down"},{"from_button_id":"button.menu_left","mapping_type":"global","scope":"view","to_button_id":"button.menu_left"},{"from_button_id":"button.menu_right","mapping_type":"global","scope":"view","to_button_id":"button.menu_right"},{"from_button_id":"button.menu_select","mapping_type":"pressed","to_button_id":"button.cursor_drop_all"},{"from_button_id":"button.menu_secondary_select","mapping_type":"pressed","to_button_id":"button.cursor_drop_one"},{"from_button_id":"button.menu_ok","mapping_type":"pressed","to_button_id":"button.cursor_drop_all"},{"from_button_id":"button.controller_select","mapping_type":"pressed","to_button_id":"button.clear_hotbar_or_drop"},{"from_button_id":"button.controller_secondary_select","mapping_type":"pressed","to_button_id":"button.cursor_drop_all"},{"from_button_id":"button.menu_clear","mapping_type":"focused","to_button_id":"button.menu_clear"},{"from_button_id":"button.menu_tab_left","mapping_type":"global","to_button_id":"button.left_panel_tab_decrement"},{"from_button_id":"button.menu_tab_right","mapping_type":"global","to_button_id":"button.left_panel_tab_increment"},{"from_button_id":"button.menu_alternate_tab_left","mapping_type":"global","to_button_id":"button.layout_increment"},{"from_button_id":"button.menu_alternate_tab_right","mapping_type":"global","to_button_id":"button.layout_decrement"},{"from_button_id":"button.controller_secondary_select_left","mapping_type":"global","to_button_id":"button.shift_pane_focus"},{"from_button_id":"button.controller_secondary_select_right","mapping_type":"global","to_button_id":"button.clear_selected_recipe"}]},"inventory_x_gamepad_helper@common.gamepad_helper_x":{"bindings":[{"binding_condition":"always","binding_name":"#gamepad_helper_x_visible","binding_name_override":"#visible"}]},"inventory_y_gamepad_helper@common.gamepad_helper_y":{"bindings":[{"binding_condition":"always","binding_name":"#gamepad_helper_y_visible","binding_name_override":"#visible"}]},"item_overlay_contract@crafting.item_overlay_image":{"bindings":[{"binding_type":"view","resolve_sibling_scope":true,"source_control_name":"$overlay_image_control_name","source_property_name":"(#container_item_modifier = 1)","target_property_name":"#visible"}],"texture":"textures/ui/recipe_book_collapse_icon"},"item_overlay_expand@crafting.item_overlay_image":{"bindings":[{"binding_type":"view","resolve_sibling_scope":true,"source_control_name":"$overlay_image_control_name","source_property_name":"(#container_item_modifier = 2)","target_property_name":"#visible"}],"texture":"textures/ui/recipe_book_expand_icon"},"item_overlay_image":{"anchor_from":"bottom_right","anchor_to":"bottom_right","offset":[-1,-1],"size":[7,7],"type":"image"},"item_renderer":{"renderer":"inventory_item_renderer","size":[16,16],"type":"custom"},"items_tab@crafting.top_tab":{"$focus_id":"items_tab","$focus_override_left":"equipment_tab","$focus_override_right":"nature_tab","$focus_override_up":"FOCUS_OVERRIDE_STOP","$tab_icon":"crafting.miscellaneous_icon","$tab_view_binding_name":"items_tab_toggle","$toggle_binding_type":"global","$toggle_group_forced_index":"$items_index","$toggle_state_binding_name":"#is_left_tab_items"},"layout_template_toggle@common_toggles.light_template_toggle":{"$default_texture":"textures/ui/recipe_book_button_borderless_light","$focus_override_up":"FOCUS_OVERRIDE_STOP","$hover_texture":"textures/ui/recipe_book_button_borderless_lightpressednohover","$pressed_no_hover_texture":"textures/ui/recipe_book_button_borderless_lightpressed","$pressed_texture":"textures/ui/recipe_book_button_borderless_lighthover"},"layout_toggle@common_toggles.light_image_toggle":{"$button_content":"crafting.layout_toggle_content","$template_toggle":"crafting.layout_template_toggle","$toggle_name":"layout_toggle","size":[25,18]},"layout_toggle_content":{"controls":[{"image@$toggle_image":{}},{"icon@$icon_control":{"anchor_from":"top_middle","anchor_to":"top_middle","layer":1,"offset":[0,-1]}}],"type":"panel"},"miscellaneous_icon@crafting.icon_image":{"texture":"textures/ui/icon_recipe_item"},"namespace":"crafting","nature_icon@crafting.icon_image":{"texture":"textures/ui/icon_recipe_nature"},"nature_tab@crafting.top_tab":{"$focus_id":"nature_tab","$focus_override_left":"items_tab","$focus_override_right":"search_tab","$focus_override_up":"FOCUS_OVERRIDE_STOP","$tab_icon":"crafting.nature_icon","$tab_view_binding_name":"nature_tab_toggle","$toggle_binding_type":"global","$toggle_group_forced_index":"$nature_index","$toggle_state_binding_name":"#is_left_tab_nature"},"no_coalesce_container_slot_button@crafting.inventory_container_slot_button":{"button_mappings":[{"from_button_id":"button.menu_cancel","mapping_type":"pressed","to_button_id":"button.try_menu_exit"},{"from_button_id":"button.menu_select","mapping_type":"pressed","to_button_id":"$button_take_all_place_all"},{"from_button_id":"button.menu_ok","mapping_type":"pressed","to_button_id":"$button_take_all_place_all"},{"from_button_id":"button.menu_secondary_select","mapping_type":"pressed","to_button_id":"$button_take_half_place_one"},{"from_button_id":"button.controller_select","mapping_type":"pressed","to_button_id":"$button_take_half_place_one"},{"from_button_id":"button.menu_auto_place","mapping_type":"pressed","to_button_id":"$button_auto_place"},{"from_button_id":"button.controller_secondary_select","mapping_type":"pressed","to_button_id":"$button_auto_place"},{"from_button_id":"button.menu_inventory_drop","mapping_type":"pressed","to_button_id":"button.drop_one"},{"from_button_id":"button.menu_inventory_drop_all","mapping_type":"pressed","to_button_id":"button.drop_all"},{"mapping_type":"pressed","to_button_id":"button.shape_drawing"},{"mapping_type":"pressed","to_button_id":"button.container_slot_hovered"}]},"offhand_overlay":{"$offhand_overlay_size|default":[16,16],"bindings":[{"binding_collection_name":"$item_collection_name","binding_name":"#empty_offhand_image_visible","binding_name_override":"#visible","binding_type":"collection"}],"layer":2,"size":"$offhand_overlay_size","type":"image"},"output_grid_2x2":{"anchor_from":"top_left","anchor_to":"top_left","collection_name":"crafting_output_items","controls":[{"work_bench_output@crafting.inventory_container_item":{"$background_images":"crafting.crafting_container_cell_images","$button_ref":"crafting.output_no_coalesce_container_slot_button","$focus_id":"crafting_output_item","$focus_id_binding_type":"none","$focus_override_left":"crafting_input_top_right","$focus_override_left_binding_type":"none","$focus_override_up":"help_button","$focus_override_up_binding_type":"none","$item_collection_name":"crafting_output_items","$item_renderer_binding_condition":"always","$stack_count_binding_condition":"always"}}],"grid_dimensions":[1,1],"size":[18,18],"type":"grid"},"output_grid_3x3":{"anchor_from":"top_left","anchor_to":"top_left","collection_name":"crafting_output_items","controls":[{"work_bench_output@crafting.inventory_container_item":{"$background_images":"crafting.crafting_container_cell_images","$button_ref":"crafting.output_no_coalesce_container_slot_button","$cell_image_size":[26,26],"$focus_id":"crafting_output_item","$focus_id_binding_type":"none","$focus_override_right":"FOCUS_OVERRIDE_STOP","$focus_override_right_binding_type":"none","$item_collection_name":"crafting_output_items","$item_renderer_binding_condition":"always","$stack_count_binding_condition":"always","size":[26,26]}}],"grid_dimensions":[1,1],"size":[26,26],"type":"grid"},"output_no_coalesce_container_slot_button@crafting.no_coalesce_container_slot_button":{"$button_auto_place":"button.crafting_output_tertiary","$button_take_all_place_all":"button.crafting_output_primary","$button_take_half_place_one":"button.crafting_output_secondary"},"player_armor_panel":{"anchor_from":"top_left","anchor_to":"top_left","controls":[{"player_bg":{"anchor_from":"top_left","anchor_to":"top_left","controls":[{"player_renderer_panel":{"controls":[{"player_renderer":{"anchor_from":"center","anchor_to":"center","animation_reset_name":"screen_animation_reset","layer":8,"property_bag":{"#look_at_cursor":true},"renderer":"live_player_renderer","type":"custom"}}],"offset":[0,-14],"size":[30,30],"type":"panel"}}],"layer":2,"offset":[26,8],"size":[52,70],"texture":"textures/ui/Black","type":"image"}},{"player_preview_border":{"anchor_from":"top_left","anchor_to":"top_left","layer":1,"offset":[25,7],"size":[54,72],"texture":"textures/ui/player_preview_border","type":"image"}},{"armor_grid":{"$item_collection_name":"armor_items","anchor_from":"top_left","anchor_to":"top_left","collection_name":"$item_collection_name","controls":[{"head_grid_item@common.container_item":{"$button_ref":"crafting.no_coalesce_container_slot_button","$cell_overlay_ref":"crafting.armor_overlay_helmet","$focus_id":"armor_item_head","$focus_id_binding_type":"none","$focus_override_right":"crafting_input_top_left","$focus_override_right_binding_type":"none","grid_position":[0,0]}},{"chest_grid_item@common.container_item":{"$button_ref":"crafting.no_coalesce_container_slot_button","$cell_overlay_ref":"crafting.armor_overlay_chest","$focus_id":"armor_item_chest","$focus_id_binding_type":"none","$focus_override_right":"crafting_input_top_left","$focus_override_right_binding_type":"none","grid_position":[0,1]}},{"legs_grid_item@common.container_item":{"$button_ref":"crafting.no_coalesce_container_slot_button","$cell_overlay_ref":"crafting.armor_overlay_legs","$focus_id":"armor_item_legs","$focus_id_binding_type":"none","$focus_override_right":"crafting_input_mid_left","$focus_override_right_binding_type":"none","grid_position":[0,2]}},{"feet_grid_item@common.container_item":{"$button_ref":"crafting.no_coalesce_container_slot_button","$cell_overlay_ref":"crafting.armor_image_feet","$focus_id":"armor_item_feet","$focus_id_binding_type":"none","$focus_override_right":"offhand_items0","$focus_override_right_binding_type":"none","grid_position":[0,3]}}],"grid_dimensions":[1,4],"layer":1,"offset":[7,7],"size":[18,72],"type":"grid"}},{"offhand_grid":{"$item_collection_name":"offhand_items","anchor_from":"top_left","anchor_to":"top_left","collection_name":"$item_collection_name","controls":[{"offhand_grid_item@common.container_item":{"$button_ref":"crafting.no_coalesce_container_slot_button","$cell_overlay_ref":"crafting.armor_overlay_shield","$focus_override_left":"armor_item_feet","$focus_override_left_binding_type":"none","grid_position":[0,0]}}],"grid_dimensions":[1,1],"layer":1,"offset":[79,61],"size":[18,18],"type":"grid"}}],"size":[88,83],"type":"panel"},"player_inventory@common.root_panel":{"controls":[{"common_panel@common.common_panel":{"$show_close_button":false,"offset":[0,0]}},{"inventory_panel_top_half@$top_half_variant":{"layer":2}},{"inventory_panel_bottom_half@common.inventory_panel_bottom_half":{"$background_images":"crafting.container_cell_images","$button_ref":"crafting.inventory_container_slot_button","layer":2}},{"hotbar_grid@common.hotbar_grid_template":{"$background_images":"crafting.container_cell_images","$button_ref":"crafting.inventory_container_slot_button","layer":2}},{"heart_renderer@hud.heart_renderer":{"anchor_from":"bottom_middle","anchor_to":"bottom_middle","offset":[4,10]}},{"hunger_renderer@hud.hunger_renderer":{"anchor_from":"bottom_middle","anchor_to":"bottom_middle","offset":[-1,10]}},{"Border":{"anchor_from":"bottom_middle","anchor_to":"bottom_middle","layer":-1,"offset":[0,26],"size":[179,179],"texture":"textures/ui/bg777","type":"image"}},{"fast_crafting@fast_crafting":{}},{"armor2@armor2":{}}],"layer":3},"recipe_book@crafting.crafting_root_panel":{"controls":[{"bg@common.common_panel":{"$show_close_button":false}},{"gamepad_helper_bumpers@crafting.gamepad_helper_bumpers":{"anchor_from":"top_left","anchor_to":"bottom_left","offset":[0,-5],"size":[146,16]}},{"tab_navigation_panel@crafting.tab_navigation_panel_layout":{"$is_search_right_most_tab":"#is_recipe_book_layout","anchor_from":"top_left","anchor_to":"bottom_left","bindings":[{"binding_name":"#is_recipe_book_layout","binding_type":"global"}],"size":[146,23]}},{"tab_content_panel@crafting.tab_content":{"$scrolling_pane_control":"crafting.recipe_book_scroll_panel","layer":2,"size":["100%","100%"]}},{"creative_hotbar_panel@crafting.creative_hotbar_panel":{"anchor_from":"bottom_middle","anchor_to":"top_middle","bindings":[{"binding_name":"#is_creative_layout","binding_name_override":"#visible","binding_type":"global"}],"layer":3,"offset":[0,-5]}}],"layer":2},"recipe_book_icon":{"size":[19,13],"texture":"textures/ui/recipe_book_icon","type":"image"},"recipe_book_layout_toggle@crafting.layout_toggle":{"$focus_id":"recipe_book_layout_toggle","$icon_control":"crafting.recipe_book_icon","$toggle_binding_type":"global","$toggle_group_forced_index":"$recipe_book_layout_index","$toggle_state_binding_name":"#is_recipe_book_layout"},"recipe_book_scroll_panel@crafting.scroll_panel":{"$collection_name":"recipe_book","$scrolling_content":"crafting.scroll_grid_panel"},"recipe_book_toggle_image":{"$image_offset|default":[2,0],"$toggle_checked_hover|default":false,"$toggle_checked|default":false,"$toggle_texture|default":"textures/ui/expand_dots_out","$toggle_unchecked_hover|default":false,"$toggle_unchecked|default":false,"anchor_from":"left_middle","anchor_to":"left_middle","layer":2,"offset":"$image_offset","size":[5,9],"texture":"$toggle_texture","type":"image","variables":[{"$toggle_texture":"textures/ui/recipe_book_expand_dots_in","requires":"($toggle_checked)"},{"$toggle_texture":"textures/ui/recipe_book_expand_dots_in_hover","requires":"($toggle_checked_hover)"},{"$image_offset|default":[1,0],"$toggle_texture":"textures/ui/recipe_book_expand_dots_out","requires":"($toggle_unchecked)"},{"$image_offset|default":[1,0],"$toggle_texture":"textures/ui/recipe_book_expand_dots_out_hover","requires":"($toggle_unchecked_hover)"}]},"recipe_container_cell_images":{"$cell_image_size|default":["default","default"],"$cell_images_binding_condition|default":"visible","bindings":[{"binding_collection_name":"$item_collection_name","binding_condition":"$cell_images_binding_condition","binding_name":"#container_item_background_texture","binding_name_override":"#texture","binding_type":"collection"}],"controls":[{"recipe_tip@game_tip.recipe_item_tip":{"bindings":[{"binding_collection_name":"recipe_book","binding_name":"#recipe_search_tip_chevron_visible","binding_name_override":"#visible","binding_type":"collection"}]}},{"recipe_tip1@game_tip.recipe_item_tip_box":{"bindings":[{"binding_collection_name":"recipe_book","binding_name":"#recipe_search_tip_box_visible","binding_name_override":"#visible","binding_type":"collection"}]}}],"size":"$cell_image_size","type":"image"},"recipe_inventory_screen_content":{"controls":[{"content_stack_panel":{"controls":[{"recipe_book@crafting.recipe_book":{"bindings":[{"binding_name":"(not #is_survival_layout)","binding_name_override":"#visible","binding_type":"global"}],"size":["fill","100%"]}},{"center_fold@crafting.center_fold":{"bindings":[{"binding_name":"#is_recipe_book_layout","binding_name_override":"#visible","binding_type":"global"}],"size":[4,166]}},{"survival_padding":{"bindings":[{"binding_name":"#is_survival_layout","binding_name_override":"#visible","binding_type":"global"}],"size":[75,"100%"],"type":"panel"}},{"player_inventory@crafting.player_inventory":{"bindings":[{"binding_name":"(not #is_creative_layout)","binding_name_override":"#visible","binding_type":"global"}]}},{"toolbar_anchor":{"controls":[{"toolbar_panel@crafting.toolbar_panel":{"anchor_from":"top_right","anchor_to":"bottom_right"}}],"size":[0,"100%"],"type":"panel"}}],"orientation":"horizontal","size":[326,166],"type":"stack_panel"}},{"inventory_take_progress_icon_button@common.inventory_take_progress_icon_button":{}},{"inventory_selected_icon_button@common.inventory_selected_icon_button":{}},{"hold_icon@common.inventory_take_progress_icon_button":{}},{"controller_gamepad_helpers_stack_panel":{"anchor_from":"bottom_middle","anchor_to":"bottom_middle","bindings":[{"binding_name":"#gamepad_helper_visible","binding_name_override":"#visible"}],"controls":[{"container_gamepad_helpers_second_row@crafting.container_gamepad_helpers_second_row":{}},{"container_gamepad_helpers@common.container_gamepad_helpers":{"$helper_a_control":"crafting.inventory_a_gamepad_helper","$helper_x_control":"crafting.inventory_x_gamepad_helper","$helper_y_control":"crafting.inventory_y_gamepad_helper"}}],"type":"stack_panel"}},{"flying_item_renderer@common.flying_item_renderer":{"layer":13}},{"game_tip@game_tip.game_tip_panel":{"$offset|default":[0,110],"layer":100,"offset":"$offset","variables":[{"$offset":[0,"38%"],"requires":"$game_pad"}]}},{"selected_item_details_factory@common.selected_item_details_factory":{}},{"item_lock_notification_factory@common.item_lock_notification_factory":{}}],"type":"panel"},"scroll_grid":{"$binding_condition|default":"visible","$grid_item_precache_count|default":0,"$grid_item_template|default":"crafting.grid_item_for_recipe_book","anchor_from":"top_left","anchor_to":"top_left","bindings":[{"binding_collection_name":"$collection_name","binding_condition":"$binding_condition","binding_name":"#recipe_book_total_items","binding_name_override":"#maximum_grid_items","binding_type":"collection"}],"collection_name":"$collection_name","grid_item_template":"$grid_item_template","grid_rescaling_type":"horizontal","layer":1,"size":["100%","default"],"type":"grid"},"scroll_grid_panel@crafting.crafting_root_panel":{"controls":[{"grid@crafting.scroll_grid":{}}],"size":["100%","100%c + 2px"],"type":"input_panel"},"scroll_panel@common.container_scroll_panel":{"$scrolling_panel_base_button_mappings":[{"from_button_id":"button.menu_select","mapping_type":"pressed","to_button_id":"button.destroy_selection"},{"from_button_id":"button.menu_secondary_select","mapping_type":"pressed","to_button_id":"button.container_reset_held"},{"from_button_id":"button.menu_ok","mapping_type":"pressed","to_button_id":"button.destroy_selection"},{"from_button_id":"button.controller_select","mapping_type":"pressed","to_button_id":"button.clear_hotbar_or_remove_one"},{"from_button_id":"button.controller_secondary_select","mapping_type":"pressed","to_button_id":"button.container_reset_held"}]},"search_icon@crafting.icon_image":{"texture":"textures/ui/magnifyingGlass"},"search_tab@crafting.top_tab":{"$focus_id":"search_tab","$focus_override_left":"nature_tab","$focus_override_up":"FOCUS_OVERRIDE_STOP","$is_right_most_tab":true,"$tab_icon":"crafting.search_icon","$tab_view_binding_name":"search_tab_toggle","$toggle_binding_type":"global","$toggle_group_forced_index":"$search_index","$toggle_state_binding_name":"#is_left_tab_search"},"survival_layout_toggle@crafting.layout_toggle":{"$icon_control":"crafting.inventory_icon","$toggle_binding_type":"global","$toggle_group_forced_index":"$survival_layout_index","$toggle_state_binding_name":"#is_survival_layout"},"survival_panel_top_half":{"anchor_from":"top_left","anchor_to":"top_left","controls":[{"player_armor_panel@player_armor_panel":{}},{"crafting_panel@crafting_panel_2x2":{}}],"size":["100%","50%"],"type":"panel"},"tab_back@crafting.tab_image":{"texture":"textures/ui/TabTopBack"},"tab_content":{"controls":[{"tab_content_search_bar_panel":{"controls":[{"vertical_padding_1@crafting.tab_content_padding":{"size":[0,2]}},{"creative_label_and_filter_toggle_holder":{"bindings":[{"binding_name":"(not #is_left_tab_inventory)","binding_name_override":"#visible"}],"controls":[{"padding_1":{"size":[3,0],"type":"panel"}},{"creative_label@crafting.creative_label":{"size":["fill","100%"]}},{"padding_2":{"size":[2,0],"type":"panel"}},{"filter_toggle_holder":{"bindings":[{"binding_name":"#is_creative_mode"},{"binding_name":"#is_left_tab_search"},{"binding_type":"view","source_property_name":"(not #is_creative_mode and not #is_left_tab_search)","target_property_name":"#visible"}],"controls":[{"filter_toggle@crafting.filter_toggle":{"$default_border_visible":false,"$focus_id":"craftable_toggle","$focus_override_left":"recipe_search_bar","$hover_border_visible":false,"anchor_from":"right_middle","anchor_to":"right_middle","offset":[1,-1]}}],"size":["100%c","100%"],"type":"panel"}}],"orientation":"horizontal","size":["100%",10],"type":"stack_panel"}},{"vertical_padding_2@crafting.tab_content_padding":{"size":[0,1]}},{"search_and_filter_panel":{"bindings":[{"binding_name":"#is_left_tab_search","binding_name_override":"#visible"}],"controls":[{"text_edit_control@common.text_edit_box":{"$focus_id":"recipe_search_bar","$focus_override_right":"craftable_toggle","$focus_override_up":"construction_tab","$text_edit_binding_name":"#text_box_item_name","$text_edit_box_clear_to_button_id":"button.search_bar_clear","$text_edit_box_deselected_to_button_id":"button.search_bar_deselected","$text_edit_box_hovered_button_id":"button.search_bar_hovered","$text_edit_box_label_size":["default",10],"$text_edit_box_selected_to_button_id":"button.search_bar_selected","focus_wrap_enabled":false,"max_length":30,"property_bag":{"#property_field":"#item_name"},"size":["fill","100%"]}},{"padding_1":{"size":[1,0],"type":"panel"}},{"filter_toggle_holder":{"bindings":[{"binding_name":"(not #is_creative_mode)","binding_name_override":"#visible"}],"controls":[{"filter_toggle@crafting.filter_toggle":{"$default_border_visible":false,"$focus_id":"craftable_toggle","$focus_override_left":"recipe_search_bar","$hover_border_visible":false,"anchor_from":"right_middle","anchor_to":"right_middle","offset":[1,0]}}],"size":["100%c","100%"],"type":"panel"}}],"layer":2,"orientation":"horizontal","size":["100%",16],"type":"stack_panel"}},{"vertical_padding_3@crafting.tab_content_padding":{"size":[0,2]}},{"scroll_pane@$scrolling_pane_control":{"size":["100%","fill"]}}],"orientation":"vertical","size":["100% - 12px","100% - 12px"],"type":"stack_panel"}}],"layer":1,"type":"panel"},"tab_content_padding":{"bindings":[{"binding_name":"(not #is_left_tab_inventory)","binding_name_override":"#visible"}],"size":[0,0],"type":"panel"},"tab_front@crafting.tab_image":{"texture":"textures/ui/TabTopFront"},"tab_image":{"layer":2,"size":[24,25],"type":"image"},"tab_navigation_panel_layout":{"$is_search_right_most_tab|default":true,"controls":[{"navigation_tabs":{"controls":[{"content":{"anchor_from":"top_left","anchor_to":"top_left","controls":[{"construction_tab@crafting.construction_tab":{"size":[25,"100%"]}},{"equipment_tab@crafting.equipment_tab":{"size":[25,"100%"]}},{"items_tab@crafting.items_tab":{"size":[25,"100%"]}},{"nature_tab@crafting.nature_tab":{"size":[25,"100%"]}},{"fill_panel_0":{"size":["fill","100%"],"type":"panel"}},{"search_tab_holder":{"controls":[{"search_tab_end_creative@crafting.search_tab":{"$focus_override_right":"creative_layout_toggle","bindings":[{"binding_name":"#is_creative_and_recipe_book_layout","binding_name_override":"#visible","binding_type":"global"}]}},{"search_tab_creative@crafting.search_tab":{"$focus_override_right":"creative_layout_toggle","$is_right_most_tab":false,"bindings":[{"binding_name":"#is_creative_and_creative_layout","binding_name_override":"#visible","binding_type":"global"}]}},{"search_tab_survival@crafting.search_tab":{"$focus_override_right":"recipe_book_layout_toggle","bindings":[{"binding_name":"(not #is_creative_mode)","binding_name_override":"#visible","binding_type":"global"}]}},{"open_search_tab@game_tip.open_search_tab_factory":{}}],"size":[25,"100%"],"type":"panel"}}],"orientation":"horizontal","size":["100%","100% + 4px"],"type":"stack_panel"}}],"size":["fill","100%"],"type":"panel"}}],"orientation":"horizontal","size":["100%",27],"type":"stack_panel"},"toolbar_background":{"texture":"textures/ui/toolbar_background","type":"image"},"toolbar_panel@crafting.crafting_root_panel":{"controls":[{"toolbar_background@crafting.toolbar_background":{"anchor_from":"top_right","anchor_to":"top_right","controls":[{"toolbar_stack_panel":{"anchor_from":"top_middle","anchor_to":"top_middle","controls":[{"left_trigger_anchor":{"bindings":[{"binding_name":"#gamepad_helper_visible","binding_name_override":"#visible"}],"controls":[{"gamepad_helper_left_trigger@common.gamepad_helper_left_trigger":{"anchor_from":"left_middle","anchor_to":"right_middle","offset":[3,-2]}}],"size":[0,"100%"],"type":"panel"}},{"padding_0":{"size":[8,0],"type":"panel"}},{"creative_layout_toggle_panel":{"bindings":[{"binding_name":"#creative_layout_button_visible","binding_name_override":"#visible","binding_type":"global"}],"controls":[{"creative_layout_toggle@crafting.creative_layout_toggle":{"$focus_override_left":"search_tab"}}],"size":["100%c","100%"],"type":"panel"}},{"padding_1":{"bindings":[{"binding_name":"#creative_layout_button_visible","binding_name_override":"#visible","binding_type":"global"}],"size":[2,0],"type":"panel"}},{"recipe_book_layout_toggle_panel_survival":{"bindings":[{"binding_name":"(not #is_creative_mode)","binding_name_override":"#visible","binding_type":"global"}],"controls":[{"recipe_book_layout_toggle@crafting.recipe_book_layout_toggle":{"$focus_override_left":"search_tab"}},{"open_recipe_book_tip@game_tip.open_recipe_book_factory":{}}],"size":[25,"100%"],"type":"panel"}},{"recipe_book_layout_toggle_panel_creative":{"bindings":[{"binding_name":"#is_creative_mode","binding_name_override":"#visible","binding_type":"global"}],"controls":[{"recipe_book_layout_toggle@crafting.recipe_book_layout_toggle":{}}],"size":["100%c","100%"],"type":"panel"}},{"padding_2":{"size":[1,0],"type":"panel"}},{"survival_layout_toggle_panel":{"controls":[{"survival_layout_toggle@crafting.survival_layout_toggle":{}}],"size":["100%c","100%"],"type":"panel"}},{"padding_3":{"size":[4,0],"type":"panel"}},{"help_button_panel":{"controls":[{"help_button@crafting.help_button":{}}],"size":["100%c","100%"],"type":"panel"}},{"close_button_panel":{"bindings":[{"binding_name":"#close_button_visible","binding_name_override":"#visible"}],"controls":[{"close_button@common.light_close_button":{"anchor_from":"center","anchor_to":"center","offset":[0,0]}},{"close_inventory_tip@game_tip.close_inventory_factory":{}}],"size":[15,"100%"],"type":"panel"}},{"padding_4":{"size":[6,0],"type":"panel"}},{"right_trigger_anchor":{"bindings":[{"binding_name":"#gamepad_helper_visible","binding_name_override":"#visible"}],"controls":[{"gamepad_helper_right_trigger@common.gamepad_helper_right_trigger":{"anchor_from":"right_middle","anchor_to":"left_middle","offset":[-2,-2]}}],"size":[0,"100%"],"type":"panel"}}],"offset":[0,3],"orientation":"horizontal","size":["default","100% - 8px"],"type":"stack_panel"}}],"offset":[0,-3],"size":["100%cm","100% + 8px"]}}],"size":["100%c",20]},"top_tab@common_tabs.tab_top":{"$tab_content":"crafting.empty_tab_panel","$toggle_focus_enabled":false,"$toggle_group_default_selected":"$construction_index","$toggle_name":"navigation_tab"},"work_bench_panel_3x3":{"anchor_from":"top_left","anchor_to":"top_left","controls":[{"crafting_label_0@crafting_label":{"offset":[-1,6]}},{"inventory_label@inventory_label":{"offset":[-21,72]}},{"crafting_arrow_large@crafting_arrow_large":{"offset":[61,35]}},{"crafting_grid_3x3@crafting_grid_3x3":{"offset":[0,16]}},{"work_bench_output_grid@crafting.output_grid_3x3":{"offset":[94,34]}}],"type":"panel"}}