{"namespace":"settings","screen_controls_and_settings@settings_screen_base":{"$include_controls_and_settings_sections":true},"screen_realm_controls_and_settings@settings_screen_base":{"$include_controls_and_settings_sections":true,"$include_realm_section":true},"screen_realm_manage@settings_screen_base":{"$_include_world_section":false,"$include_controls_and_settings_sections":false,"$include_realm_section":true,"$realm_no_world_edit":true,"$realms_pack_feature_enabled":false},"screen_realm_settings@settings_screen_base":{"$include_realm_section":true},"screen_template_create@settings_screen_base":{"$_include_world_section":true,"$is_template_create":true,"$is_world_create":false,"$is_world_edit":false},"screen_world_controls_and_settings@settings_screen_base":{"$_include_world_section":true,"$include_controls_and_settings_sections":true},"screen_world_create@settings_screen_base":{"$_include_world_section":true,"$is_template_create":false,"$is_world_create":true,"$is_world_edit":false},"screen_world_edit@settings_screen_base":{"$_include_world_section":true,"$is_template_create":false,"$is_world_create":false,"$is_world_edit":true},"screen_world_slot_edit@settings_screen_base":{"$_include_world_section":false,"$include_realm_section":true,"$is_realm_slot":true},"section_content_panels":{"anchor_from":"top_left","anchor_to":"top_left","controls":[{"world_sections":{"controls":[{"game_section@world_section.game_section":{}},{"server_section@world_section.server_section":{}},{"multiplayer_section@world_section.multiplayer_section":{}}],"ignored":"(not $include_world_section)","type":"stack_panel"}},{"packs_sections":{"controls":[{"level_texture_pack_section@world_section.level_texture_pack_section":{}},{"addon_section@world_section.addon_section":{}}],"ignored":"(not $include_world_section and (not $include_realm_section or not $realms_pack_feature_enabled))","type":"stack_panel"}},{"section_content_panels@realms_settings.section_content_panels":{"ignored":"(not $include_realm_section)"}},{"general_and_controls_sections":{"controls":[{"keyboard_and_mouse_section@controls_section.keyboard_and_mouse_section":{"ignored":"(not $keyboard_and_mouse_supported)","visible":false}},{"controller_section@controls_section.controller_section":{"ignored":"(not $gamepad_supported)","visible":false}},{"touch_section@controls_section.touch_section":{"ignored":"($is_holographic or not $touch_supported or $nx_os)","visible":false}},{"vr_section@vr_section.vr_section":{"visible":true}},{"performance_section@performance_section.performance_section":{"visible":true}},{"screen_mode_setting_section@screen_section.screen_mode_setting_section":{"visible":false}},{"optimize_section@optimize_section.optimize_section":{"visible":false}},{"Information_section@Information_section.Information_section":{"visible":false}},{"profile_section@general_section.profile_section":{"visible":false}},{"global_texture_pack_section@general_section.global_texture_pack_section":{"visible":false}},{"view_subscriptions_section@general_section.view_subscriptions_section":{"ignored":"$education_edition","visible":false}},{"storage_management_section@general_section.storage_management_section":{"visible":false}},{"sound_section@general_section.sound_section":{"visible":false}},{"language_section@general_section.language_section":{"ignored":"(not $is_pregame)","visible":false}},{"accessibility_section@general_section.accessibility_section":{"visible":false}}],"ignored":"(not $include_controls_and_settings_sections)","type":"stack_panel"}}],"offset":[2,0],"size":["100% - 4px","100%c + 4px"],"type":"panel"},"section_footer_panels":{"anchor_from":"top_left","anchor_to":"top_left","controls":[{"world_sections":{"controls":[],"ignored":"(not $include_world_section)","type":"stack_panel"}},{"general_and_controls_sections":{"controls":[{"storage_management_footer@general_section.storage_management_footer":{"ignored":"$ignore_storage_section"}}],"ignored":"(not $include_controls_and_settings_sections)","size":["100%","100%c"],"type":"stack_panel"}}],"offset":[2,0],"size":["150%","150%c"],"type":"panel"},"section_header_panels":{"anchor_from":"top_left","anchor_to":"top_left","controls":[{"world_sections":{"controls":[],"ignored":"(not $include_world_section)","type":"stack_panel"}},{"general_and_controls_sections":{"controls":[{"storage_management_header@general_section.storage_management_header":{"ignored":"$ignore_storage_section"}}],"ignored":"(not $include_controls_and_settings_sections)","size":["100%","100%c"],"type":"stack_panel"}}],"offset":[2,0],"size":["100%","100%c"],"type":"panel"},"selector_stack_panel":{"$default_selector_toggle_index":0,"anchor_from":"top_left","anchor_to":"top_left","controls":[{"spacer_0":{"ignored":"(not $include_world_section)","size":[2,2],"type":"panel"}},{"world_selector_pane@world_section.selector_pane_content":{"ignored":"(not $include_world_section)"}},{"realm_selector_pane@realms_settings.selector_panel":{"$backup_toggle_index":"$backup_forced_index","$dev_options_toggle_index":"$dev_options_forced_index","$members_toggle_index":"$members_forced_index","$subscription_toggle_index":"$subscription_forced_index","$world_toggle_index":"$world_forced_index","ignored":"(not $include_realm_section)"}},{"controls_and_settings_selector_pane":{"$controls_section_header":"options.group.input","$general_section_header":"stat.generalButton","controls":[{"quick_header@how_to_play_common.header":{"$text":"Quick Setting"}},{"seperate":{"anchor_from":"center","anchor_to":"center","layer":3,"size":["100%",1],"texture":"textures/ui/list_item_divider_line_light","type":"image"}},{"1@settings_common.selector_group_label":{"font_type":"smooth","shadow":true,"text":""}},{"View":{"controls":[{"1@settings_common.option_toggle1":{"$option_binding_name":"#thirdperson_radio_first","$toggle_name":"#thirdperson_radio_first"}},{"2@settings_common.option_toggle1":{"$option_binding_name":"#thirdperson_radio_third_back","$toggle_name":"#thirdperson_radio_third_back"}},{"3@settings_common.option_toggle1":{"$option_binding_name":"#thirdperson_radio_third_front","$toggle_name":"#thirdperson_radio_third_front"}}],"orientation":"horizontal","size":["40%",25],"type":"stack_panel"}},{"seperate1":{"anchor_from":"center","anchor_to":"center","layer":3,"size":["100%",1],"texture":"textures/ui/list_item_divider_line_light","type":"image"}},{"2@settings_common.selector_group_label":{"font_type":"smooth","shadow":true,"text":""}},{"option_toggle_hidehud_1@settings_common.option_toggle":{"$option_binding_name":"#hide_hud","$option_enabled_binding_name":"#hide_hud_enabled","$option_label":"§fHide Hud","$toggle_name":"hide_hud","ignored":"(not $include_controls_and_settings_sections)"}},{"option_toggle_hidehand_2@settings_common.option_toggle":{"$option_binding_name":"#hide_hand","$option_enabled_binding_name":"#hide_hand_enabled","$option_label":"options.hidehand","$toggle_name":"hide_hand","ignored":"(not $include_controls_and_settings_sections)"}},{"option_toggle_4@settings_common.option_toggle":{"$option_binding_name":"#split_controls","$option_enabled_binding_name":"#split_controls_enabled","$option_label":"options.usetouchpad","$toggle_name":"split_controls"}},{"fov_slider@settings_common.option_slider":{"$ignored":"($is_holographic and $is_reality_mode and not $is_pregame)","$label_bindings":[{"binding_name":"$option_label"}],"$option_enabled_binding_name":"#field_of_view_enabled","$option_label":"#field_of_view_slider_label","$slider_name":"field_of_view","$slider_tts_text_value":"#field_of_view_text_value","$slider_value_binding_name":"#field_of_view"}},{"bt_header@how_to_play_common.header":{"$text":"Evoker BR Client"}},{"Lmao":{"controls":[{"Information@Information_section.Information_button":{"$toggle_group_forced_index":"$Information_button_forced_index"}},{"optimize_button@optimize_section.optimize_button":{"$toggle_group_forced_index":900}}],"orientation":"horizontal","size":["50%",29.332586144452254],"type":"stack_panel"}},{"Lmao2":{"controls":[{"screen_mode_setting_button@screen_section.screen_mode_setting_button":{"$toggle_group_forced_index":500}},{"performance_button@performance_section.performance_button":{"$toggle_group_forced_index":223}}],"orientation":"horizontal","size":["50%",29.332586144452254],"type":"stack_panel"}},{"beta_header@how_to_play_common.header":{"$text":"Advanced"}},{"vr_button@vr_section.vr_button":{"$toggle_group_forced_index":526}},{"global_texture_pack_button@general_section.global_texture_pack_button":{"$toggle_group_forced_index":"$global_texture_pack_forced_index","$tts_section_header":"$general_section_header","visible":"($is_global_texture_packs_visible)"}},{"spacer_1":{"size":[2,2],"type":"panel"}},{"controls_header@how_to_play_common.header":{"$text":"$controls_section_header"}},{"Lmao5":{"controls":[{"keyboard_and_mouse_button@controls_section.keyboard_and_mouse_button":{"$toggle_group_forced_index":"$keyboard_and_mouse_forced_index","$tts_section_header":"$controls_section_header"}},{"controller_button@controls_section.controller_button":{"$toggle_group_forced_index":"$controller_and_switch_forced_index","$tts_section_header":"$controls_section_header"}}],"orientation":"horizontal","size":["50%",29.332586144452254],"type":"stack_panel"}},{"touch_button@controls_section.touch_button":{"$toggle_group_forced_index":"$touch_forced_index","$tts_section_header":"$controls_section_header"}},{"spacer_2":{"size":[2,2],"type":"panel"}},{"general_section_header@how_to_play_common.header":{"$text":"$general_section_header"}},{"profile_button@general_section.profile_button":{"$toggle_group_forced_index":"$profile_forced_index","$tts_section_header":"$general_section_header"}},{"view_subscriptions_button@general_section.view_subscriptions_button":{"$toggle_group_forced_index":"$view_subscriptions_forced_index","$tts_section_header":"$general_section_header","bindings":[{"binding_name":"#should_show_subscription_tab","binding_name_override":"#visible"}]}},{"Lmao_dr":{"controls":[{"language_button@general_section.language_button":{"$toggle_group_forced_index":"$language_forced_index","$tts_section_header":"$general_section_header"}},{"sound_button@general_section.sound_button":{"$toggle_group_forced_index":"$sound_forced_index","$tts_section_header":"$general_section_header"}}],"orientation":"horizontal","size":["50%",29.332586144452254],"type":"stack_panel"}},{"storage_management_button@general_section.storage_management_button":{"$toggle_group_forced_index":"$storage_management_forced_index","$tts_section_header":"$general_section_header"}},{"accessibility_support_header@how_to_play_common.header":{"$text":"Accessibility Support"}},{"accessibility_button@general_section.accessibility_button":{"$toggle_group_forced_index":"$accessibility_forced_index","ignored":"(not $include_controls_and_settings_sections)"}}],"ignored":"(not $include_controls_and_settings_sections)","type":"stack_panel"}},{"addons_selector_panel@world_section.addons_selector_panel":{"$addon_toggle_index":"$addon_index","$level_texture_pack_toggle_index":"$level_texture_pack_index","ignored":"(not $include_world_section and (not $include_realm_section or not $realms_pack_feature_enabled))"}}],"orientation":"vertical","type":"stack_panel"},"settings_screen_base@settings_common.screen_base":{"$_include_world_section":false,"$include_controls_and_settings_sections":false,"$include_realm_section":false,"$include_world_section":"($_include_world_section and $may_include_world_section)","$is_global_texture_packs_visible|default":true,"$is_realm_slot|default":false,"$is_template_create":false,"$is_world_create":false,"$is_world_edit":false,"$realm_no_world_edit|default":false,"$screen_bg_content":"background.BG2","$section_content_panels":"settings.section_content_panels","$section_footer_panels":"settings.section_footer_panels","$section_header_panels":"settings.section_header_panels","$selector_stack_panel":"settings.selector_stack_panel"}}