{
  "info_panel_edge_bar": {
    "type": "image",
    "size": [ 1, "100%" ],
    "layer": 1,
    "texture": "textures/ui/White",
    "fill": true
  },


  "pause_screen": {
    "$render_bg": true
  },

  "the_icon_panel/stacked_column/take_screenshot_btn": {
    "bindings": []
  },

  "the_icon_panel/stacked_column": {
    "modifications": [
      {
        "array_name": "controls",
        "operation": "insert_back",
        "value": [
          {
            "take_screenshot_padding": {
              "type": "panel",
              "size": [ "2%", 0 ]
            }
          }
        ]
      }
    ]
  },

  "info_panel_background": {
    "size": [ "40% + 150px", "100%" ],
    "offset": [ -152, 0 ],
    "anchor_from": "right_middle",
    "anchor_to": "left_middle"
  },

  "info_panel": {
    "alpha": 0,
    "modifications": [
      {
        "array_name": "controls",
        "operation": "insert_front",
        "value": [
          {
            "info_panel_edge_bar@pause.info_panel_edge_bar": {
              "anchor_from": "left_middle",
              "anchor_to": "left_middle",
              "offset": [ -2, 0 ],
              "layer": 5,
              "$sidebar_section_right_edge_color|default": "black",
              "color": "$sidebar_section_right_edge_color"
            }
          }
        ]
      }
    ]
  },

  "player_list/players_label": {
    "ignored": true
  },

  "player_list/vertical_padding_2": {
    "ignored": true
  },

  "player_list/invite_players_button_panel": {
    "ignored": true
  },

  "player_list/vertical_padding_4": {
    "ignored": true
  },

  "info_panel_content_list/vertical_padding": {
    "size": [ 0, 2 ]
  },

  "player_list_scrolling_panel": {
    "size": [ "100%", "fill" ]
  },

  "info_panel_content_list": {
    "size": [ "100% - 4px", "100% + 2px" ],
    "modifications": [
      {
        "array_name": "controls",
        "operation": "insert_front",
        "value": [
          {
            "vertical_padding_1": {
              "type": "panel",
              "size": [ 0, 4 ]
            }
          },
          {
            "players_label@pause.players_label": {}
          }
        ]
      },
      {
        "array_name": "controls",
        "operation": "insert_back",
        "value": [
          {
            "invite_players_button_panel@pause.invite_players_button_panel": {}
          },
          {
            "vertical_padding_2": {
              "type": "panel",
              "size": [ 0, 4 ]
            }
          }
        ]
      }
    ]
  }
}