{
    "namespace": "luconia_armor_hud",

    "armor_hud": {
        "type": "panel",
        "controls": [
			{
		    "armor_hud": {
		        "anchor_from": "left_middle",
		        "anchor_to": "left_middle",
		        "layer": 10,
		        "renderer": "live_player_renderer",
		        "size": [ 12, 12 ],
		        "offset": [ 912, -25 ],
		        "type": "custom"
		    	}
			},
			{
				"background": {
					"type": "image",
					"texture": "textures/ui/Black",
					"alpha": 0.5,
			        "anchor_from": "left_middle",
			        "anchor_to": "left_middle",
			        "layer": 9,
			        "size": [ 18, 56 ],
			        "offset": [ 4, 3 ]
				}
			}
        ]
    }
}