{
    "namespace": "luconia_aux_id",

    "mainhand_item_aux_id": {
        "type": "grid",
        "grid_item_template": "luconia_aux_id.item_aux_viewer_panel",
        "grid_dimension_binding": "#hotbar_grid_dimensions",
        "collection_name": "hotbar_items",
        "size": [ "100%cm", 0 ],
        "anchor_from": "bottom_right",
        "anchor_to": "bottom_right",
        "bindings": [
            {
                "binding_name": "#hotbar_grid_dimensions",
                "binding_type": "global"
            }
        ]
    },

    "item_aux_viewer_panel": {
        "type": "panel",
        "size": [ 0, 0 ],
        "bindings": [
            {
                "binding_name": "#slot_selected",
                "binding_name_override": "#visible",
                "binding_type": "collection",
                "binding_collection_name": "hotbar_items"
            }
        ],
        "controls": [
            {
                "background@luconia_aux_id.item_aux_id_viewer_bg": {}
            }
        ]
    },

    "item_aux_id_viewer_bg": {
        "type": "image",
        "size": [ "100%c + 8px", 12 ],
        "offset": [ -3, -3 ],
        "layer": -5,
        "texture": "textures/ui/Black",
        "alpha": 0.5,
        "anchor_from": "bottom_right",
        "anchor_to": "bottom_right",
        "bindings": [
            {
                "binding_name": "#item_id_aux",
                "binding_type": "collection",
                "binding_collection_name": "hotbar_items"
            }
        ],
        "controls": [
            {
                "label@luconia_aux_id.item_aux_id_viewer_text": {
                    "offset": [ 0, 0 ]
                }
            },
            {
                "aux_id_false": {
                    "type": "label",
                    "text": "Aux ID: §cNone",
                    "offset": [ 0, 0 ],
                    "layer": 1,
                    "shadow": true,
					"text_alignment": "center",
                    "font_scale_factor": 0.6666,
                    "localize": false,
                    "bindings": [
                        {
                            "binding_name": "#item_id_aux",
                            "binding_type": "collection",
                            "binding_collection_name": "hotbar_items"
                        },
                        {
                            "binding_type": "view",
                            "source_property_name": "(#item_id_aux = -1)",
                            "target_property_name": "#visible"
                        }
                    ]
                }
            }
        ]
    },

    "item_aux_id_viewer_text": {
        "type": "label",
        "text": "#text",
        "shadow": true,
		"text_alignment": "center",
        "font_scale_factor": 0.6666,
        "layer": 1,
        "localize": false,
        "bindings": [
            {
                "binding_name": "#item_id_aux",
                "binding_type": "collection",
                "binding_collection_name": "hotbar_items"
            },
            {
                "binding_type": "view",
                "source_property_name": "('Aux ID: §z' + #item_id_aux)",
                "target_property_name": "#text"
            },
            {
                "binding_type": "view",
                "source_property_name": "(not (#item_id_aux = -1))",
                "target_property_name": "#visible"
            }
        ]
    }
}