{
    "namespace": "luconia_direction_hud",

    "direction_hud_panel": {
        "type": "panel",
        "controls": [
            {
                "direction_hud": {
                    "type": "custom",
                    "renderer": "paper_doll_renderer",
                    "anchor_to": "top_middle",
                    "anchor_from": "top_middle",
                    "offset": [ -990.5, -5 ],
                    "size": [ 39, 39 ],
                    "layer": 1
                }
            },
            {
                "background": {
                    "type": "image",
                    "anchor_to": "top_middle",
                    "anchor_from": "top_middle",
                    "offset": [ -0.5, 22 ],
                    "size": [ 150, 20 ],
                    "texture": "textures/ui/Black",
                    "alpha": 0.5,
                    "layer": 0
                }
            },
            {
                "direction_hud_pointer": {
                    "type": "image",
                    "anchor_to": "top_middle",
                    "anchor_from": "top_middle",
                    "offset": [ 0, 25 ],
                    "size": [ 13, 2 ],
                    "texture": "textures/luconia/mods/direction_hud/pointer",
                    "layer": 1
                }
            }
        ]
    }
}