{
    "namespace": "luconia_ip_display",
    
    "ip_display": {
        "type": "image",
        "size": [ "100%c + 5px", 12 ],
        "offset": [ 3, -3 ],
        "texture": "textures/ui/Black",
        "alpha": 0.5,
        "anchor_from": "bottom_left",
        "anchor_to": "bottom_left",
        "layer": 0,
        "controls": [ 
            {
                "unknown": {
                    "type": "panel",
                    "size": [ "100%c", 12 ],
                    "ignored": "$is_on_3p_server",
                    "bindings": [
                        {
                            "binding_name": "#player_list_title"
                        },
                        {
                            "binding_type": "view",
                            "source_property_name": "((#player_list_title - ('Hive Games') - ('CubeCraft Games') - ('Zeqa Network') - ('NetherGames Network') - ('Pixel Paradise')  - ('Galaxite') - ('Lifeboat Network') - ('Mineville City') = #player_list_title) or (#player_list_title = '')",
                            "target_property_name": "#visible"
                        }
                    ],
                    "controls": [
                        {
                            "icon":{
                                "type": "image",
                                "size": [ 12, 12 ],
                                "offset": [ -3, 0],
                                "layer": 1,
                                "anchor_from": "left_middle",
                                "anchor_to": "left_middle",
                                "texture": "textures/luconia/icons/ip_display/unknown"
                            }
                        },
                        {
                            "label": {
                                "type": "label",
                                "layer": 1,
                                "font_type": "default",
                                "text": "§cunknown",
                                "shadow": true,
                                "font_scale_factor": 0.6666,
                                "text_alignment": "right",
                                "anchor_from": "right_middle",
                                "anchor_to": "right_middle",
                                "text_color": "$chat_text_color"
                            }
                        }
                    ]
                }
            },
            {
                "unknown1": {
                    "type": "panel",
                    "size": [ "100%c", 12 ],
                    "ignored": "$is_on_3p_server",
                    "bindings": [
                        {
                            "binding_name": "#player_list_title"
                        },
                        {
                            "binding_type": "view",
                            "source_property_name": "(#player_list_title - ('Hive Games') - ('CubeCraft Games')) = not #player_list_title or (#player_list_title = '')",
                            "target_property_name": "#visible"
                        }
                    ],
                    "controls": [
                        {
                            "icon":{
                                "type": "image",
                                "size": [ 12, 12 ],
                                "offset": [ -3, 0],
                                "layer": 1,
                                "anchor_from": "left_middle",
                                "anchor_to": "left_middle",
                                "texture": "textures/luconia/icons/ip_display/unknown"
                            }
                        },
                        {
                            "label": {
                                "type": "label",
                                "layer": 1,
                                "font_type": "default",
                                "text": "§cunknown",
                                "shadow": true,
                                "font_scale_factor": 0.6666,
                                "text_alignment": "right",
                                "anchor_from": "right_middle",
                                "anchor_to": "right_middle",
                                "text_color": "$chat_text_color"
                            }
                        }
                    ]
                }  
            },
            {
                "zeqa": {
                    "type": "panel",
                    "size": [ "100%c", 12 ],
                    "bindings": [
                        {
                            "binding_name": "#player_list_title"
                        },
                        {
                            "binding_type": "view",
                            "source_property_name": "(#player_list_title - ('Zeqa Network')) = not #player_list_title",
                            "target_property_name": "#visible"
                        }
                    ],
                    "controls": [
                        {
                            "icon":{
                                "type": "image",
                                "size": [ 12, 12 ],
                                "offset": [ -3, 0],
                                "layer": 1,
                                "anchor_from": "left_middle",
                                "anchor_to": "left_middle",
                                "texture": "textures/luconia/icons/ip_display/zeqa"
                            }
                        },
                        {
                            "label": {
                                "type": "label",
                                "layer": 1,
                                "font_type": "default",
                                "text": "zeqa.net",
                                "font_scale_factor": 0.6666,
                                "shadow": true,
                                "text_alignment": "right",
                                "anchor_from": "right_middle",
                                "anchor_to": "right_middle",
                                "text_color": "$chat_text_color"
                            }
                        }
                    ]

                }
            },
            {
                "hive": {
                    "type": "panel",
                    "size": [ "100%c", 12 ],
                    "ignored": "(not $is_on_3p_server)",
                    "bindings": [
                        {
                            "binding_name": "#player_list_title"
                        },
                        {
                            "binding_type": "view",
                            "source_property_name": "(#player_list_title - ('Hive Games')) = not #player_list_title",
                            "target_property_name": "#visible"
                        }
                    ],
                    "controls": [
                        {
                            "icon":{
                                "type": "image",
                                "size": [ 12, 12 ],
                                "offset": [ -3, 0],
                                "layer": 1,
                                "anchor_from": "left_middle",
                                "anchor_to": "left_middle",
                                "texture": "textures/luconia/icons/ip_display/hive"
                            }
                        },
                        {
                            "label": {
                                "type": "label",
                                "layer": 1,
                                "font_type": "default",
                                "text": "geo.hivebedrock.network",
                                "font_scale_factor": 0.6666,
                                "shadow": true,
                                "text_alignment": "right",
                                "anchor_from": "right_middle",
                                "anchor_to": "right_middle",
                                "text_color": "$chat_text_color"
                            }
                        }
                    ]

                }
            },
            {
                "mineplex": {
                    "type": "panel",
                    "size": [ "100%c", 12 ],
                    "ignored": "(not $is_on_3p_server)",
                    "bindings": [
                        {
                            "binding_name": "#player_list_title"
                        },
                        {
                            "binding_type": "view",
                            "source_property_name": "(#player_list_title = '')",
                            "target_property_name": "#visible"
                        }
                    ],
                    "controls": [
                        {
                            "icon":{
                                "type": "image",
                                "size": [ 12, 12 ],
                                "offset": [ -3, 0],
                                "layer": 1,
                                "anchor_from": "left_middle",
                                "anchor_to": "left_middle",
                                "texture": "textures/luconia/icons/ip_display/mineplex"
                            }
                        },
                        {
                            "label": {
                                "type": "label",
                                "layer": 1,
                                "font_type": "default",
                                "text": "mco.mineplex.com",
                                "font_scale_factor": 0.6666,
                                "shadow": true,
                                "text_alignment": "right",
                                "anchor_from": "right_middle",
                                "anchor_to": "right_middle",
                                "text_color": "$chat_text_color"
                            }
                        }
                    ]

                }
            },
            {
                "cubecraft": {
                    "type": "panel",
                    "size": [ "100%c", 12 ],
                    "ignored": "(not $is_on_3p_server)",
                    "bindings": [
                        {
                            "binding_name": "#player_list_title"
                        },
                        {
                            "binding_type": "view",
                            "source_property_name": "(#player_list_title - ('CubeCraft Games')) = not #player_list_title",
                            "target_property_name": "#visible"
                        }
                    ],
                    "controls": [
                        {
                            "icon":{
                                "type": "image",
                                "size": [ 12, 12 ],
                                "offset": [ -3, 0],
                                "layer": 1,
                                "anchor_from": "left_middle",
                                "anchor_to": "left_middle",
                                "texture": "textures/luconia/icons/ip_display/cubecraft"
                            }
                        },
                        {
                            "label": {
                                "type": "label",
                                "layer": 1,
                                "font_type": "default",
                                "text": "play.cubecraft.net",
                                "font_scale_factor": 0.6666,
                                "shadow": true,
                                "text_alignment": "right",
                                "anchor_from": "right_middle",
                                "anchor_to": "right_middle",
                                "text_color": "$chat_text_color"
                            }
                        }
                    ]
                }
            },
            {
                "mineville": {
                    "type": "panel",
                    "size": [ "100%c", 12 ],
                    "ignored": "(not $is_on_3p_server)",
                    "bindings": [
                        {
                            "binding_name": "#player_list_title"
                        },
                        {
                            "binding_type": "view",
                            "source_property_name": "(#player_list_title - ('Mineville City')) = not #player_list_title",
                            "target_property_name": "#visible"
                        }
                    ],
                    "controls": [
                        {
                            "icon":{
                                "type": "image",
                                "size": [ 12, 12 ],
                                "offset": [ -3, 0],
                                "layer": 1,
                                "anchor_from": "left_middle",
                                "anchor_to": "left_middle",
                                "texture": "textures/luconia/icons/ip_display/mineville"
                            }
                        },
                        {
                            "label": {
                                "type": "label",
                                "layer": 1,
                                "font_type": "default",
                                "text": "play.inpvp.net",
                                "font_scale_factor": 0.6666,
                                "shadow": true,
                                "text_alignment": "right",
                                "anchor_from": "right_middle",
                                "anchor_to": "right_middle",
                                "text_color": "$chat_text_color"
                            }
                        }
                    ]
                }
            },
            {
                "pixelparadise": {
                    "type": "panel",
                    "size": [ "100%c", 12 ],
                    "ignored": "(not $is_on_3p_server)",
                    "bindings": [
                        {
                            "binding_name": "#player_list_title"
                        },
                        {
                            "binding_type": "view",
                            "source_property_name": "(#player_list_title - ('Pixel Paradise')) = not #player_list_title",
                            "target_property_name": "#visible"
                        }
                    ],
                    "controls": [
                        {
                            "icon":{
                                "type": "image",
                                "size": [ 12, 12 ],
                                "offset": [ -3, 0],
                                "layer": 1,
                                "anchor_from": "left_middle",
                                "anchor_to": "left_middle",
                                "texture": "textures/luconia/icons/ip_display/pixelparadise"
                            }
                        },
                        {
                            "label": {
                                "type": "label",
                                "layer": 1,
                                "font_type": "default",
                                "text": "play.pixelparadise.gg",
                                "font_scale_factor": 0.6666,
                                "shadow": true,
                                "text_alignment": "right",
                                "anchor_from": "right_middle",
                                "anchor_to": "right_middle",
                                "text_color": "$chat_text_color"
                            }
                        }
                    ]
                }
            },
            {
                "nethergames": {
                    "type": "panel",
                    "size": [ "100%c", 12 ],
                    "ignored": "(not $is_on_3p_server)",
                    "bindings": [
                        {
                            "binding_name": "#player_list_title"
                        },
                        {
                            "binding_type": "view",
                            "source_property_name": "(#player_list_title - ('NetherGames Network')) = not #player_list_title",
                            "target_property_name": "#visible"
                        }
                    ],
                    "controls": [
                        {
                            "icon":{
                                "type": "image",
                                "size": [ 12, 12 ],
                                "offset": [ -3, 0],
                                "layer": 1,
                                "anchor_from": "left_middle",
                                "anchor_to": "left_middle",
                                "texture": "textures/luconia/icons/ip_display/nethergames"
                            }
                        },
                        {
                            "label": {
                                "type": "label",
                                "layer": 1,
                                "font_type": "default",
                                "text": "play.nethergames.org",
                                "font_scale_factor": 0.6666,
                                "shadow": true,
                                "text_alignment": "right",
                                "anchor_from": "right_middle",
                                "anchor_to": "right_middle",
                                "text_color": "$chat_text_color"
                            }
                        }
                    ]
                }
            },
            {
                "lifeboat": {
                    "type": "panel",
                    "size": [ "100%c", 12 ],
                    "ignored": "(not $is_on_3p_server)",
                    "bindings": [
                        {
                            "binding_name": "#player_list_title"
                        },
                        {
                            "binding_type": "view",
                            "source_property_name": "(#player_list_title - ('Lifeboat Network')) = not #player_list_title",
                            "target_property_name": "#visible"
                        }
                    ],
                    "controls": [
                        {
                            "icon":{
                                "type": "image",
                                "size": [ 12, 12 ],
                                "offset": [ -3, 0],
                                "layer": 1,
                                "anchor_from": "left_middle",
                                "anchor_to": "left_middle",
                                "texture": "textures/luconia/icons/ip_display/lifeboat"
                            }
                        },
                        {
                            "label": {
                                "type": "label",
                                "layer": 1,
                                "font_type": "default",
                                "text": "mco.lbsg.net",
                                "font_scale_factor": 0.6666,
                                "shadow": true,
                                "text_alignment": "right",
                                "anchor_from": "right_middle",
                                "anchor_to": "right_middle",
                                "text_color": "$chat_text_color"
                            }
                        }
                    ]
                }
            },
            {
                "galaxite": {
                    "type": "panel",
                    "size": [ "100%c", 12 ],
                    "ignored": "(not $is_on_3p_server)",
                    "bindings": [
                        {
                            "binding_name": "#player_list_title"
                        },
                        {
                            "binding_type": "view",
                            "source_property_name": "(#player_list_title - ('Galaxite')) = not #player_list_title",
                            "target_property_name": "#visible"
                        }
                    ],
                    "controls": [
                        {
                            "icon":{
                                "type": "image",
                                "size": [ 12, 12 ],
                                "offset": [ -3, 0],
                                "layer": 1,
                                "anchor_from": "left_middle",
                                "anchor_to": "left_middle",
                                "texture": "textures/luconia/icons/ip_display/galaxite"
                            }
                        },
                        {
                            "label": {
                                "type": "label",
                                "layer": 1,
                                "font_type": "default",
                                "text": "play.galaxite.net",
                                "font_scale_factor": 0.6666,
                                "shadow": true,
                                "text_alignment": "right",
                                "anchor_from": "right_middle",
                                "anchor_to": "right_middle",
                                "text_color": "$chat_text_color"
                            }
                        }
                    ]
                }
            }
        ]
    }
}
