{
	"namespace": "luconia_item_id",
	
	"luconia_item_id_viewer_23523212353454365433242": {
		"type": "grid",
		"anchor_from": "bottom_right",
		"anchor_to": "bottom_right",
		"size": [ "100%cm", 0 ],
		"grid_item_template": "luconia_item_id.luconia_item_viewer_panel",
		"grid_dimension_binding": "#hotbar_grid_dimensions",
		"collection_name": "hotbar_items",
		"bindings": [
			{
				"binding_name": "#hotbar_grid_dimensions",
				"binding_type": "global"
			}
		]
	},
	
	"luconia_item_viewer_panel": {
		"type": "panel",
		"size": [ 0, 0 ],
		"bindings": [
			{
				"binding_name": "#slot_selected",
				"binding_name_override": "#visible",
				"binding_type": "collection",
				"binding_collection_name": "hotbar_items"
			}
		],
		"controls": [
			{
				"test@luconia_item_id.luconia_item_id_viewer_bg": {
				}
			}
		]
	},
	"luconia_item_id_viewer_bg": {
		"type": "image",
		"size": [
			"100%c + 8px",
			12
		],
		"offset": [-3,-19],
		"layer": -5,
		"alpha": 0.5,
		"anchor_from": "bottom_right",
		"anchor_to": "bottom_right",
		"texture": "textures/ui/Black",
		"bindings": [
			{
				"binding_name": "#item_id_aux",
				"binding_type": "collection",
				"binding_collection_name": "hotbar_items"
			}
		],
		"controls": [
			{
				"test2@luconia_item_id.luconia_item_id_viewer_text": {
				}
			},
			{
				"testybacckaaaaalul": {
					"type": "label",
					"font_type": "default",
					"text": "Item ID: §z§cNone",
					"layer": 1,
					"shadow": true,
					"localize": false,
					"text_alignment": "center",
					"font_scale_factor": 0.6666,
					"bindings": [
						{
							"binding_name": "#item_id_aux",
							"binding_type": "collection",
							"binding_collection_name": "hotbar_items"
						},
						{
							"binding_type": "view",
							"source_property_name": "(#item_id_aux = -1)",
							"target_property_name": "#visible"
						}
					]
				}
			}
		]
	},
	"luconia_item_id_viewer_text": {
		"type": "label",
		"text": "#text",
		"text_alignment": "center",
		"layer": 1,
		"shadow": true,
		"font_type": "default",
		"localize": false,
		"font_scale_factor": 0.6666,
		"bindings": [
			{
				"binding_name": "#item_id_aux",
				"binding_type": "collection",
				"binding_collection_name": "hotbar_items"
			},
			{
				"binding_type": "view",
				"source_property_name": "('Item ID: §z' + (#item_id_aux / 65536)",
				"target_property_name": "#text"
			},
			{
				"binding_type": "view",
				"source_property_name": "(not (#item_id_aux = -1))",
				"target_property_name": "#visible"
			}
		]
	}
}