{
    "namespace": "luconia_mainhand_hud",

    "mainhand_hud": {
		"offset": [ 4, 40 ],
        "type": "panel",
        "controls": [
			{
				"main_hand_slot_actual@luconia_mainhand_hud.mainhand_slot_grid": {				
				}
			},
			{
				"background": {
					"type": "image",
					"anchor_from": "left_middle",
					"anchor_to": "left_middle",
					"texture": "textures/ui/Black",
					"alpha": 0.5,
			        "layer": 9,
			        "size": [ 18, 18 ]
				}
			}
        ]
    },
	
    "mainhand_slot_grid": {
        "type": "grid",
		"anchor_from": "left_middle",
		"anchor_to": "left_middle",
        "grid_item_template": "luconia_mainhand_hud.main_hand_slot",
        "grid_dimension_binding": "#hotbar_grid_dimensions",
        "collection_name": "hotbar_items",
        "size": [ "100%cm", "100%cm" ],
        "bindings": [
            {
                "binding_name": "#hotbar_grid_dimensions",
                "binding_type": "global"
            }
        ]
    },
	
    "main_hand_slot": {
        "type": "panel",
        "layer": 10,
        "bindings": [
            {
                "binding_name": "#slot_selected",
                "binding_name_override": "#visible",
                "binding_type": "collection",
                "binding_collection_name": "hotbar_items"
            }
        ],
        "controls": [
            {
                "asa_maindhand_slot_panel": {
                    "type": "panel",
                    "size": [ 22, 22 ],
                    "controls": [
                        {
                            "item_renderer": {
                                "type": "custom",
                                "renderer": "inventory_item_renderer",
                                "layer": 5,
                                "anchor_to": "center",
                                "anchor_from": "center",
								"offset": [ 9, 0 ],
                                "size": [ 16, 16 ],
                                "bindings": [
                                    {
                                        "binding_name": "#item_id_aux",
                                        "binding_type": "collection",
                                        "binding_collection_name": "hotbar_items"
                                    },
                                    {
                                        "binding_name": "#charged_item",
                                        "binding_type": "collection",
                                        "binding_collection_name": "hotbar_items"
                                    },
                                    {
                                        "binding_name": "#item_custom_color",
                                        "binding_type": "collection",
                                        "binding_collection_name": "hotbar_items"
                                    },
                                    {
                                        "binding_name": "#banner_patterns",
                                        "binding_condition": "visible",
                                        "binding_type": "collection",
                                        "binding_collection_name": "hotbar_items"
                                    },
                                    {
                                        "binding_name": "#banner_colors",
                                        "binding_condition": "visible",
                                        "binding_type": "collection",
                                        "binding_collection_name": "hotbar_items"
                                    },
                                    {
                                        "binding_name": "#banner_type",
                                        "binding_condition": "visible",
                                        "binding_collection_name": "hotbar_items",
                                        "binding_type": "collection"
                                    },
                                    {
                                        "binding_type": "collection",
                                        "binding_name": "#show_item",
                                        "binding_name_override": "#visible",
                                        "binding_collection_name": "hotbar_items"
                                    },
                                    {
                                        "binding_name": "#inactive_item",
                                        "binding_type": "collection",
                                        "binding_collection_name": "hotbar_items",
                                        "binding_name_override": "#disabled_filter_visible"
                                    },
                                    {
                                        "binding_name": "#shield_is_active",
                                        "binding_type": "collection",
                                        "binding_collection_name": "hotbar_items"
                                    },
                                    {
                                        "binding_name": "#item_lodestone_tracking_handle",
                                        "binding_condition": "visible",
                                        "binding_type": "collection",
                                        "binding_collection_name": "hotbar_items"
                                    }
                               	 						]
                                                    }
												}
											]
										}
									}
								]
							}
									
}