{
    "namespace": "luconia_offhand_hud",

    "offhand_hud": {
        "type": "panel",
        "controls": [
			{
                "offhand_slot": {
                    "anchor_from": "bottom_middle",
                    "anchor_to": "bottom_middle",
                    "layer": 10,
                    "renderer": "live_player_renderer",
                    "size": [ 12, 12 ],
                    "offset": "$offset",
                    "$offset|default": [ -2000, 0 ],
                    "type": "custom",
                    "variables": [
                        {
                            "requires": "($pocket_edition)",
                            "$offset": [ -2008, 0 ]
                        }
                    ]
                }
			}
        ]
    }
}
