{
    "namespace": "luconia_players_list",

    "players_list_panel": {
        "type": "panel",
        "size": [ "100%", 7 ],
        "controls": [
            {
                "background": {
                    "type": "image",
                    "layer": 0,
                    "size": [ 70, 7 ],
                    "anchor_from": "left_middle",
                    "anchor_to": "left_middle",
                    "offset": [ 60, 0 ],
                    "texture": "textures/ui/Black",
                    "alpha": 0.5,
                    "controls": [
                        {
                            "gamertag_label": {
                                "type": "label",
                                "font_type": "smooth",
                                "font_scale_factor": 0.8,
                                "text": "#gamertag",
                                "layer": 1,
                                "text_alignment": "center",
                                "bindings": [
                                    {
                                        "binding_name": "#gamertag",
                                        "binding_type": "collection",
                                        "binding_collection_name": "players_collection"
                                    }   
                                ]
                            }
                        }
                    ]
                }
            }
        ]
    },
    
    "players_list_grid": {
         "type": "grid",
        "size": [ "100%", "default" ],
        "maximum_grid_items": 15,
        "grid_dimension_binding": "#players_grid_dimension",
        "grid_item_template": "luconia_players_list.players_list_panel",
        "collection_name": "players_collection",
        "bindings": [
            {
                "binding_name": "#players_grid_dimension",
                "binding_condition": "always"
            },
            {
                "binding_name": "#paper_doll_visible",
                "binding_name_override": "#visible"
            }
        ]
    }
}
