{
    "namespace": "luconia_potion_counter",

    "potion_counter": {
        "type": "image",
        "size": [ 35, 12 ],
        "offset": [ 2, -17 ],
        "texture": "textures/ui/Black",
        "alpha": 0.5,
        "anchor_from": "bottom_left",
        "anchor_to": "bottom_left",
        "layer": 0,
        "controls": [
            {
                "potions": {
                    "type": "custom",
                    "renderer": "live_player_renderer",
                    "offset": [ -927, -14 ],
                    "size": [ 12, 12 ],
                    "anchor_from": "bottom_left",
                    "anchor_to": "bottom_left",
                    "layer": 1
                }
            }
        ]
    }
}