{
    "namespace": "luconia_speed_display",

    "speed_display": {
		"offset": [0, 29 ],
        "type": "panel",
        "controls": [
            {
                "speedometer": {
                    "type": "custom",
                    "layer": 10,
                    "renderer": "live_player_renderer",
                    "size": [
                        20,
                        20
                    ],
                    "offset": [
                        -14,
                        -1000
                    ],
                    "anchor_from": "top_middle",
                    "anchor_to": "top_middle"
                }
            },
			{
				"background": {
					"type": "image",
					"texture": "textures/ui/Black",
					"alpha": 0.5,
                    "anchor_from": "top_middle",
                    "anchor_to": "top_middle",
			        "layer": 9,
			        "size": [ 41, 12.7 ],
			        "offset": [ 0, 17.5 ]
				}
			}
        ]
    }
}