{
  "namespace": "graphics_settings",

  "graphics_button@settings_common.section_toggle_base": {
    "$toggle_view_binding_name": "graphics_button_toggle",
    "$glyph_texture": "icon/settings/graphics_glyph",
    "$glyph_color_texture": "icon/settings/graphics_glyph_color",
    "$glyph_size": [ 17, 17 ],
    "$button_text": "Graphics Settings",
    "$toggle_property_bag": {
      "#panel_title": "Graphics Settings"
    }
  },
    
  "graphics_settings": {
    "type": "stack_panel",
    "size": [ "100%", "100%c" ],
    "anchor_from": "top_left",
    "anchor_to": "top_left",
    "bindings": [
      {
        "binding_type": "view",
        "source_control_name": "graphics_button_toggle",
        "source_property_name": "#toggle_state",
        "target_property_name": "#visible"
      }
    ],
    "controls": [
      {
        "brightness_slider@settings_common.option_slider": {
          "ignored": "($is_holographic)",
          "$option_label": "#gamma_slider_label",
          "$slider_name": "gamma",
          "$slider_value_binding_name": "#gamma",
          "$option_enabled_binding_name": "#gamma_enabled",
          "$focus_override_up": "FOCUS_OVERRIDE_STOP",
          "$label_bindings": [
            {
              "binding_name": "#gamma_slider_label"
            }
          ]
        }
      },
    {
      "render_distance_slider@settings_common.option_slider": {
          "ignored": "($is_holographic)",
          "$option_label": "#render_distance_slider_label",
          "$slider_name": "render_distance",
          "$slider_value_binding_name": "#render_distance",
          "$option_enabled_binding_name": "#render_distance_enabled",
          "$slider_steps_binding_name": "#render_distance_steps",
          "$label_bindings": [
            {
              "binding_name": "#render_distance_slider_label"
            }
          ]
        }
      },
      {
    "msaa_slider@settings_common.option_slider": {
          "ignored": "($is_holographic or $is_win10_arm)",
          "$option_label": "#msaa_slider_label",
          "$slider_name": "msaa",
          "$slider_value_binding_name": "#msaa",
          "$slider_tts_text_value": "#msaa_text_value",
          "$option_enabled_binding_name": "#msaa_enabled",
          "$slider_steps_binding_name": "#msaa_steps",
          "$label_bindings": [
            {
              "binding_name": "$option_label"
            }
          ],
          "bindings": [
            {
              "binding_name": "#show_msaa",
              "binding_name_override": "#visible"
            }
          ]
        }
      },
      {
        "fancy_leaves_toggle@settings_common.option_toggle": {
          "ignored": "($pocket_edition or $education_ios or $is_holographic)",
          "$option_label": "options.transparentleaves",
          "$option_binding_name": "#transparent_leaves",
          "$option_enabled_binding_name": "#transparent_leaves_enabled",
          "$toggle_name": "transparent_leaves"
        }
      },
      {
        "vr_fancy_leaves_toggle@settings_common.option_toggle": {
          "ignored": "(not $is_holographic)",
          "$option_label": "options.transparentleaves",
          "$option_binding_name": "#vr_transparent_leaves",
          "$option_enabled_binding_name": "#vr_transparent_leaves_enabled",
          "$toggle_name": "vr_transparent_leaves"
        }
      },
      {
        "fancy_bubbles_toggle@settings_common.option_toggle": {
          "$option_label": "options.bubbleparticles",
          "$option_binding_name": "#bubble_particles",
          "$option_enabled_binding_name": "#bubble_particles_enabled",
          "$toggle_name": "bubble_particles"
        }
      },
      {
        "render_clouds_toggle@settings_common.option_toggle": {
          "$option_label": "options.renderclouds",
          "$option_binding_name": "#render_clouds",
          "$option_enabled_binding_name": "#render_clouds_enabled",
          "$toggle_name": "render_clouds"
        }
      },
      {
        "fancy_clouds_toggle@settings_common.option_toggle": {
          "$option_label": "options.fancyskies",
          "$option_binding_name": "#fancy_skies",
          "$option_enabled_binding_name": "#fancy_skies_enabled",
          "$toggle_name": "fancy_skies"
        }
      },
      {
        "smooth_lighting_toggle@settings_common.option_toggle": {
          "ignored": "($is_holographic)",
          "$option_label": "options.smooth_lighting",
          "$option_binding_name": "#smooth_lighting",
          "$option_enabled_binding_name": "#smooth_lighting_enabled",
          "$toggle_name": "smooth_lighting"
        }
      },
      {
        "vr_smooth_lighting_toggle@settings_common.option_toggle": {
          "ignored": "(not $is_holographic)",
          "$option_label": "options.smooth_lighting",
          "$option_binding_name": "#vr_smooth_lighting",
          "$option_enabled_binding_name": "#vr_smooth_lighting_enabled",
          "$toggle_name": "vr_smooth_lighting"
        }
      },
      {
        "graphics_toggle@settings_common.option_toggle": {
          "ignored": "($is_holographic)",
          "$option_label": "options.graphics",
          "$option_binding_name": "#graphics_toggle",
          "$option_enabled_binding_name": "#graphics_toggle_enabled",
          "$toggle_name": "graphics_toggle"
        }
      },
{"selector_group_lable_1@settings_common.selector_group_label":{"font_size":"5%","shadow":true,"text":"---------------------------------------------------------------------------------------------------------"}},
      {
        "rendering_profile_option_slider@settings_common.option_slider": {
          "ignored": true,
          "$option_label": "#rendering_profile_slider_label",
          "$slider_name": "rendering_profile",
          "$slider_value_binding_name": "#rendering_profile",
          "$slider_tts_text_value": "#rendering_profile_text_value",
          "$option_enabled_binding_name": "#rendering_profile_slider_enabled",
          "$slider_steps_binding_name": "#rendering_profile_steps",
          "$label_bindings": [
            {
              "binding_name": "$option_label"
            }
          ]
        }
      },
      {
        "upscaling_toggle@settings_common.option_toggle": {
          "ignored": "($is_holographic and $win10_edition)",
          "$option_label": "options.upscaling",
          "$option_binding_name": "#graphics_upscaling",
          "$option_enabled_binding_name": "#graphics_upscaling_enabled",
          "$toggle_name": "graphics_upscaling",
          "controls": [
            {
              "rtx_disabled_option_upsell@general_section.rtx_disabled_option_upsell": {
                "$rtx_disabled_option_upsell_visible": "#rtx_upscale_disabled_option_upsell_visible",
                "$rtx_disabled_option_is_hovered_button_event": "button.rtx_upscale_disabled_option_is_hovered",
                "$rtx_disabled_option_upsell_tooltip_visible": "#rtx_upscale_disabled_option_upsell_tooltip_visible"
              }
            },
            { "option_generic_core@settings_common.option_generic_core": {} }
          ]
        }
      },
      {
        "raytracing_toggle@settings_common.option_toggle": {
          "ignored": "($is_holographic)",
          "$option_label": "options.raytracing",
          "$option_binding_name": "#raytracing",
          "$option_enabled_binding_name": "#raytracing_enabled",
          "$toggle_name": "raytracing",
          "controls": [
            { "rtx_disabled_option_upsell@general_section.rtx_disabled_option_upsell": {} },
            { "option_generic_core@settings_common.option_generic_core": {} }
          ]
        }
      },
      {
        "raytracing_render_distance_slider@settings_common.option_slider": {
          "ignored": "($is_holographic)",
          "$option_label": "#raytracing_render_distance_slider_label",
          "$slider_name": "raytracing_render_distance",
          "$slider_value_binding_name": "#raytracing_render_distance",
          "$slider_tts_text_value": "#raytracing_render_distance_text_value",
          "$option_enabled_binding_name": "#raytracing_render_distance_enabled",
          "$slider_steps_binding_name": "#raytracing_render_distance_steps",
          "$label_bindings": [
            {
              "binding_name": "$option_label"
            }
          ],
          "controls": [
            { "rtx_render_distance_warning@general_section.rtx_render_distance_warning": {} },
            { "option_generic_core@settings_common.option_generic_core": {} }
          ],
          "bindings": [
            {
              "binding_name": "#show_raytracing_render_distance",
              "binding_name_override": "#visible"
            }
          ]
        }
      }
    ]
  }
}