
{
  "namespace": "info_settings",

// Info Button & Section
  
  "info_button@settings_common.section_toggle_base": {
    "$toggle_view_binding_name": "info_button_toggle",
    "$glyph_texture": "icon/settings/info_glyph",
    "$glyph_color_texture": "icon/settings/info_glyph_color",
    "$glyph_size": [ 17, 17 ],
    "$button_text": "Information",
    "$toggle_property_bag": {
      "#panel_title": "Information"
    }
  },
    
  "info_settings": {
    "type": "stack_panel",
    "size": [ "100%", "100%c" ],
    "anchor_from": "top_left",
    "anchor_to": "top_left",
    "bindings": [
      {
        "binding_type": "view",
        "source_control_name": "info_button_toggle",
        "source_property_name": "#toggle_state",
        "target_property_name": "#visible"
      }
    ],
    "controls":[
      {
        "icon": {
          "type": "image",
	        "anchor_from": "center",
          "anchor_to": "center",
          "offset": [ 0,0 ],
          "texture": "textures/ui/title",
          "layer": 3,
          "uv": [ 0, 0 ],
          "uv_size": [ 0, 0 ],
          "size": [ "100%", 100 ]
        }
      },
                  {
"header@how_to_play_common.header": {
"$text": "Functions"
        }
      },
                  {
        "selector_group_lable_1@settings_common.selector_group_label":{
          "text":"-Quick Crafting"
        }
      },
            {
        "selector_group_lable_1@settings_common.selector_group_label":{
          "text":"-Quick Loots"
        }
      },
                              {
        "selector_group_lable_1@settings_common.selector_group_label":{
          "text":"-New Settings"
        }
      },
      {
        "selector_group_lable_1@settings_common.selector_group_label":{
          "text":"-Hide Hud ( F1 )"
        }
      },
      {
        "selector_group_lable_1@settings_common.selector_group_label":{
          "text":"-Optimization Nether, The End And Water"
        }
      },
      {
        "selector_group_lable_1@settings_common.selector_group_label":{
          "text":"-Trasparent Update ( Big )"
        }
      },
      {
        "selector_group_lable_1@settings_common.selector_group_label":{
          "text":"-Elytra Dragons"
        }
      },
      {
        "selector_group_lable_1@settings_common.selector_group_label":{
          "text":"-Cape OptiFine"
        }
      },
                        {
"header@how_to_play_common.header": {
"$text": "Subpack"
        }
      },
                    {
        "selector_group_lable_1@settings_common.selector_group_label":{
          "text":"-Off Cape"
        }
          },
                    {
        "selector_group_lable_1@settings_common.selector_group_label":{
          "text":"-2 Chunks"
        }
          },
                    {
        "selector_group_lable_1@settings_common.selector_group_label":{
          "text":"-PVP Items"
        }
          },
                                  {
"header@how_to_play_common.header": {
"$text": "Credits"
        }
      },
            {
        "selector_group_lable_1@settings_common.selector_group_label":{
          "text":"-Hide Hud ( F1 ) By BVT GamerMC"
        }
            },
                  {
        "selector_group_lable_1@settings_common.selector_group_label":{
          "text":"-BackGround By Allvid Nonmi"
        }
      },
            {
        "selector_group_lable_1@settings_common.selector_group_label":{
          "text":"-Quick Loots By TLGM"
        }
      },
            {
        "selector_group_lable_1@settings_common.selector_group_label":{
          "text":"-Sound ( cave ) by Evoker MC"
        }
      },
      {
        "selector_group_lable_1@settings_common.selector_group_label":{
          "text":"-Textures By MG Finn"
        }
      },
      {
        "selector_group_lable_1@settings_common.selector_group_label":{
          "text":"..."
        }
      },
                                        {
"header@how_to_play_common.header": {
"$text": "Thanks"
        }
      },
                  {
        "selector_group_lable_1@settings_common.selector_group_label":{
          "text":"-Thanks you for down and use this pack . Please like and sub for my channel thank you very much ! Good bye see you soon !"
        }
      }
    ]
  }
}