

{
  "namespace": "of_settings",

// OF Button & Section

  "of_button@settings_common.section_toggle_base": {
    "$toggle_view_binding_name": "section_button_toggle",
    "$glyph_texture": "icon/settings/of_glyph",
    "$glyph_color_texture": "icon/settings/of_glyph_color",
    "$glyph_size": [ 17, 17 ],
    "$button_text": "OF Settings",
    "$toggle_property_bag": {
      "#panel_title": "OF Settings"
    }
  },
    
  "of_settings": {
    "type": "stack_panel",
    "size": [ "100%", "100%c" ],
    "anchor_from": "top_left",
    "anchor_to": "top_left",
    "bindings": [
      {
        "binding_type": "view",
        "source_control_name": "section_button_toggle",
        "source_property_name": "#toggle_state",
        "target_property_name": "#visible"
      }
    ],
    "controls": [
                    {
              "vsync_dropdown@settings_common.option_dropdown": {
          "$option_label": "options.vsync",
          "$dropdown_content": "general_section.vysnc_dropdown_content",
          "$dropdown_area": "content_area",
          "$dropdown_name": "vsync_dropdown",
          "$options_dropdown_toggle_label_binding": "#vsync_dropdown_toggle_label",
          "$option_enabled_binding_name": "#vsync_dropdown_enabled",
          "$dropdown_scroll_content_size": [ "100%", "200%" ]
        }
      },
  
    {
      "max_framerate_slider@settings_common.option_slider": {
          "ignored": "($is_holographic)",
          "$option_label": "#max_framerate_slider_label",
          "$slider_name": "max_framerate",
          "$slider_value_binding_name": "#max_framerate",
          "$slider_tts_text_value": "#max_framerate_text_value",
          "$option_enabled_binding_name": "#max_framerate_enabled",
          "$slider_steps_binding_name": "#max_framerate_steps",
          "$label_bindings": [
            {
              "binding_name": "$option_label"
            }
          ]
        }
      },
      }
    ]
  },
