{
    "format_version": "1.8.0",
    "render_controllers": {
        "controller.render.player.chainboots": {
            "geometry": "Geometry.boots",
            "materials": [
                {
                    "*": "Material.default"
                }
            ],
            "textures": [
                "Texture.chainboots"
            ],
            "is_hurt_color": {},
            "on_fire_color": {}
        },
        "controller.render.player.chainchestplate": {
            "geometry": "Geometry.chestplate",
            "materials": [
                {
                    "*": "Material.default"
                }
            ],
            "textures": [
                "Texture.chainchestplate"
            ],
            "is_hurt_color": {},
            "on_fire_color": {}
        },
        "controller.render.player.chainhelmet": {
            "geometry": "Geometry.helmet",
            "materials": [
                {
                    "*": "Material.default"
                }
            ],
            "textures": [
                "Texture.chainhelmet"
            ],
            "is_hurt_color": {},
            "on_fire_color": {}
        },
        "controller.render.player.chainleggings": {
            "geometry": "Geometry.leggings",
            "materials": [
                {
                    "*": "Material.default"
                }
            ],
            "textures": [
                "Texture.chainleggings"
            ],
            "is_hurt_color": {},
            "on_fire_color": {}
        },
        "controller.render.player.diamondboots": {
            "geometry": "Geometry.boots",
            "materials": [
                {
                    "*": "Material.default"
                }
            ],
            "textures": [
                "Texture.diamondboots"
            ],
            "is_hurt_color": {},
            "on_fire_color": {}
        },
        "controller.render.player.diamondchestplate": {
            "geometry": "Geometry.chestplate",
            "materials": [
                {
                    "*": "Material.default"
                }
            ],
            "textures": [
                "Texture.diamondchestplate"
            ],
            "is_hurt_color": {},
            "on_fire_color": {}
        },
        "controller.render.player.diamondhelmet": {
            "geometry": "Geometry.helmet",
            "materials": [
                {
                    "*": "Material.default"
                }
            ],
            "textures": [
                "Texture.diamondhelmet"
            ],
            "is_hurt_color": {},
            "on_fire_color": {}
        },
        "controller.render.player.diamondleggings": {
            "geometry": "Geometry.leggings",
            "materials": [
                {
                    "*": "Material.default"
                }
            ],
            "textures": [
                "Texture.diamondleggings"
            ],
            "is_hurt_color": {},
            "on_fire_color": {}
        },
        "controller.render.player.elytra": {
            "geometry": "Geometry.chestplate",
            "materials": [
                {
                    "*": "Material.default"
                }
            ],
            "textures": [
                "Texture.elytra"
            ],
            "is_hurt_color": {},
            "on_fire_color": {}
        },
        "controller.render.player.goldboots": {
            "geometry": "Geometry.boots",
            "materials": [
                {
                    "*": "Material.default"
                }
            ],
            "textures": [
                "Texture.goldboots"
            ],
            "is_hurt_color": {},
            "on_fire_color": {}
        },
        "controller.render.player.goldchestplate": {
            "geometry": "Geometry.chestplate",
            "materials": [
                {
                    "*": "Material.default"
                }
            ],
            "textures": [
                "Texture.goldchestplate"
            ],
            "is_hurt_color": {},
            "on_fire_color": {}
        },
        "controller.render.player.goldhelmet": {
            "geometry": "Geometry.helmet",
            "materials": [
                {
                    "*": "Material.default"
                }
            ],
            "textures": [
                "Texture.goldhelmet"
            ],
            "is_hurt_color": {},
            "on_fire_color": {}
        },
        "controller.render.player.goldleggings": {
            "geometry": "Geometry.leggings",
            "materials": [
                {
                    "*": "Material.default"
                }
            ],
            "textures": [
                "Texture.goldleggings"
            ],
            "is_hurt_color": {},
            "on_fire_color": {}
        },
        "controller.render.player.ironboots": {
            "geometry": "Geometry.boots",
            "materials": [
                {
                    "*": "Material.default"
                }
            ],
            "textures": [
                "Texture.ironboots"
            ],
            "is_hurt_color": {},
            "on_fire_color": {}
        },
        "controller.render.player.ironchestplate": {
            "geometry": "Geometry.chestplate",
            "materials": [
                {
                    "*": "Material.default"
                }
            ],
            "textures": [
                "Texture.ironchestplate"
            ],
            "is_hurt_color": {},
            "on_fire_color": {}
        },
        "controller.render.player.ironhelmet": {
            "geometry": "Geometry.helmet",
            "materials": [
                {
                    "*": "Material.default"
                }
            ],
            "textures": [
                "Texture.ironhelmet"
            ],
            "is_hurt_color": {},
            "on_fire_color": {}
        },
        "controller.render.player.ironleggings": {
            "geometry": "Geometry.leggings",
            "materials": [
                {
                    "*": "Material.default"
                }
            ],
            "textures": [
                "Texture.ironleggings"
            ],
            "is_hurt_color": {},
            "on_fire_color": {}
        },
        "controller.render.player.ironpic": {
            "geometry": "Geometry.handitems",
            "materials": [
                {
                    "*": "Material.default"
                }
            ],
            "textures": [
                "Texture.ironpic"
            ],
            "is_hurt_color": {},
            "on_fire_color": {}
        },
        "controller.render.player.leatherboots": {
            "geometry": "Geometry.boots",
            "materials": [
                {
                    "*": "Material.default"
                }
            ],
            "textures": [
                "Texture.leatherboots"
            ],
            "is_hurt_color": {},
            "on_fire_color": {}
        },
        "controller.render.player.leatherchestplate": {
            "geometry": "Geometry.chestplate",
            "materials": [
                {
                    "*": "Material.default"
                }
            ],
            "textures": [
                "Texture.leatherchestplate"
            ],
            "is_hurt_color": {},
            "on_fire_color": {}
        },
        "controller.render.player.leatherhelmet": {
            "geometry": "Geometry.helmet",
            "materials": [
                {
                    "*": "Material.default"
                }
            ],
            "textures": [
                "Texture.leatherhelmet"
            ],
            "is_hurt_color": {},
            "on_fire_color": {}
        },
        "controller.render.player.leatherleggings": {
            "geometry": "Geometry.leggings",
            "materials": [
                {
                    "*": "Material.default"
                }
            ],
            "textures": [
                "Texture.leatherleggings"
            ],
            "is_hurt_color": {},
            "on_fire_color": {}
        },
        "controller.render.map": {
            "geometry": "Geometry.offhand",
            "materials": [
                {
                    "*": "Material.default"
                }
            ],
            "textures": [
                "Texture.map"
            ],
            "is_hurt_color": {},
            "on_fire_color": {}
        },
        "controller.render.player.netheriteboots": {
            "geometry": "Geometry.boots",
            "materials": [
                {
                    "*": "Material.default"
                }
            ],
            "textures": [
                "Texture.netheriteboots"
            ],
            "is_hurt_color": {},
            "on_fire_color": {}
        },
        "controller.render.player.netheritechestplate": {
            "geometry": "Geometry.chestplate",
            "materials": [
                {
                    "*": "Material.default"
                }
            ],
            "textures": [
                "Texture.netheritechestplate"
            ],
            "is_hurt_color": {},
            "on_fire_color": {}
        },
        "controller.render.player.netheritehelmet": {
            "geometry": "Geometry.helmet",
            "materials": [
                {
                    "*": "Material.default"
                }
            ],
            "textures": [
                "Texture.netheritehelmet"
            ],
            "is_hurt_color": {},
            "on_fire_color": {}
        },
        "controller.render.player.netheriteleggings": {
            "geometry": "Geometry.leggings",
            "materials": [
                {
                    "*": "Material.default"
                }
            ],
            "textures": [
                "Texture.netheriteleggings"
            ],
            "is_hurt_color": {},
            "on_fire_color": {}
        },
        "controller.render.player.turtlehelmet": {
            "geometry": "Geometry.helmet",
            "materials": [
                {
                    "*": "Material.default"
                }
            ],
            "textures": [
                "Texture.turtlehelmet"
            ],
            "is_hurt_color": {},
            "on_fire_color": {}
        }
    }
}