{
    "format_version": "1.10.0",
    "render_controllers": {
        "controller.render.fts": {
            "textures": [
                "Texture.fps"
            ],
            "is_hurt_color": {},
            "on_fire_color": {},
            "geometry": "Geometry.fts",
            "materials": [
                {
                    "*": "Material.default"
                }
            ],
            "light_color_multiplier": 1.3,
            "ignore_lighting": true
        },
        "controller.render.fpr": {
            "textures": [
                "Array.fps[ v.fps/10 ]"
            ],
            "is_hurt_color": {},
            "on_fire_color": {},
            "geometry": "Geometry.fpr",
            "part_visibility": [
                {
                    "*": "v.fps >= 10"
                }
            ],
            "materials": [
                {
                    "*": "Material.default"
                }
            ],
            "light_color_multiplier": 1.3,
            "ignore_lighting": true,
            "arrays": {
                "textures": {
                    "Array.fps": [
                        "Texture.zero",
                        "Texture.one",
                        "Texture.two",
                        "Texture.three",
                        "Texture.four",
                        "Texture.five",
                        "Texture.six",
                        "Texture.seven",
                        "Texture.eight",
                        "Texture.nine"
                    ]
                }
            }
        },
        "controller.render.fpp": {
            "textures": [
                "Array.fps[ v.fps ]"
            ],
            "is_hurt_color": {},
            "on_fire_color": {},
            "geometry": "Geometry.fpp",
            "part_visibility": [
                {
                    "*": "v.fps >= 1"
                }
            ],
            "materials": [
                {
                    "*": "Material.default"
                }
            ],
            "light_color_multiplier": 1.3,
            "ignore_lighting": true,
            "arrays": {
                "textures": {
                    "Array.fps": [
                        "Texture.zero",
                        "Texture.one",
                        "Texture.two",
                        "Texture.three",
                        "Texture.four",
                        "Texture.five",
                        "Texture.six",
                        "Texture.seven",
                        "Texture.eight",
                        "Texture.nine"
                    ]
                }
            }
        },
        "controller.render.fps": {
            "textures": [
                "Array.fps[ v.fps*10 ]"
            ],
            "is_hurt_color": {},
            "on_fire_color": {},
            "geometry": "Geometry.fps",
            "materials": [
                {
                    "*": "Material.default"
                }
            ],
            "light_color_multiplier": 1.3,
            "ignore_lighting": true,
            "arrays": {
                "textures": {
                    "Array.fps": [
                        "Texture.zero",
                        "Texture.one",
                        "Texture.two",
                        "Texture.three",
                        "Texture.four",
                        "Texture.five",
                        "Texture.six",
                        "Texture.seven",
                        "Texture.eight",
                        "Texture.nine"
                    ]
                }
            }
        }
    }
}