{"format_version":"1.12.0","minecraft:geometry":[{"bones":[{"name":"force_coor_z","pivot":[0,0,0]},{"name":"hud","parent":"force_coor_z","pivot":[0,0,0]},{"cubes":[{"origin":[-884,-11,-2],"size":[8,8,0],"uv":[0,0]}],"name":"force_coor_z_rotation","parent":"hud","pivot":[0,0,0]}],"description":{"identifier":"geometry.force_coor_z","texture_height":8,"texture_width":8,"visible_bounds_height":1.5,"visible_bounds_offset":[0,0.25,0],"visible_bounds_width":2}},{"bones":[{"name":"force_coor_z","pivot":[0,0,0]},{"name":"hud","parent":"force_coor_z","pivot":[0,0,0]},{"cubes":[{"origin":[-888,-11,-2],"size":[8,8,0],"uv":[0,0]}],"name":"force_coor_z_rotation","parent":"hud","pivot":[0,0,0]}],"description":{"identifier":"geometry.force_coor_z2","texture_height":8,"texture_width":8,"visible_bounds_height":1.5,"visible_bounds_offset":[0,0.25,0],"visible_bounds_width":2}},{"bones":[{"name":"force_coor_z","pivot":[0,0,0]},{"name":"hud","parent":"force_coor_z","pivot":[0,0,0]},{"cubes":[{"origin":[-892,-11,-2],"size":[8,8,0],"uv":[0,0]}],"name":"force_coor_z_rotation","parent":"hud","pivot":[0,0,0]}],"description":{"identifier":"geometry.force_coor_z3","texture_height":8,"texture_width":8,"visible_bounds_height":1.5,"visible_bounds_offset":[0,0.25,0],"visible_bounds_width":2}},{"bones":[{"name":"force_coor_z","pivot":[0,0,0]},{"name":"hud","parent":"force_coor_z","pivot":[0,0,0]},{"cubes":[{"origin":[-896,-11,-2],"size":[8,8,0],"uv":[0,0]}],"name":"force_coor_z_rotation","parent":"hud","pivot":[0,0,0]}],"description":{"identifier":"geometry.force_coor_z4","texture_height":8,"texture_width":8,"visible_bounds_height":1.5,"visible_bounds_offset":[0,0.25,0],"visible_bounds_width":2}},{"bones":[{"name":"force_coor_z","pivot":[0,0,0]},{"name":"hud","parent":"force_coor_z","pivot":[0,0,0]},{"cubes":[{"origin":[-900,-11,-2],"size":[8,8,0],"uv":[0,0]}],"name":"force_coor_z_rotation","parent":"hud","pivot":[0,0,0]}],"description":{"identifier":"geometry.force_coor_z5","texture_height":8,"texture_width":8,"visible_bounds_height":1.5,"visible_bounds_offset":[0,0.25,0],"visible_bounds_width":2}},{"bones":[{"name":"force_coor_z","pivot":[0,0,0]},{"name":"hud","parent":"force_coor_z","pivot":[0,0,0]},{"cubes":[{"origin":[-904,-11,-2],"size":[8,8,0],"uv":[0,0]}],"name":"force_coor_z_rotation","parent":"hud","pivot":[0,0,0]}],"description":{"identifier":"geometry.force_coor_z6","texture_height":8,"texture_width":8,"visible_bounds_height":1.5,"visible_bounds_offset":[0,0.25,0],"visible_bounds_width":2}},{"bones":[{"name":"force_coor_z","pivot":[0,0,0]},{"name":"hud","parent":"force_coor_z","pivot":[0,0,0]},{"cubes":[{"origin":[-908,-11,-2],"size":[8,8,0],"uv":[0,0]}],"name":"force_coor_z_rotation","parent":"hud","pivot":[0,0,0]}],"description":{"identifier":"geometry.force_coor_negative_z","texture_height":8,"texture_width":8,"visible_bounds_height":1.5,"visible_bounds_offset":[0,0.25,0],"visible_bounds_width":2}},{"bones":[{"name":"force_coor_z","pivot":[0,0,0]},{"name":"hud","parent":"force_coor_z","pivot":[0,0,0]},{"cubes":[{"origin":[-916,-11,-2],"size":[8,8,0],"uv":[0,0]}],"name":"force_coor_z_rt","parent":"hud","pivot":[0,0,0]}],"description":{"identifier":"geometry.z_txt","texture_height":8,"texture_width":8,"visible_bounds_height":1.5,"visible_bounds_offset":[0,0.25,0],"visible_bounds_width":2}}]}