{"format_version":"1.12.0","minecraft:geometry":[{"bones":[{"name":"force_coor_y","pivot":[0,0,0]},{"name":"hud","parent":"force_coor_y","pivot":[0,0,0]},{"cubes":[{"origin":[-884,-5.5,-2],"size":[8,8,0],"uv":[0,0]}],"name":"force_coor_y_rotation","parent":"hud","pivot":[0,0,0]}],"description":{"identifier":"geometry.force_coor_y","texture_height":8,"texture_width":8,"visible_bounds_height":1.5,"visible_bounds_offset":[0,0.25,0],"visible_bounds_width":2}},{"bones":[{"name":"force_coor_y","pivot":[0,0,0]},{"name":"hud","parent":"force_coor_y","pivot":[0,0,0]},{"cubes":[{"origin":[-888,-5.5,-2],"size":[8,8,0],"uv":[0,0]}],"name":"force_coor_y_rotation","parent":"hud","pivot":[0,0,0]}],"description":{"identifier":"geometry.force_coor_y2","texture_height":8,"texture_width":8,"visible_bounds_height":1.5,"visible_bounds_offset":[0,0.25,0],"visible_bounds_width":2}},{"bones":[{"name":"force_coor_y","pivot":[0,0,0]},{"name":"hud","parent":"force_coor_y","pivot":[0,0,0]},{"cubes":[{"origin":[-892,-5.5,-2],"size":[8,8,0],"uv":[0,0]}],"name":"force_coor_y_rotation","parent":"hud","pivot":[0,0,0]}],"description":{"identifier":"geometry.force_coor_y3","texture_height":8,"texture_width":8,"visible_bounds_height":1.5,"visible_bounds_offset":[0,0.25,0],"visible_bounds_width":2}},{"bones":[{"name":"force_coor_y","pivot":[0,0,0]},{"name":"hud","parent":"force_coor_y","pivot":[0,0,0]},{"cubes":[{"origin":[-896,-5.5,-2],"size":[8,8,0],"uv":[0,0]}],"name":"force_coor_y_rotation","parent":"hud","pivot":[0,0,0]}],"description":{"identifier":"geometry.force_coor_y4","texture_height":8,"texture_width":8,"visible_bounds_height":1.5,"visible_bounds_offset":[0,0.25,0],"visible_bounds_width":2}},{"bones":[{"name":"force_coor_y","pivot":[0,0,0]},{"name":"hud","parent":"force_coor_y","pivot":[0,0,0]},{"cubes":[{"origin":[-900,-5.5,-2],"size":[8,8,0],"uv":[0,0]}],"name":"force_coor_y_rotation","parent":"hud","pivot":[0,0,0]}],"description":{"identifier":"geometry.force_coor_y5","texture_height":8,"texture_width":8,"visible_bounds_height":1.5,"visible_bounds_offset":[0,0.25,0],"visible_bounds_width":2}},{"bones":[{"name":"force_coor_y","pivot":[0,0,0]},{"name":"hud","parent":"force_coor_y","pivot":[0,0,0]},{"cubes":[{"origin":[-904,-5.5,-2],"size":[8,8,0],"uv":[0,0]}],"name":"force_coor_y_rotation","parent":"hud","pivot":[0,0,0]}],"description":{"identifier":"geometry.force_coor_y6","texture_height":8,"texture_width":8,"visible_bounds_height":1.5,"visible_bounds_offset":[0,0.25,0],"visible_bounds_width":2}},{"bones":[{"name":"force_coor_y","pivot":[0,0,0]},{"name":"hud","parent":"force_coor_y","pivot":[0,0,0]},{"cubes":[{"origin":[-908,-5.5,-2],"size":[8,8,0],"uv":[0,0]}],"name":"force_coor_y_rotation","parent":"hud","pivot":[0,0,0]}],"description":{"identifier":"geometry.force_coor_negative_y","texture_height":8,"texture_width":8,"visible_bounds_height":1.5,"visible_bounds_offset":[0,0.25,0],"visible_bounds_width":2}},{"bones":[{"name":"force_coor_y","pivot":[0,0,0]},{"name":"hud","parent":"force_coor_y","pivot":[0,0,0]},{"cubes":[{"origin":[-916,-5.5,-2],"size":[8,8,0],"uv":[0,0]}],"name":"force_coor_y_rt","parent":"hud","pivot":[0,0,0]}],"description":{"identifier":"geometry.y_txt","texture_height":8,"texture_width":8,"visible_bounds_height":1.5,"visible_bounds_offset":[0,0.25,0],"visible_bounds_width":2}}]}