{"format_version":"1.12.0","minecraft:geometry":[{"bones":[{"name":"force_coor_x","pivot":[0,0,0]},{"name":"hud","parent":"force_coor_x","pivot":[0,0,0]},{"cubes":[{"origin":[-884,0,-2],"size":[8,8,0],"uv":[0,0]}],"name":"force_coor_x_rotation","parent":"hud","pivot":[0,0,0]}],"description":{"identifier":"geometry.force_coor_x","texture_height":8,"texture_width":8,"visible_bounds_height":1.5,"visible_bounds_offset":[0,0.25,0],"visible_bounds_width":2}},{"bones":[{"name":"force_coor_x","pivot":[0,0,0]},{"name":"hud","parent":"force_coor_x","pivot":[0,0,0]},{"cubes":[{"origin":[-888,0,-2],"size":[8,8,0],"uv":[0,0]}],"name":"force_coor_x_rotation","parent":"hud","pivot":[0,0,0]}],"description":{"identifier":"geometry.force_coor_x2","texture_height":8,"texture_width":8,"visible_bounds_height":1.5,"visible_bounds_offset":[0,0.25,0],"visible_bounds_width":2}},{"bones":[{"name":"force_coor_x","pivot":[0,0,0]},{"name":"hud","parent":"force_coor_x","pivot":[0,0,0]},{"cubes":[{"origin":[-892,0,-2],"size":[8,8,0],"uv":[0,0]}],"name":"force_coor_x_rotation","parent":"hud","pivot":[0,0,0]}],"description":{"identifier":"geometry.force_coor_x3","texture_height":8,"texture_width":8,"visible_bounds_height":1.5,"visible_bounds_offset":[0,0.25,0],"visible_bounds_width":2}},{"bones":[{"name":"force_coor_x","pivot":[0,0,0]},{"name":"hud","parent":"force_coor_x","pivot":[0,0,0]},{"cubes":[{"origin":[-896,0,-2],"size":[8,8,0],"uv":[0,0]}],"name":"force_coor_x_rotation","parent":"hud","pivot":[0,0,0]}],"description":{"identifier":"geometry.force_coor_x4","texture_height":8,"texture_width":8,"visible_bounds_height":1.5,"visible_bounds_offset":[0,0.25,0],"visible_bounds_width":2}},{"bones":[{"name":"force_coor_x","pivot":[0,0,0]},{"name":"hud","parent":"force_coor_x","pivot":[0,0,0]},{"cubes":[{"origin":[-900,0,-2],"size":[8,8,0],"uv":[0,0]}],"name":"force_coor_x_rotation","parent":"hud","pivot":[0,0,0]}],"description":{"identifier":"geometry.force_coor_x5","texture_height":8,"texture_width":8,"visible_bounds_height":1.5,"visible_bounds_offset":[0,0.25,0],"visible_bounds_width":2}},{"bones":[{"name":"force_coor_x","pivot":[0,0,0]},{"name":"hud","parent":"force_coor_x","pivot":[0,0,0]},{"cubes":[{"origin":[-904,0,-2],"size":[8,8,0],"uv":[0,0]}],"name":"force_coor_x_rotation","parent":"hud","pivot":[0,0,0]}],"description":{"identifier":"geometry.force_coor_x6","texture_height":8,"texture_width":8,"visible_bounds_height":1.5,"visible_bounds_offset":[0,0.25,0],"visible_bounds_width":2}},{"bones":[{"name":"force_coor_x","pivot":[0,0,0]},{"name":"hud","parent":"force_coor_x","pivot":[0,0,0]},{"cubes":[{"origin":[-908,0,-2],"size":[8,8,0],"uv":[0,0]}],"name":"force_coor_x_rotation","parent":"hud","pivot":[0,0,0]}],"description":{"identifier":"geometry.force_coor_negative_x","texture_height":8,"texture_width":8,"visible_bounds_height":1.5,"visible_bounds_offset":[0,0.25,0],"visible_bounds_width":2}},{"bones":[{"name":"force_coor_x","pivot":[0,0,0]},{"name":"hud","parent":"force_coor_x","pivot":[0,0,0]},{"cubes":[{"origin":[-916,0,-2],"size":[8,8,0],"uv":[0,0]}],"name":"force_coor_x_rt","parent":"hud","pivot":[0,0,0]}],"description":{"identifier":"geometry.x_txt","texture_height":8,"texture_width":8,"visible_bounds_height":1.5,"visible_bounds_offset":[0,0.25,0],"visible_bounds_width":2}}]}