{
    "chest_grid_item_quick_loot_mode@chest.container_item_quick_loot_mode": {
        "$item_collection_name": "container_items"
    },
    "small_chest_grid_quick_loot_mode@chest.small_chest_grid": {
        "grid_item_template": "chest.chest_grid_item_quick_loot_mode"
    },
    "large_chest_grid_quick_loot_mode@chest.large_chest_grid": {
        "grid_item_template": "chest.chest_grid_item_quick_loot_mode"
    },
    "small_chest_panel_top_half_quick_loot_mode@chest.small_chest_panel_top_half": {
        "controls": [
            {
                "chest_label@chest.chest_label": {}
            },
            {
                "small_chest_grid_quick_loot_mode@chest.small_chest_grid_quick_loot_mode": {
                    "offset": [
                        7,
                        9
                    ]
                }
            }
        ]
    },
    "large_chest_panel_top_half_quick_loot_mode@chest.large_chest_panel_top_half": {
        "controls": [
            {
                "chest_label@chest.chest_label": {}
            },
            {
                "large_chest_grid_quick_loot_mode@chest.large_chest_grid_quick_loot_mode": {
                    "offset": [
                        7,
                        10
                    ]
                }
            }
        ]
    },
    "small_chest_panel/root_panel/chest_panel": {
        "bindings": [
            {
                "binding_type": "view",
                "source_control_name": "tyel_quick_loot_mode_toggle",
                "source_property_name": "#toggle_state",
                "target_property_name": "#visible"
            }
        ]
    },
    "small_chest_panel/root_panel": {
        "modifications": [
            {
                "array_name": "controls",
                "operation": "insert_back",
                "value": [
                    {
                        "tyel_quick_loot_mode_toggle@chest.tyel_quick_loot_mode_toggle": {
                            "anchor_from": "top_left",
                            "anchor_to": "top_right",
                            "offset": [
                                4,
                                34
                            ],
                            "layer": 5
                        }
                    },
                    {
                        "chest_panel_quick_loot_mode": {
                            "type": "panel",
                            "layer": 5,
                            "controls": [
                                {
                                    "small_chest_panel_top_half_quick_loot_mode@chest.small_chest_panel_top_half_quick_loot_mode": {}
                                },
                                {
                                    "inventory_panel_bottom_half_with_label_quick_loot_mode@chest.inventory_panel_bottom_half_with_label_quick_loot_mode": {}
                                },
                                {
                                    "hotbar_grid_quick_loot_mode@chest.hotbar_grid_template_quick_loot_mode": {}
                                },
                                {
                                    "inventory_take_progress_icon_button@common.inventory_take_progress_icon_button": {}
                                }
                            ],
                            "bindings": [
                                {
                                    "binding_type": "view",
                                    "source_control_name": "tyel_quick_loot_mode_toggle",
                                    "source_property_name": "(not #toggle_state)",
                                    "target_property_name": "#visible"
                                }
                            ]
                        }
                    }
                ]
            }
        ]
    },
    "large_chest_panel/root_panel/chest_panel": {
        "bindings": [
            {
                "binding_type": "view",
                "source_control_name": "tyel_quick_loot_mode_toggle",
                "source_property_name": "#toggle_state",
                "target_property_name": "#visible"
            }
        ]
    },
    "large_chest_panel/root_panel": {
        "modifications": [
            {
                "array_name": "controls",
                "operation": "insert_back",
                "value": [
                    {
                        "tyel_quick_loot_mode_toggle@chest.tyel_quick_loot_mode_toggle": {
                            "anchor_from": "top_left",
                            "anchor_to": "top_right",
                            "offset": [
                                4,
                                61
                            ],
                            "layer": 5
                        }
                    },
                    {
                        "chest_panel_quick_loot_mode": {
                            "type": "panel",
                            "layer": 5,
                            "controls": [
                                {
                                    "large_chest_panel_top_half_quick_loot_mode@chest.large_chest_panel_top_half_quick_loot_mode": {}
                                },
                                {
                                    "inventory_panel_bottom_half_with_label_quick_loot_mode@chest.inventory_panel_bottom_half_with_label_quick_loot_mode": {}
                                },
                                {
                                    "hotbar_grid_quick_loot_mode@chest.hotbar_grid_template_quick_loot_mode": {}
                                },
                                {
                                    "inventory_take_progress_icon_button@common.inventory_take_progress_icon_button": {}
                                }
                            ],
                            "bindings": [
                                {
                                    "binding_type": "view",
                                    "source_control_name": "tyel_quick_loot_mode_toggle",
                                    "source_property_name": "(not #toggle_state)",
                                    "target_property_name": "#visible"
                                }
                            ]
                        }
                    }
                ]
            }
        ]
    },
    "container_item_quick_loot_mode@common.container_item": {
        "$button_ref|default": "chest.container_slot_button_prototype_quick_loot_mode"
    },
    "container_slot_button_prototype_quick_loot_mode@common.container_slot_button_prototype": {
        "button_mappings": [
            {
                "from_button_id": "button.menu_select",
                "to_button_id": "button.container_auto_place",
                "mapping_type": "pressed"
            },
            {
                "from_button_id": "button.menu_ok",
                "to_button_id": "button.container_auto_place",
                "mapping_type": "pressed"
            },
            {
                "from_button_id": "button.menu_secondary_select",
                "to_button_id": "button.container_take_half_place_one",
                "mapping_type": "pressed"
            },
            {
                "from_button_id": "button.controller_select",
                "to_button_id": "button.container_take_half_place_one",
                "mapping_type": "pressed"
            },
            {
                "from_button_id": "button.menu_auto_place",
                "to_button_id": "button.container_auto_place",
                "mapping_type": "pressed"
            },
            {
                "from_button_id": "button.controller_secondary_select",
                "to_button_id": "button.container_auto_place",
                "mapping_type": "pressed"
            },
            {
                "from_button_id": "button.menu_inventory_drop",
                "to_button_id": "button.drop_one",
                "mapping_type": "pressed"
            },
            {
                "from_button_id": "button.menu_inventory_drop_all",
                "to_button_id": "button.drop_all",
                "mapping_type": "pressed"
            },
            {
                "from_button_id": "button.menu_select",
                "to_button_id": "button.coalesce_stack",
                "mapping_type": "double_pressed"
            },
            {
                "from_button_id": "button.menu_ok",
                "to_button_id": "button.coalesce_stack",
                "mapping_type": "double_pressed"
            },
            {
                "to_button_id": "button.shape_drawing",
                "mapping_type": "pressed"
            },
            {
                "to_button_id": "button.container_slot_hovered",
                "mapping_type": "pressed"
            }
        ]
    },
    "grid_item_for_hotbar_quick_loot_mode@chest.container_item_quick_loot_mode": {
        "$item_collection_name": "hotbar_items"
    },
    "hotbar_grid_template_quick_loot_mode@common.hotbar_grid_template": {
        "grid_item_template": "chest.grid_item_for_hotbar_quick_loot_mode"
    },
    "grid_item_for_inventory_quick_loot_mode@chest.container_item_quick_loot_mode": {
        "$item_collection_name": "inventory_items"
    },
    "inventory_panel_quick_loot_mode@common.inventory_panel": {
        "controls": [
            {
                "inventory_grid": {
                    "type": "grid",
                    "size": [
                        162,
                        54
                    ],
                    "anchor_from": "bottom_middle",
                    "anchor_to": "bottom_middle",
                    "offset": [
                        0,
                        -26
                    ],
                    "grid_dimensions": [
                        9,
                        3
                    ],
                    "grid_item_template": "chest.grid_item_for_inventory_quick_loot_mode",
                    "collection_name": "inventory_items"
                }
            }
        ]
    },
    "tyel_quick_loot_mode_toggle@chest.left_tab_toggle_with_custom_control": {
        "visible": "$use_container_toggles",
        "$use_container_toggles|default": true,
        "size": [
            100,
            28
        ],
        "$toggle_on_control": "chest.quick_loot_mode_toggle_off_control",
        "$toggle_off_control": "chest.quick_loot_mode_toggle_on_control",
        "$toggle_on_hover_control": "chest.quick_loot_mode_toggle_off_hover_control",
        "$toggle_off_hover_control": "chest.quick_loot_mode_toggle_on_hover_control",
        "$option_label": "Quick Loot",
        "$option_on_label": "options.on",
        "$option_off_label": "options.off",
        "$toggle_name": "tyel_quick_loot_mode_toggle"
    },
    "inventory_panel_bottom_half_with_label_quick_loot_mode@common.inventory_panel_bottom_half_with_label": {
        "controls": [
            {
                "inventory_panel_quick_loot_mode@chest.inventory_panel_quick_loot_mode": {}
            },
            {
                "inventory_label@common.section_heading_label": {
                    "anchor_from": "top_left",
                    "anchor_to": "top_left",
                    "offset": [
                        7,
                        3
                    ],
                    "layer": 2,
                    "text": "container.inventory"
                }
            }
        ]
    },
    "quick_loot_mode_toggle_control_template": {
        "type": "stack_panel",
        "orientation": "horizontal",
        "size": [
            "100% - 8px",
            "100% - 8px"
        ],
        "anchor_from": "top_left",
        "anchor_to": "top_left",
        "offset": [
            5,
            4
        ],
        "clips_children": true,
        "$toggle_image_control|default": "common.empty_panel",
        "$option_label|default": "",
        "$toggle_label|default": "",
        "$option_primary_color|default": "$tab_checked_text_color",
        "$option_secondary_color|default": "$tab_secondary_checked_text_color",
        "controls": [
            {
                "toggle_image_panel": {
                    "type": "panel",
                    "size": [
                        30,
                        "100%"
                    ],
                    "controls": [
                        {
                            "toggle_image_control@$toggle_image_control": {
                                "offset": [
                                    0,
                                    2
                                ]
                            }
                        }
                    ]
                }
            },
            {
                "padding": {
                    "type": "panel",
                    "size": [
                        2,
                        "100%"
                    ]
                }
            },
            {
                "quick_loot_mode_label_panel": {
                    "type": "stack_panel",
                    "orientation": "vertical",
                    "size": [
                        "fill",
                        "100%"
                    ],
                    "controls": [
                        {
                            "quick_loot_mode_label": {
                                "type": "label",
                                "text": "$option_label",
                                "color": "$option_primary_color",
                                "size": [
                                    "100%",
                                    "default"
                                ],
                                "max_size": [
                                    "100%",
                                    20
                                ]
                            }
                        },
                        {
                            "switch_label": {
                                "type": "label",
                                "text": "$toggle_label",
                                "color": "$option_secondary_color",
                                "size": [
                                    "100%",
                                    10
                                ]
                            }
                        }
                    ]
                }
            }
        ]
    },
    "quick_loot_mode_toggle_on_control@chest.quick_loot_mode_toggle_control_template": {
        "$toggle_image_control": "settings_common.option_toggle_on",
        "$toggle_label": "$option_on_label",
        "$option_primary_color": "$tab_checked_text_color",
        "$option_secondary_color": "$tab_secondary_unchecked_text_color"
    },
    "quick_loot_mode_toggle_off_control@chest.quick_loot_mode_toggle_control_template": {
        "$toggle_image_control": "settings_common.option_toggle_off",
        "$toggle_label": "$option_off_label",
        "$option_primary_color": "$tab_unchecked_text_color",
        "$option_secondary_color": "$tab_secondary_checked_text_color"
    },
    "quick_loot_mode_toggle_on_hover_control@chest.quick_loot_mode_toggle_control_template": {
        "$toggle_image_control": "settings_common.option_toggle_on_hover",
        "$toggle_label": "$option_on_label",
        "$option_primary_color": "$tab_checked_hover_text_color",
        "$option_secondary_color": "$tab_secondary_unchecked_hover_text_color"
    },
    "quick_loot_mode_toggle_off_hover_control@chest.quick_loot_mode_toggle_control_template": {
        "$toggle_image_control": "settings_common.option_toggle_off_hover",
        "$toggle_label": "$option_off_label",
        "$option_primary_color": "$tab_unchecked_hover_text_color",
        "$option_secondary_color": "$tab_secondary_checked_hover_text_color"
    },
    "tab_toggle_state_template": {
        "type": "image",
        "size": [
            "100%",
            "100%"
        ],
        "anchor_from": "top_left",
        "anchor_to": "top_left",
        "$toggle_control_template|default": "common.empty_panel",
        "$tab_texture_alpha|default": 1,
        "alpha": "$tab_texture_alpha",
        "controls": [
            {
                "toggle_control@$toggle_control_template": {
                    "layer": 1
                }
            }
        ]
    },
    "tab_toggle_on@chest.tab_toggle_state_template": {
        "texture": "$unchecked_default_image",
        "$toggle_control_template": "$toggle_on_control"
    },
    "tab_toggle_off@chest.tab_toggle_state_template": {
        "texture": "$checked_default_image",
        "$toggle_control_template": "$toggle_off_control"
    },
    "tab_toggle_on_hover@chest.tab_toggle_state_template": {
        "texture": "$unchecked_hover_image",
        "$toggle_control_template": "$toggle_on_hover_control"
    },
    "tab_toggle_off_hover@chest.tab_toggle_state_template": {
        "texture": "$checked_hover_image",
        "$toggle_control_template": "$toggle_off_hover_control"
    },
    "tab_toggle_on_locked@chest.tab_toggle_state_template": {
        "texture": "$unchecked_locked_image",
        "$toggle_control_template": "$toggle_on_control"
    },
    "tab_toggle_off_locked@chest.tab_toggle_state_template": {
        "texture": "$checked_locked_image",
        "$toggle_control_template": "$toggle_off_control"
    },
    "tab_toggle_on_locked_hover@chest.tab_toggle_state_template": {
        "texture": "$unchecked_locked_hover_image",
        "$toggle_control_template": "$toggle_on_control"
    },
    "tab_toggle_off_locked_hover@chest.tab_toggle_state_template": {
        "texture": "$checked_locked_hover_image",
        "$toggle_control_template": "$toggle_off_control"
    },
    "tab_toggle_with_custom_control_template@common.toggle": {
        "$toggle_on_control|default": "common.empty_panel",
        "$toggle_off_control|default": "common.empty_panel",
        "$toggle_on_hover_control|default": "common.empty_panel",
        "$toggle_off_hover_control|default": "common.empty_panel",
        "$unchecked_control": "chest.tab_toggle_off",
        "$checked_control": "chest.tab_toggle_on",
        "$unchecked_hover_control": "chest.tab_toggle_off_hover",
        "$checked_hover_control": "chest.tab_toggle_on_hover",
        "$unchecked_locked_control": "chest.tab_toggle_off_locked",
        "$unchecked_locked_hover_control": "chest.tab_toggle_off_locked_hover",
        "$checked_locked_control": "chest.tab_toggle_on_locked",
        "$checked_locked_hover_control": "chest.tab_toggle_on_locked_hover"
    },
    "left_tab_toggle_with_custom_control@chest.tab_toggle_with_custom_control_template": {
        "$is_bottom_most_tab|default": false,
        "$is_top_most_tab|default": false,
        "variables": [
            {
                "requires": "($is_bottom_most_tab and not $is_top_most_tab)",
                "$unchecked_default_image": "textures/ui/TabLeftBackBottomMost",
                "$unchecked_hover_image": "textures/ui/TabLeftBackBottomMostHover",
                "$unchecked_locked_image": "textures/ui/TabLeftBackBottomMost",
                "$unchecked_locked_hover_image": "textures/ui/TabLeftBackBottomMost",
                "$checked_default_image": "textures/ui/TabLeftFrontBottomMost",
                "$checked_hover_image": "textures/ui/TabLeftFrontBottomMostHover",
                "$checked_locked_image": "textures/ui/TabLeftFrontBottomMost",
                "$checked_locked_hover_image": "textures/ui/TabLeftFrontBottomMost"
            },
            {
                "requires": "($is_top_most_tab and not $is_bottom_most_tab)",
                "$unchecked_default_image": "textures/ui/TabLeftBackTopMost",
                "$unchecked_hover_image": "textures/ui/TabLeftBackTopMostHover",
                "$unchecked_locked_image": "textures/ui/TabLeftBackTopMost",
                "$unchecked_locked_hover_image": "textures/ui/TabLeftBackTopMost",
                "$checked_default_image": "textures/ui/TabLeftFrontTopMost",
                "$checked_hover_image": "textures/ui/TabLeftFrontTopMostHover",
                "$checked_locked_image": "textures/ui/TabLeftFrontTopMost",
                "$checked_locked_hover_image": "textures/ui/TabLeftFrontTopMost"
            }
        ],
        "$unchecked_default_image|default": "textures/ui/TabLeftBack",
        "$unchecked_hover_image|default": "textures/ui/TabLeftBackHover",
        "$unchecked_locked_image|default": "textures/ui/TabLeftBack",
        "$unchecked_locked_hover_image|default": "textures/ui/TabLeftBack",
        "$checked_default_image|default": "textures/ui/TabLeftFront",
        "$checked_hover_image|default": "textures/ui/TabLeftFrontHover",
        "$checked_locked_image|default": "textures/ui/TabLeftFront",
        "$checked_locked_hover_image|default": "textures/ui/TabLeftFront"
    }
}