{"format_version":"1.8.0","render_controllers":{"controller.render.player.compassE":{"geometry":"Geometry.compass","is_hurt_color":{},"materials":[{"*":"Material.default"}],"rebuild_animation_matrices":true,"textures":["Texture.compassE"]},"controller.render.player.compassN":{"geometry":"Geometry.compass","is_hurt_color":{},"materials":[{"*":"Material.default"}],"rebuild_animation_matrices":true,"textures":["Texture.compassN"]},"controller.render.player.compassS":{"geometry":"Geometry.compass","is_hurt_color":{},"materials":[{"*":"Material.default"}],"rebuild_animation_matrices":true,"textures":["Texture.compassS"]},"controller.render.player.compassW":{"geometry":"Geometry.compass","is_hurt_color":{},"materials":[{"*":"Material.default"}],"rebuild_animation_matrices":true,"textures":["Texture.compassW"]}}}