{"format_version":"1.8.0","render_controllers":{"controller.render.player.cps_tag":{"arrays":{"textures":{"array.cps_tag":["texture.cps_tag","texture.cps_tag1","texture.cps_tag","texture.cps_tag1","texture.cps_tag1","texture.cps_tag2","texture.cps_tag2","texture.cps_tag1","texture.cps_tag3","texture.cps_tag2","texture.cps_tag2","texture.cps_tag4","texture.cps_tag1","texture.cps_tag3","texture.cps_tag5","texture.cps_tag1","texture.cps_tag5","texture.cps_tag4","texture.cps_tag6","texture.cps_tag1","texture.cps_tag6","texture.cps_tag5","texture.cps_tag7","texture.cps_tag7","texture.cps_tag6","texture.cps_tag1","texture.cps_tag8"]}},"geometry":"Geometry.cps_tag","is_hurt_color":{},"materials":[{"*":"Material.default"}],"rebuild_animation_matrices":true,"textures":["array.cps_tag[(query.delta_time + query.life_time * 3.7 + query.anim_time * 2)]"]}}}