{"format_version":"1.8.0","render_controllers":{"controller.render.player.go":{"geometry":"Geometry.kst","is_hurt_color":{},"materials":[{"*":"Material.default"}],"rebuild_animation_matrices":true,"textures":["Texture.go"]},"controller.render.player.jump":{"geometry":"Geometry.kst","is_hurt_color":{},"materials":[{"*":"Material.default"}],"rebuild_animation_matrices":true,"textures":["Texture.jump"]},"controller.render.player.sit":{"geometry":"Geometry.kst","is_hurt_color":{},"materials":[{"*":"Material.default"}],"rebuild_animation_matrices":true,"textures":["Texture.sit"]}}}