{"format_version":"1.8.0","render_controllers":{"controller.render.player.a":{"geometry":"Geometry.kst","is_hurt_color":{},"materials":[{"*":"Material.default"}],"textures":["Texture.to_the_left"]},"controller.render.player.a1":{"geometry":"Geometry.kst","is_hurt_color":{},"materials":[{"*":"Material.default"}],"textures":["Texture.to_the_right"]},"controller.render.player.d":{"geometry":"Geometry.kst","is_hurt_color":{},"materials":[{"*":"Material.default"}],"textures":["Texture.to_the_right"]},"controller.render.player.d1":{"geometry":"Geometry.kst","is_hurt_color":{},"materials":[{"*":"Material.default"}],"textures":["Texture.to_the_left"]}}}