{"format_version":"1.8.0","render_controllers":{"controller.render.player.cps":{"arrays":{"textures":{"array.cps":["texture.cps","texture.cps1","texture.cps","texture.cps1","texture.cps1","texture.cps2","texture.cps2","texture.cps1","texture.cps3","texture.cps2","texture.cps2","texture.cps4","texture.cps1","texture.cps3","texture.cps5","texture.cps1","texture.cps5","texture.cps4","texture.cps6","texture.cps1","texture.cps6","texture.cps5","texture.cps7","texture.cps7","texture.cps6","texture.cps1","texture.cps8"]}},"geometry":"Geometry.kst","is_hurt_color":{},"materials":[{"*":"Material.default"}],"rebuild_animation_matrices":true,"textures":["array.cps[(query.delta_time + query.life_time * 3.7 + query.anim_time * 2)]"]},"controller.render.player.jump_up":{"geometry":"Geometry.kst","is_hurt_color":{},"materials":[{"*":"Material.default"}],"rebuild_animation_matrices":true,"textures":["Texture.jump_up"]},"controller.render.player.move":{"geometry":"Geometry.kst","is_hurt_color":{},"materials":[{"*":"Material.default"}],"rebuild_animation_matrices":true,"textures":["Texture.move"]},"controller.render.player.sneak":{"geometry":"Geometry.kst","is_hurt_color":{},"materials":[{"*":"Material.default"}],"rebuild_animation_matrices":true,"textures":["Texture.sneak"]},"controller.render.player.sprint":{"geometry":"Geometry.kst","is_hurt_color":{},"materials":[{"*":"Material.default"}],"rebuild_animation_matrices":true,"textures":["Texture.sprint"]}}}