{
	"format_version": "1.10.0",
	"particle_effect": {
		"description": {
			"identifier": "fortress:nametag",
			"basic_render_parameters": {
				"material": "particles_alpha",
				"texture": "textures/gui/newgui/title/nametag"
			}
		},
		"components": {
			"minecraft:emitter_local_space": {
				"position": true,
				"rotation": true
			},
			"minecraft:emitter_rate_steady": {
				"spawn_rate": 1,
				"max_particles": 1
			},
			"minecraft:emitter_lifetime_looping": {
				"active_time": 1
			},
			"minecraft:emitter_shape_point": {
				"offset": [0, 0.7, 0]
			},
			"minecraft:particle_lifetime_expression": {
				"max_lifetime": 1000000
			},
			"minecraft:particle_initial_speed": 0,
			"minecraft:particle_motion_dynamic": {},
			"minecraft:particle_appearance_billboard": {
				"size": [1.3, 1.3],
				"facing_camera_mode": "rotate_y",
				"uv": {
					"texture_width": 500,
					"texture_height": 500,
					"uv": [0, 0],
					"uv_size": [500, 500]
				}
			}
		}
	}
}