{
  "namespace":"ch_img",
  "main":{
    "type":"panel",
    "size":[
      9,
      9
    ],
    "controls":[
      {
        "1@ch_img.1":{
          
        }
      },
      {
        "2@ch_img.2":{
          
        }
      },
      {
        "3@ch_img.3":{
          
        }
      },
      {
        "4@ch_img.4":{
          
        }
      },
      {
        "5@ch_img.5":{
          
        }
      },
      {
        "6@ch_img.6":{
          
        }
      },
      {
        "7@ch_img.7":{
          
        }
      },
      {
        "8@ch_img.8":{
          
        }
      },
      {
        "9@ch_img.9":{
          
        }
      },
      {
        "10@ch_img.10":{
          
        }
      },
      {
        "11@ch_img.11":{
          
        }
      },
      {
        "12@ch_img.12":{
          
        }
      },
      {
        "13@ch_img.13":{
          
        }
      },
      {
        "14@ch_img.14":{
          
        }
      },
      {
        "15@ch_img.15":{
          
        }
      },
      {
        "16@ch_img.16":{
          
        }
      },
      {
        "17@ch_img.17":{
          
        }
      },
      {
        "18@ch_img.18":{
          
        }
      },
      {
        "19@ch_img.19":{
          
        }
      },
      {
        "20@ch_img.20":{
          
        }
      },
      {
        "21@ch_img.21":{
          
        }
      },
      {
        "22@ch_img.22":{
          
        }
      },
      {
        "23@ch_img.23":{
          
        }
      },
      {
        "24@ch_img.24":{
          
        }
      },
      {
        "25@ch_img.25":{
          
        }
      },
      {
        "26@ch_img.26":{
          
        }
      },
      {
        "27@ch_img.27":{
          
        }
      },
      {
        "28@ch_img.28":{
          
        }
      },
      {
        "29@ch_img.29":{
          
        }
      },
      {
        "30@ch_img.30":{
          
        }
      },
      {
        "31@ch_img.31":{
          
        }
      },
      {
        "32@ch_img.32":{
          
        }
      },
      {
        "33@ch_img.33":{
          
        }
      },
      {
        "34@ch_img.34":{
          
        }
      },
      {
        "35@ch_img.35":{
          
        }
      },
      {
        "36@ch_img.36":{
          
        }
      },
      {
        "37@ch_img.37":{
          
        }
      }
    ]
  },
  "1":{
    "type":"image",
    "texture":"_SPY/crosshairs/ch1",
    "bindings":[
      {
        "binding_type":"view",
        "source_control_name":"ch.toggle.1",
        "source_property_name":"#toggle_state",
        "target_property_name":"#visible"
      }
    ]
  },
  "2":{
    "type":"image",
    "texture":"_SPY/crosshairs/ch2",
    "bindings":[
      {
        "binding_type":"view",
        "source_control_name":"ch.toggle.2",
        "source_property_name":"#toggle_state",
        "target_property_name":"#visible"
      }
    ]
  },
  "3":{
    "type":"image",
    "texture":"_SPY/crosshairs/ch3",
    "bindings":[
      {
        "binding_type":"view",
        "source_control_name":"ch.toggle.3",
        "source_property_name":"#toggle_state",
        "target_property_name":"#visible"
      }
    ]
  },
  "4":{
    "type":"image",
    "texture":"_SPY/crosshairs/ch4",
    "bindings":[
      {
        "binding_type":"view",
        "source_control_name":"ch.toggle.4",
        "source_property_name":"#toggle_state",
        "target_property_name":"#visible"
      }
    ]
  },
  "5":{
    "type":"image",
    "texture":"_SPY/crosshairs/ch5",
    "bindings":[
      {
        "binding_type":"view",
        "source_control_name":"ch.toggle.5",
        "source_property_name":"#toggle_state",
        "target_property_name":"#visible"
      }
    ]
  },
  "6":{
    "type":"image",
    "texture":"_SPY/crosshairs/ch6",
    "bindings":[
      {
        "binding_type":"view",
        "source_control_name":"ch.toggle.6",
        "source_property_name":"#toggle_state",
        "target_property_name":"#visible"
      }
    ]
  },
  "7":{
    "type":"image",
    "texture":"_SPY/crosshairs/ch7",
    "bindings":[
      {
        "binding_type":"view",
        "source_control_name":"ch.toggle.7",
        "source_property_name":"#toggle_state",
        "target_property_name":"#visible"
      }
    ]
  },
  "8":{
    "type":"image",
    "texture":"_SPY/crosshairs/ch8",
    "bindings":[
      {
        "binding_type":"view",
        "source_control_name":"ch.toggle.8",
        "source_property_name":"#toggle_state",
        "target_property_name":"#visible"
      }
    ]
  },
  "9":{
    "type":"image",
    "texture":"_SPY/crosshairs/ch9",
    "bindings":[
      {
        "binding_type":"view",
        "source_control_name":"ch.toggle.9",
        "source_property_name":"#toggle_state",
        "target_property_name":"#visible"
      }
    ]
  },
  "10":{
    "type":"image",
    "texture":"_SPY/crosshairs/ch10",
    "bindings":[
      {
        "binding_type":"view",
        "source_control_name":"ch.toggle.10",
        "source_property_name":"#toggle_state",
        "target_property_name":"#visible"
      }
    ]
  },
  "11":{
    "type":"image",
    "texture":"_SPY/crosshairs/ch11",
    "bindings":[
      {
        "binding_type":"view",
        "source_control_name":"ch.toggle.11",
        "source_property_name":"#toggle_state",
        "target_property_name":"#visible"
      }
    ]
  },
  "12":{
    "type":"image",
    "texture":"_SPY/crosshairs/ch12",
    "bindings":[
      {
        "binding_type":"view",
        "source_control_name":"ch.toggle.12",
        "source_property_name":"#toggle_state",
        "target_property_name":"#visible"
      }
    ]
  },
  "13":{
    "type":"image",
    "texture":"_SPY/crosshairs/ch13",
    "bindings":[
      {
        "binding_type":"view",
        "source_control_name":"ch.toggle.13",
        "source_property_name":"#toggle_state",
        "target_property_name":"#visible"
      }
    ]
  },
  "14":{
    "type":"image",
    "texture":"_SPY/crosshairs/ch14",
    "bindings":[
      {
        "binding_type":"view",
        "source_control_name":"ch.toggle.14",
        "source_property_name":"#toggle_state",
        "target_property_name":"#visible"
      }
    ]
  },
  "15":{
    "type":"image",
    "texture":"_SPY/crosshairs/ch15",
    "bindings":[
      {
        "binding_type":"view",
        "source_control_name":"ch.toggle.15",
        "source_property_name":"#toggle_state",
        "target_property_name":"#visible"
      }
    ]
  },
  "16":{
    "type":"image",
    "texture":"_SPY/crosshairs/ch16",
    "bindings":[
      {
        "binding_type":"view",
        "source_control_name":"ch.toggle.16",
        "source_property_name":"#toggle_state",
        "target_property_name":"#visible"
      }
    ]
  },
  "17":{
    "type":"image",
    "texture":"_SPY/crosshairs/ch17",
    "bindings":[
      {
        "binding_type":"view",
        "source_control_name":"ch.toggle.17",
        "source_property_name":"#toggle_state",
        "target_property_name":"#visible"
      }
    ]
  },
  "18":{
    "type":"image",
    "texture":"_SPY/crosshairs/ch18",
    "bindings":[
      {
        "binding_type":"view",
        "source_control_name":"ch.toggle.18",
        "source_property_name":"#toggle_state",
        "target_property_name":"#visible"
      }
    ]
  },
  "19":{
    "type":"image",
    "texture":"_SPY/crosshairs/ch19",
    "bindings":[
      {
        "binding_type":"view",
        "source_control_name":"ch.toggle.19",
        "source_property_name":"#toggle_state",
        "target_property_name":"#visible"
      }
    ]
  },
  "20":{
    "type":"image",
    "texture":"_SPY/crosshairs/ch20",
    "bindings":[
      {
        "binding_type":"view",
        "source_control_name":"ch.toggle.20",
        "source_property_name":"#toggle_state",
        "target_property_name":"#visible"
      }
    ]
  },
  "21":{
    "type":"image",
    "texture":"_SPY/crosshairs/ch21",
    "bindings":[
      {
        "binding_type":"view",
        "source_control_name":"ch.toggle.21",
        "source_property_name":"#toggle_state",
        "target_property_name":"#visible"
      }
    ]
  },
  "22":{
    "type":"image",
    "texture":"_SPY/crosshairs/ch22",
    "bindings":[
      {
        "binding_type":"view",
        "source_control_name":"ch.toggle.22",
        "source_property_name":"#toggle_state",
        "target_property_name":"#visible"
      }
    ]
  },
  "23":{
    "type":"image",
    "texture":"_SPY/crosshairs/ch23",
    "bindings":[
      {
        "binding_type":"view",
        "source_control_name":"ch.toggle.23",
        "source_property_name":"#toggle_state",
        "target_property_name":"#visible"
      }
    ]
  },
  "24":{
    "type":"image",
    "texture":"_SPY/crosshairs/ch24",
    "bindings":[
      {
        "binding_type":"view",
        "source_control_name":"ch.toggle.24",
        "source_property_name":"#toggle_state",
        "target_property_name":"#visible"
      }
    ]
  },
  "25":{
    "type":"image",
    "texture":"_SPY/crosshairs/ch25",
    "bindings":[
      {
        "binding_type":"view",
        "source_control_name":"ch.toggle.25",
        "source_property_name":"#toggle_state",
        "target_property_name":"#visible"
      }
    ]
  },
  "26":{
    "type":"image",
    "texture":"_SPY/crosshairs/ch26",
    "bindings":[
      {
        "binding_type":"view",
        "source_control_name":"ch.toggle.26",
        "source_property_name":"#toggle_state",
        "target_property_name":"#visible"
      }
    ]
  },
  "27":{
    "type":"image",
    "texture":"_SPY/crosshairs/ch27",
    "bindings":[
      {
        "binding_type":"view",
        "source_control_name":"ch.toggle.27",
        "source_property_name":"#toggle_state",
        "target_property_name":"#visible"
      }
    ]
  },
  "28":{
    "type":"image",
    "texture":"_SPY/crosshairs/ch28",
    "bindings":[
      {
        "binding_type":"view",
        "source_control_name":"ch.toggle.28",
        "source_property_name":"#toggle_state",
        "target_property_name":"#visible"
      }
    ]
  },
  "29":{
    "type":"image",
    "texture":"_SPY/crosshairs/ch29",
    "bindings":[
      {
        "binding_type":"view",
        "source_control_name":"ch.toggle.29",
        "source_property_name":"#toggle_state",
        "target_property_name":"#visible"
      }
    ]
  },
  "30":{
    "type":"image",
    "texture":"_SPY/crosshairs/ch30",
    "bindings":[
      {
        "binding_type":"view",
        "source_control_name":"ch.toggle.30",
        "source_property_name":"#toggle_state",
        "target_property_name":"#visible"
      }
    ]
  },
  "31":{
    "type":"image",
    "texture":"_SPY/crosshairs/ch31",
    "bindings":[
      {
        "binding_type":"view",
        "source_control_name":"ch.toggle.31",
        "source_property_name":"#toggle_state",
        "target_property_name":"#visible"
      }
    ]
  },
  "32":{
    "type":"image",
    "texture":"_SPY/crosshairs/ch32",
    "bindings":[
      {
        "binding_type":"view",
        "source_control_name":"ch.toggle.32",
        "source_property_name":"#toggle_state",
        "target_property_name":"#visible"
      }
    ]
  },
  "33":{
    "type":"image",
    "texture":"_SPY/crosshairs/ch33",
    "bindings":[
      {
        "binding_type":"view",
        "source_control_name":"ch.toggle.33",
        "source_property_name":"#toggle_state",
        "target_property_name":"#visible"
      }
    ]
  },
  "34":{
    "type":"image",
    "texture":"_SPY/crosshairs/ch34",
    "bindings":[
      {
        "binding_type":"view",
        "source_control_name":"ch.toggle.34",
        "source_property_name":"#toggle_state",
        "target_property_name":"#visible"
      }
    ]
  },
  "35":{
    "type":"image",
    "texture":"_SPY/crosshairs/ch35",
    "bindings":[
      {
        "binding_type":"view",
        "source_control_name":"ch.toggle.35",
        "source_property_name":"#toggle_state",
        "target_property_name":"#visible"
      }
    ]
  },
  "36":{
    "type":"image",
    "texture":"_SPY/crosshairs/ch36",
    "bindings":[
      {
        "binding_type":"view",
        "source_control_name":"ch.toggle.36",
        "source_property_name":"#toggle_state",
        "target_property_name":"#visible"
      }
    ]
  },
  "37":{
    "type":"image",
    "texture":"_SPY/crosshairs/ch37",
    "bindings":[
      {
        "binding_type":"view",
        "source_control_name":"ch.toggle.37",
        "source_property_name":"#toggle_state",
        "target_property_name":"#visible"
      }
    ]
  }
  
  
}