{"action_button@common_buttons.light_text_button":{"$button_text|default":"unset $button_text","$pressed_button_name|default":"unset_button_name","anchor_from":"center","anchor_to":"center","size":["100%",30]},"arrow_image":{"$alpha|default":1,"alpha":"$alpha","layer":1,"size":[8,8],"texture":"textures/ui/arrowRight","type":"image"},"content_area":{"$focus_nagivation_mode_override_down|default":"contained","$focus_nagivation_mode_override_left|default":"","$focus_nagivation_mode_override_right|default":"","$focus_nagivation_mode_override_up|default":"contained","anchor_from":"top_right","anchor_to":"top_right","controls":[{"control":{"anchor_from":"top_right","anchor_to":"top_right","controls":[{"header_panel":{"anchor_from":"top_left","anchor_to":"top_left","controls":[{"content@$section_header_panels":{}}],"layer":20,"size":["100%","100%c"],"type":"panel"}},{"scrolling_panel@common.scrolling_panel":{"$scroll_bar_left_padding_size":[1,0],"$scroll_size":["5px","100% - 4px"],"$scrolling_content":"$section_content_panels","$show_background":false,"size":["100%","fill"]}},{"footer_panel":{"anchor_from":"bottom_left","anchor_to":"bottom_left","controls":[{"content@$section_footer_panels":{}}],"layer":20,"size":["100%","100%c"],"type":"panel"}}],"size":["100%","100%"],"type":"stack_panel"}}],"focus_container":true,"focus_nagivation_mode_down":"$focus_nagivation_mode_override_down","focus_nagivation_mode_left":"$focus_nagivation_mode_override_left","focus_nagivation_mode_right":"$focus_nagivation_mode_override_right","focus_nagivation_mode_up":"$focus_nagivation_mode_override_up","layer":1,"offset":["-1px",0],"size":["60% - 8px","100%-2px"],"type":"panel","use_last_focus":false},"dark_section_toggle_base@common_toggles.dark_ui_toggle":{"$button_size_override":["100%","100% + 1px"],"$button_type_panel":"settings_common.toggle_button_control","$radio_toggle_group":true,"$toggle_group_default_selected":"$default_selector_toggle_index","$toggle_name":"navigation_tab","$toggle_on_hover_binding_name":"#toggle_on_hover","$toggle_on_hover_binding_type":"global","$toggle_tab_focus_binding_name":"#navigation_tab_focus_precedence","$toggle_tab_focus_binding_type":"global","$toggle_tts_name":"accessibility.tab.tts.title","$toggle_tts_toggle_off_text":"accessibility.state.unselected","$toggle_tts_toggle_on_text":"accessibility.state.selected","anchor_from":"top_left","anchor_to":"top_left","size":["100%","30px"]},"default_options_dropdown_toggle_button_state_content":{"$options_dropdown_toggle_button_state_content|default":["100%","100% - 8px"],"$options_dropdown_toggle_left_padding|default":[8,"100%"],"$options_dropdown_toggle_prelabel_content|default":"common.empty_panel","$options_dropdown_toggle_right_padding|default":[8,"100%"],"controls":[{"left_padding@common.empty_panel":{"size":"$options_dropdown_toggle_left_padding"}},{"option_content@$options_dropdown_toggle_prelabel_content":{"$options_dropdown_toggle_prelabel_content_size|default":[0,"100%"],"size":"$options_dropdown_toggle_prelabel_content_size"}},{"option_content_padding@common.empty_panel":{"$options_dropdown_toggle_prelabel_content_padding|default":[0,"100%"],"size":"$options_dropdown_toggle_prelabel_content_padding"}},{"label_panel":{"controls":[{"label@common.new_button_label":{"$options_dropdown_label_bindings|default":[{"binding_collection_name":"$options_dropdown_toggle_label_binding_collection_name","binding_condition":"none","binding_name":"$options_dropdown_toggle_label_binding","binding_type":"$options_dropdown_toggle_label_binding_type"},{"binding_name":"$options_dropdown_label_color_binding","binding_name_override":"#color","binding_type":"$options_dropdown_label_color_binding_type"}],"$options_dropdown_label_color_binding_type|default":"none","$options_dropdown_label_color_binding|default":"","$options_dropdown_toggle_label_binding_collection_name|default":"","$options_dropdown_toggle_label_binding_type|default":"global","$options_dropdown_toggle_label_font_type|default":"default","$options_dropdown_toggle_label_shadow|default":false,"alpha":"$content_alpha","anchor_from":"left_middle","anchor_to":"left_middle","bindings":"$options_dropdown_label_bindings","font_type":"smooth","layer":1,"max_size":["100%","100%"],"shadow":false,"shadow":"$options_dropdown_toggle_label_shadow","size":["100%","default"],"text":"$options_dropdown_toggle_label_binding"}}],"layer":1,"size":["fill","100%"],"type":"panel"}},{"arrow_panel":{"controls":[{"dropdown_chevron_image@dropdown_chevron_image":{}}],"layer":1,"size":["100%c","100%"],"type":"panel"}},{"right_padding@common.empty_panel":{"size":"$options_dropdown_toggle_right_padding"}}],"layer":3,"orientation":"horizontal","size":"$options_dropdown_toggle_button_state_content","type":"stack_panel"},"dialog-background@common_dialogs.main_panel_no_buttons":{"$child_control":"$dialog_content","$fill_alpha":0,"$text_name":"O P T I O N S","font_type":"smooth","size":["95%","90%"]},"dialog_content":{"anchor_from":"top_middle","anchor_to":"top_middle","controls":[{"selector_area@settings_common.selector_area":{}},{"content_area@settings_common.content_area":{}},{"section_divider@settings_common.section_divider":{}},{"popup_dialog_factory":{"control_ids":{"backups_modal":"@realms_settings.popup_dialog__backups","options_modal":"@realms_whitelist.popup_dialog__options","purchase_failed":"@realms_create.popup_dialog__purchase_failed","purchase_in_progress":"@realms_create.popup_dialog__purchase_in_progress","share_by_link":"@realms_whitelist.popup_dialog__share_by_link"},"type":"factory"}}],"type":"panel"},"dialog_title_label":{"anchor_from":"top_left","anchor_to":"top_left","bindings":[{"binding_name":"#dialog_title"}],"color":"$title_text_color","font_type":"smooth","layer":2,"shadow":false,"text":"#dialog_title","type":"label"},"dialog_titles":{"anchor_from":"top_left","anchor_to":"top_left","controls":[{"left_padding":{"size":[18,"100%"],"type":"panel"}},{"dialog_title_label@settings_common.dialog_title_label":{"size":["40% - 2px","100%"]}},{"center_padding":{"size":[9,"100%"],"type":"panel"}},{"section_title_label@settings_common.section_title_label":{"size":["fill","90%"]}},{"right_padding_is_always_right":{"size":[22,"95%"],"type":"panel"}}],"offset":[0,3.5],"orientation":"horizontal","size":["100%",18],"type":"stack_panel"},"dropdown_chevron_image":{"$alpha|default":1,"alpha":"$alpha","layer":1,"size":[8,8],"texture":"textures/ui/dropdown_chevron","type":"image"},"dynamic_dialog_screen@common.base_screen":{"$is_full_screen_layout":true,"$screen_content":"settings_common.dialog-background","button_mappings":[{"from_button_id":"button.menu_cancel","mapping_type":"global","to_button_id":"button.menu_exit"},{"from_button_id":"button.menu_tab_left","mapping_type":"global","scope":"view","to_button_id":"button.menu_tab_left"},{"from_button_id":"button.menu_tab_right","mapping_type":"global","scope":"view","to_button_id":"button.menu_tab_right"}],"cache_screen":false,"type":"screen"},"link_button@common_buttons.hyperlink_button":{"$button_size_override":["100%","100% + 1px"],"$button_text|default":"unset $button_text","anchor_from":"center","anchor_to":"center","property_bag":{"#hyperlink":"unset #hyperlink in property_bag"},"size":["100%",30]},"namespace":"settings_common","option_custom_control@settings_common.option_generic":{},"option_dropdown@settings_common.option_generic":{"$control_name":"settings_common.option_dropdown_control"},"option_dropdown_control":{"$dropdown_background_control|default":"common.dropdown_background","$option_dropdown_size|default":["100%",30],"$option_dropdown_type|default":"common.dropdown","$option_label|default":"","anchor_from":"center","anchor_to":"center","controls":[{"dropdown@$option_dropdown_type":{"$dropdown_background":"$dropdown_background_control","$dropdown_content|default":"unset_dropdown_content","$dropdown_name|default":"unset $dropdown_name","$dropdown_toggle":"settings_common.options_dropdown_toggle_control","$locked_alpha":0.5,"$options_dropdown_toggle_label_binding|default":"unset $options_dropdown_toggle_label_text","$toggle_tts_header":"$option_label"}}],"layer":2,"size":"$option_dropdown_size","type":"panel"},"option_dropdown_control_no_scroll@settings_common.option_dropdown_control":{"$option_dropdown_type":"common.dropdown_no_scrollpanel"},"option_dropdown_no_scroll@settings_common.option_generic":{"$control_name":"settings_common.option_dropdown_control_no_scroll"},"option_generic":{"$enabled|default":true,"$option_enabled_binding_name|default":"","$option_generic_panel_size|default":["100%","100%c"],"controls":[{"option_generic_core@settings_common.option_generic_core":{}}],"size":"$option_generic_panel_size","type":"panel"},"option_generic_core":{"$allow_data_binding|default":true,"$label_bindings|default":[],"$label_offset|default":[0,0],"$one_line_layout|default":false,"$option_enabled_binding_type|default":"global","$option_label_alignment|default":"left","$option_label|default":"","$show_option_label|default":true,"bindings":[{"binding_name":"$option_enabled_binding_name","binding_name_override":"#enabled","binding_type":"$option_enabled_binding_type"}],"controls":[{"two_line_layout":{"controls":[{"option_label_panel":{"controls":[{"option_label":{"bindings":"$label_bindings","color":"$main_header_text_color","font_type":"smooth","layer":1,"locked_alpha":0.5,"offset":"$label_offset","shadow":false,"size":["100%","default"],"text":"$option_label","text_alignment":"$option_label_alignment","type":"label","visible":"$show_option_label"}}],"size":["100%","100%c"],"type":"panel"}},{"spacer":{"size":[0,1],"type":"panel","visible":"$show_option_label"}},{"$control_name@$control_name":{"anchor_from":"top_left","anchor_to":"top_left"}}],"ignored":"($one_line_layout)","orientation":"vertical","size":["100%","100%c"],"type":"stack_panel"}},{"one_line_layout":{"$label_offset|default":[34,0],"$label_size|default":["100% - 34px","default"],"$line_min_size|default":["100%","16px"],"$line_size|default":["100%","100%c - 16px"],"controls":[{"$control_name@$control_name":{"anchor_from":"top_left","anchor_to":"top_left"}},{"option_label":{"anchor_from":"left_middle","anchor_to":"left_middle","bindings":"$label_bindings","color":"$main_header_text_color","font_type":"smooth","layer":1,"locked_alpha":0.5,"offset":"$label_offset","shadow":false,"size":"$label_size","text":"$option_label","text_alignment":"$option_label_alignment","type":"label","visible":"$show_option_label"}}],"ignored":"(not $one_line_layout)","min_size":"$line_min_size","size":"$line_size","type":"panel"}},{"spacer":{"size":[0,4],"type":"panel"}}],"enabled":"$enabled","size":["100%","100%c"],"type":"stack_panel","variables":[{"$option_enabled_binding_name":"#not_data_bound","$option_enabled_binding_type":"none","requires":"(not $enabled or not $option_enabled_binding_name)"}]},"option_group_label":{"$text_bindings|default":[],"$text|default":"unset $text","controls":[{"text":{"anchor_from":"top_left","anchor_to":"top_left","bindings":"$text_bindings","color":"$main_header_text_color","font_type":"smooth","font_type":"smooth","locked_alpha":0.5,"max_size":["100%","default"],"offset":[0,4],"text":"$text","type":"label"}}],"size":["100%","100%c + 9px"],"type":"panel"},"option_info_label@settings_common.option_generic":{"$control_name":"settings_common.option_info_label_image"},"option_info_label_image@common.tts_label_focus_wrapper":{"$tts_label_panel":"settings_common.option_info_label_with_image"},"option_info_label_with_bulb":{"$used_fontsize|default":"normal","$used_fonttype|default":"default","controls":[{"stack_panel":{"controls":[{"padding1@common.empty_panel":{"size":[2,19]}},{"bulb_panel":{"controls":[{"padding1@common.empty_panel":{"size":[0,"fill"]}},{"bulb_image":{"bilinear":true,"layer":1,"size":[15,19],"texture":"textures/ui/infobulb","type":"image"}},{"padding2@common.empty_panel":{"size":[0,"fill"]}}],"orientation":"vertical","size":["100%c","100%sm"],"type":"stack_panel"}},{"padding2@common.empty_panel":{"size":[2,0]}},{"label_panel":{"controls":[{"info_label":{"bindings":[{"binding_name":"$container_text_binding_name"}],"color":"$main_header_text_color","font_size":"$used_fontsize","font_type":"smooth","font_type":"$used_fonttype","layer":1,"shadow":false,"size":["100% - 2px","default"],"text":"$container_text_binding_name","type":"label"}}],"size":["fill","100%c"],"type":"panel"}}],"orientation":"horizontal","size":["100%","100%cm"],"type":"stack_panel"}}],"size":["100%","100%c + 6px"],"texture":"textures/ui/text_label_box","type":"image"},"option_info_label_with_image":{"$used_fontsize|default":"normal","$used_fonttype|default":"default","controls":[{"control":{"bindings":[{"binding_name":"$container_text_binding_name"}],"color":"$main_header_text_color","font_size":"$used_fontsize","font_type":"smooth","font_type":"$used_fonttype","layer":1,"shadow":false,"size":["100% - 8px","default"],"text":"$container_text_binding_name","type":"label"}}],"size":["100%","100%c + 6px"],"texture":"textures/ui/text_label_box","type":"image"},"option_radio_dropdown_group":{"$toggle_tts_header":"","$toggle_tts_name":"accessibility.dropdown.listItem","$toggle_tts_toggle_off_text":"accessibility.state.unselected","$toggle_tts_toggle_on_text":"accessibility.state.selected","$toggle_tts_type_priority":50,"controls":[{"radio_control_group@settings_common.option_radio_group_control":{"anchor_from":"top_left","anchor_to":"top_left"}}],"offset":[2,1],"size":["100% - 4px","100%c + 4px"],"type":"panel"},"option_radio_group@settings_common.option_generic":{"$control_name":"settings_common.option_radio_group_control"},"option_radio_group_control":{"$radio_bindings|default":[],"$radio_collection_name|default":"","$radio_factory|default":{"name":"empty"},"bindings":"$radio_bindings","collection_name":"$radio_collection_name","controls":"$radio_buttons","factory":"$radio_factory","size":["100%","100%c"],"type":"stack_panel"},"option_slider@settings_common.option_generic":{"$control_name":"settings_common.option_slider_control"},"option_slider_control":{"controls":[{"slider@common.slider":{"$option_label|default":"","$slider_box_size":[10,16],"$slider_enabled_binding_name":"$option_enabled_binding_name","$slider_enabled_binding_type":"global","$slider_tts_header":"$option_label","$slider_tts_header_binding_type":"global","enabled":"$enabled","offset":[1,0],"size":["100%-8px",10],"variables":[{"$slider_enabled_binding_name":"#not_data_bound","$slider_enabled_binding_type":"none","requires":"(not $option_enabled_binding_name or not $enabled)"}]}}],"size":["100% - 2px",16],"type":"panel"},"option_text_edit@settings_common.option_generic":{"$control_name":"settings_common.option_text_edit_control","$max_text_edit_length|default":30,"$option_place_holder_text|default":""},"option_text_edit_control@common.text_edit_box":{"$option_text_edit_control_size|default":["100%","30px"],"$place_holder_text":"$option_place_holder_text","$text_box_enabled_binding_name":"$option_enabled_binding_name","$text_box_tts_header":"$option_label","$text_box_tts_name":"","$text_edit_box_binding_collection_name":"$option_binding_name","$text_edit_box_binding_type":"global","$text_edit_box_content_binding_name":"$option_binding_name","$tts_override_control_value|default":" ","enabled":"$enabled","max_length":"$max_text_edit_length","size":"$option_text_edit_control_size","tts_override_control_value":"$tts_override_control_value","variables":[{"$text_box_enabled_binding_name":"#not_data_bound","$text_edit_box_enabled_binding_type":"none","requires":"(not $option_enabled_binding_name or not $enabled)"}]},"option_text_edit_control_with_button":{"controls":[{"text_box@common.text_edit_box":{"$place_holder_text":"$option_place_holder_text","$text_box_enabled_binding_name":"$option_enabled_binding_name","$text_box_tts_header":"$option_label","$text_box_tts_name":"","$text_edit_box_binding_collection_name":"$option_binding_name","$text_edit_box_binding_type":"global","$text_edit_box_content_binding_name":"$option_binding_name","enabled":"$enabled","max_length":"$max_text_edit_length","size":["85%","100%"],"variables":[{"$text_box_enabled_binding_name":"#not_data_bound","$text_edit_box_enabled_binding_type":"none","requires":"(not $option_enabled_binding_name or not $enabled)"}]}},{"button@common_buttons.light_glyph_button":{"$button_content":"settings_common.arrow_image","size":["fill","100%"]}}],"orientation":"horizontal","size":["100%","30px"],"type":"stack_panel"},"option_text_edit_control_with_text_button":{"$option_text_edit_control_with_button_size|default":["100%","30px"],"controls":[{"text_box@common.text_edit_box":{"$option_text_edit_control_size|default":["85%","100%"],"$place_holder_text":"$option_place_holder_text","$text_box_enabled_binding_name":"$option_enabled_binding_name","$text_box_tts_header":"$option_label","$text_box_tts_name":"","$text_edit_box_binding_collection_name":"$option_binding_name","$text_edit_box_binding_type":"global","$text_edit_box_content_binding_name":"$option_binding_name","enabled":"$enabled","max_length":"$max_text_edit_length","size":"$option_text_edit_control_size","variables":[{"$text_box_enabled_binding_name":"#not_data_bound","$text_edit_box_enabled_binding_type":"none","requires":"(not $option_enabled_binding_name or not $enabled)"}]}},{"button@common_buttons.light_text_button":{"$button_text|default":"unset $button_text","$option_button_control_size|default":["fill","100%"],"$pressed_button_name|default":"unset_button_name","size":"$option_button_control_size"}}],"orientation":"horizontal","size":"$option_text_edit_control_with_button_size","type":"stack_panel"},"option_text_edit_with_button@settings_common.option_generic":{"$control_name":"settings_common.option_text_edit_control_with_button","$max_text_edit_length|default":30,"$option_place_holder_text|default":""},"option_text_edit_with_text_button@settings_common.option_generic":{"$control_name":"settings_common.option_text_edit_control_with_text_button","$max_text_edit_length|default":30,"$option_place_holder_text|default":""},"option_toggle1@settings_common.option_generic":{"$control_name":"settings_common.option_toggle_control1","$option_label|default":"","$toggle_tts_header":"$option_label","variables":[{"$one_line_layout":true,"requires":"$desktop_screen"}]},"option_toggle@settings_common.option_generic":{"$control_name":"settings_common.option_toggle_control","$option_label|default":"","$toggle_tts_header":"$option_label","variables":[{"$one_line_layout":true,"requires":"$desktop_screen"}]},"option_toggle_control1@common.toggle":{"$binding_condition":"once","$binding_type":"global","$checked_control":"settings_common.option_toggle_on1","$checked_hover_control":"settings_common.option_toggle_on_hover1","$checked_locked_control":"settings_common.option_toggle_on_locked1","$checked_locked_hover_control":"settings_common.option_toggle_on_locked1","$enable_directional_toggling":false,"$toggle_enabled_binding_name|default":"$option_enabled_binding_name","$toggle_enabled_binding_type|default":"global","$toggle_state_binding_name|default":"$option_binding_name","$unchecked_control":"settings_common.option_toggle_off1","$unchecked_hover_control":"settings_common.option_toggle_off_hover1","$unchecked_locked_control":"settings_common.option_toggle_off_locked1","$unchecked_locked_hover_control":"settings_common.option_toggle_off_locked1","enabled":"$enabled","layer":2,"size":["100%","100%c"]},"option_toggle_control@common.toggle":{"$binding_condition":"once","$binding_type":"global","$checked_control":"settings_common.option_toggle_on","$checked_hover_control":"settings_common.option_toggle_on_hover","$checked_locked_control":"settings_common.option_toggle_on_locked","$checked_locked_hover_control":"settings_common.option_toggle_on_locked","$enable_directional_toggling":false,"$toggle_enabled_binding_name|default":"$option_enabled_binding_name","$toggle_enabled_binding_type|default":"global","$toggle_state_binding_name|default":"$option_binding_name","$unchecked_control":"settings_common.option_toggle_off","$unchecked_hover_control":"settings_common.option_toggle_off_hover","$unchecked_locked_control":"settings_common.option_toggle_off_locked","$unchecked_locked_hover_control":"settings_common.option_toggle_off_locked","enabled":"$enabled","layer":2,"size":["100%","100%c"],"variables":[{"$toggle_enabled_binding_name":"#not_data_bound","$toggle_enabled_binding_type":"none","requires":"(not $option_enabled_binding_name or not $enabled)"}]},"option_toggle_off1@settings_common.option_toggle_state_template":{"texture":"textures/ui/toggle_off1"},"option_toggle_off@settings_common.option_toggle_state_template":{"texture":"textures/ui/toggle_off"},"option_toggle_off_hover1@settings_common.option_toggle_state_template":{"texture":"textures/ui/toggle_off_hover1"},"option_toggle_off_hover@settings_common.option_toggle_state_template":{"texture":"textures/ui/toggle_off_hover"},"option_toggle_off_locked1@settings_common.option_toggle_off1":{"alpha":0.5},"option_toggle_off_locked@settings_common.option_toggle_off":{"alpha":0.5},"option_toggle_on1@settings_common.option_toggle_state_template":{"texture":"textures/ui/toggle_on1"},"option_toggle_on@settings_common.option_toggle_state_template":{"texture":"textures/ui/toggle_on"},"option_toggle_on_hover1@settings_common.option_toggle_state_template":{"texture":"textures/ui/toggle_on_hover1"},"option_toggle_on_hover@settings_common.option_toggle_state_template":{"texture":"textures/ui/toggle_on_hover"},"option_toggle_on_locked1@settings_common.option_toggle_on1":{"alpha":0.5},"option_toggle_on_locked@settings_common.option_toggle_on":{"alpha":0.5},"option_toggle_state_template":{"anchor_from":"top_left","anchor_to":"top_left","size":[30,16],"type":"image"},"options_dropdown_dark_toggle_control@common_toggles.dark_template_toggle":{"$button_type_panel|default":"settings_common.default_options_dropdown_toggle_button_state_content","$toggle_binding_type|default":"global","$toggle_enabled_binding_name|default":"$option_enabled_binding_name","$toggle_enabled_binding_type|default":"global","enabled":"$enabled","size":["100%","100%"],"variables":[{"$toggle_enabled_binding_name":"#not_data_bound","$toggle_enabled_binding_type":"none","requires":"(not $option_enabled_binding_name or not $enabled)"}]},"options_dropdown_toggle_control@common_toggles.light_template_toggle":{"$button_type_panel|default":"settings_common.default_options_dropdown_toggle_button_state_content","$toggle_binding_type|default":"global","$toggle_enabled_binding_name|default":"$option_enabled_binding_name","$toggle_enabled_binding_type|default":"global","enabled":"$enabled","size":["100%","100%"],"variables":[{"$toggle_enabled_binding_name":"#not_data_bound","$toggle_enabled_binding_type":"none","requires":"(not $option_enabled_binding_name or not $enabled)"}]},"radio_description":{"color":"$main_header_text_color","font_scale_factor":"$description_font_scale_factor","font_type":"smooth","font_type":"$description_font_type","offset":[4,2],"shadow":false,"size":["100% - 10px","default"],"text":"$radio_label_desc","type":"label"},"radio_description_panel":{"$description_font_scale_factor":1.333,"$description_font_type":"smooth","controls":[{"description@settings_common.radio_description":{}}],"ignored":"($no_description)","layer":1,"size":["100%","100%c"],"type":"panel"},"radio_item_with_label_and_content":{"$checked_control":"settings_common.radio_with_label_and_content_checked","$checked_hover_control":"settings_common.radio_with_label_and_content_checked_hover","$checked_locked_control":"settings_common.radio_with_label_and_content_checked_locked","$checked_locked_hover_control":"settings_common.radio_with_label_and_content_checked_locked","$radio_background_checked_color":"$dropdown_radio_background_checked_color","$radio_background_hover_color":"$dropdown_radio_background_hover_color","$radio_background_unchecked_color":"$dropdown_radio_background_unchecked_color","$unchecked_control":"settings_common.radio_with_label_and_content_unchecked","$unchecked_hover_control":"settings_common.radio_with_label_and_content_unchecked_hover","$unchecked_locked_control":"settings_common.radio_with_label_and_content_unchecked_locked","$unchecked_locked_hover_control":"settings_common.radio_with_label_and_content_unchecked_locked","anchor_from":"top_left","anchor_to":"top_left","controls":[{"radio_with_label_core@settings_common.radio_with_label_core":{}}],"size":["100%","100%cm"],"type":"panel"},"radio_item_with_label_and_content_stack":{"$alpha|default":1,"$no_label|default":false,"$no_radio_content|default":true,"$radio_label_bindings|default":[],"$radio_label_color|default":"$main_header_text_color","$radio_label_font_type|default":"default","controls":[{"initial_padding@common.empty_panel":{"size":[5,"100%sm"]}},{"radio_image_panel@settings_common.radio_with_label_and_content_stack_item":{"controls":[{"image":{"alpha":"$alpha","size":[10,10],"texture":"$radio_texture","type":"image"}}]}},{"radio_to_content_padding@common.empty_panel":{"size":[5,"100%sm"]}},{"radio_content_panel@settings_common.radio_with_label_and_content_stack_item":{"controls":[{"radio_image@$radio_content_control":{}}],"ignored":"$no_radio_content"}},{"content_to_label_padding@common.empty_panel":{"ignored":"$no_radio_content","size":[5,"100%sm"]}},{"radio_label_panel@settings_common.radio_with_label_and_content_stack_item":{"controls":[{"radio_label":{"alpha":"$alpha","bindings":"$radio_label_bindings","color":"$radio_label_color","font_type":"smooth","font_type":"$radio_label_font_type","ignored":"($no_label)","shadow":false,"size":["default","default"],"text":"$radio_label_text","type":"label"}}]}}],"layer":1,"orientation":"horizontal","size":["100%","100%cm"],"type":"stack_panel"},"radio_visuals":{"$alpha|default":1,"$hovered|default":false,"$no_label|default":false,"$radio_label_bindings|default":[],"$radio_label_color|default":"$main_header_text_color","$radio_label_font_type|default":"default","$selected|default":false,"controls":[{"radio_image":{"alpha":"$alpha","anchor_from":"left_middle","anchor_to":"left_middle","layer":2,"size":[10,10],"texture":"$radio_texture","type":"image"}},{"radio_label":{"alpha":"$alpha","anchor_from":"left_middle","anchor_to":"left_middle","bindings":"$radio_label_bindings","color":"$radio_label_color","font_type":"smooth","font_type":"$radio_label_font_type","ignored":"($no_label)","layer":2,"offset":[16,0.5],"shadow":false,"size":["100% - 16px","default"],"text":"$radio_label_text","type":"label"}},{"accessibility_selection_highlight":{"$highlight_image|default":"","$selection_highlight_offset|default":[0,0],"$selection_highlight_size|default":["100% + 4px","100% + 2px"],"ignored":"(not $selected and not $hovered)","layer":1,"offset":"$selection_highlight_offset","size":"$selection_highlight_size","texture":"$highlight_image","tiled":true,"type":"image"}}],"size":["100%",16],"type":"panel","variables":[{"$highlight_image":"textures/ui/dropDownSelectBG","requires":"$selected"},{"$highlight_image":"textures/ui/dropDownHoverBG","requires":"$hovered"}]},"radio_visuals_checked@radio_visuals":{"$radio_texture":"textures/ui/radio_on","$selected":true},"radio_visuals_checked_hover@radio_visuals":{"$hovered":true,"$radio_texture":"textures/ui/radio_on_hover"},"radio_visuals_checked_locked@radio_visuals":{"$alpha":0.5,"$radio_texture":"textures/ui/radio_on","$selected":true},"radio_visuals_unchecked@radio_visuals":{"$radio_texture":"textures/ui/radio_off"},"radio_visuals_unchecked_hover@radio_visuals":{"$hovered":true,"$radio_texture":"textures/ui/radio_off_hover"},"radio_visuals_unchecked_locked@radio_visuals":{"$alpha":0.5,"$radio_texture":"textures/ui/radio_off"},"radio_with_label":{"$enabled|default":true,"anchor_from":"top_left","anchor_to":"top_left","controls":[{"radio_with_label_core@settings_common.radio_with_label_core":{}}],"offset":[3,0],"size":["100%","17px"],"type":"panel"},"radio_with_label_and_content":{"$radio_background_color|default":"$radio_background_unchecked_color","controls":[{"radio_background":{"color":"$radio_background_color","keep_ratio":false,"layer":1,"size":["100% - 4px","100%sm"],"texture":"textures/ui/White","type":"image"}},{"radio_item_with_description_stack":{"$no_description|default":true,"controls":[{"radio_icon_and_label@settings_common.radio_item_with_label_and_content_stack":{}},{"radio_description@settings_common.radio_description_panel":{}}],"layer":2,"orientation":"vertical","size":["100%","100%c + 4px"],"type":"stack_panel"}}],"size":["100%","100%cm"],"type":"panel"},"radio_with_label_and_content_checked@settings_common.radio_with_label_and_content":{"$radio_background_color":"$radio_background_checked_color","$radio_texture":"textures/ui/radio_on"},"radio_with_label_and_content_checked_hover@settings_common.radio_with_label_and_content":{"$radio_background_color":"$radio_background_hover_color","$radio_texture":"textures/ui/radio_on_hover"},"radio_with_label_and_content_checked_locked@settings_common.radio_with_label_and_content":{"$alpha":0.5,"$radio_background_color":"$radio_background_checked_color","$radio_texture":"textures/ui/radio_on"},"radio_with_label_and_content_stack_item":{"$radio_stack_item_element_size|default":["100%c",19],"size":"$radio_stack_item_element_size","type":"panel"},"radio_with_label_and_content_unchecked@settings_common.radio_with_label_and_content":{"$radio_texture":"textures/ui/radio_off"},"radio_with_label_and_content_unchecked_hover@settings_common.radio_with_label_and_content":{"$radio_background_color":"$radio_background_hover_color","$radio_texture":"textures/ui/radio_off_hover"},"radio_with_label_and_content_unchecked_locked@settings_common.radio_with_label_and_content":{"$alpha":0.5,"$radio_texture":"textures/ui/radio_off"},"radio_with_label_core@common.radio_toggle":{"$checked_control|default":"settings_common.radio_visuals_checked","$checked_hover_control|default":"settings_common.radio_visuals_checked_hover","$checked_locked_control|default":"settings_common.radio_visuals_checked_locked","$checked_locked_hover_control|default":"settings_common.radio_visuals_checked_locked","$radio_toggle_group":true,"$toggle_enabled_binding_name":"$option_enabled_binding_name","$toggle_enabled_binding_type":"global","$toggle_name|default":"$toggle_state_binding_name","$unchecked_control|default":"settings_common.radio_visuals_unchecked","$unchecked_hover_control|default":"settings_common.radio_visuals_unchecked_hover","$unchecked_locked_control|default":"settings_common.radio_visuals_unchecked_locked","$unchecked_locked_hover_control|default":"settings_common.radio_visuals_unchecked_locked","enabled":"$enabled","size":["100%","100%c"],"variables":[{"$toggle_enabled_binding_name":"#not_data_bound","$toggle_enabled_binding_type":"none","requires":"(not $option_enabled_binding_name or not $enabled)"}]},"screen_base@settings_common.dynamic_dialog_screen":{"$dialog_content":"settings_common.dialog_content"},"scrollable_selector_area_content":{"controls":[{"$selector_stack_panel@$selector_stack_panel":{}}],"offset":["2px","2px"],"size":["100% - 4px","100%c + 4px"],"type":"panel"},"section_divider":{"anchor_from":"top_left","anchor_to":"top_left","layer":3,"offset":["40%",0],"size":[4,"100%-2px"],"texture":"textures/ui/HowToPlayDivider","type":"image"},"section_title_label":{"anchor_from":"top_middle","anchor_to":"top_middle","bindings":[{"binding_name":"#section_title"}],"color":"$title_text_color","font_type":"smooth","layer":2,"shadow":false,"text":"#section_title","text_alignment":"center","type":"label"},"section_toggle_base@common_toggles.light_ui_toggle":{"$button_size_override":["100%","100% + 1px"],"$button_type_panel":"settings_common.toggle_button_control","$radio_toggle_group":true,"$toggle_group_default_selected":"$default_selector_toggle_index","$toggle_name":"navigation_tab","$toggle_on_hover_binding_name":"#toggle_on_hover","$toggle_on_hover_binding_type":"global","$toggle_tab_focus_binding_name":"#navigation_tab_focus_precedence","$toggle_tab_focus_binding_type":"global","$toggle_tts_name":"accessibility.tab.tts.title","$toggle_tts_toggle_off_text":"accessibility.state.unselected","$toggle_tts_toggle_on_text":"accessibility.state.selected","anchor_from":"top_left","anchor_to":"top_left","size":["100%","30px"]},"selector_area":{"$focus_nagivation_mode_override_down|default":"contained","$focus_nagivation_mode_override_left|default":"","$focus_nagivation_mode_override_right|default":"","$focus_nagivation_mode_override_up|default":"contained","anchor_from":"top_left","anchor_to":"top_left","controls":[{"scrolling_panel@common.scrolling_panel":{"$scroll_bar_left_padding_size":[1,0],"$scroll_size":["5px","100% - 4px"],"$scrolling_content":"settings_common.scrollable_selector_area_content","$show_background":false}}],"focus_container":true,"focus_nagivation_mode_down":"$focus_nagivation_mode_override_down","focus_nagivation_mode_left":"$focus_nagivation_mode_override_left","focus_nagivation_mode_right":"$focus_nagivation_mode_override_right","focus_nagivation_mode_up":"$focus_nagivation_mode_override_up","layer":2,"offset":[2,0],"size":["40% - 3px","100%-2px"],"type":"panel","use_last_focus":true},"selector_group_label":{"color":"$main_header_text_color","offset":[15,0],"size":["100%","default"],"type":"label"},"toggle_button_control":{"$button_label_offset|default":[40,0],"$glyph_anchor_from|default":"left_middle","$glyph_anchor_to|default":"left_middle","$glyph_offset|default":[5,0],"controls":[{"glyph":{"$glyph_bindings|default":[],"alpha":"$content_alpha","anchor_from":"$glyph_anchor_from","anchor_to":"$glyph_anchor_to","bindings":"$glyph_bindings","color":"$glyph_color","layer":3,"offset":"$glyph_offset","size":"$glyph_size","texture":"$glyph_texture","type":"image"}},{"glyph_color":{"$glyph_color_bindings|default":[],"alpha":"$content_alpha","anchor_from":"$glyph_anchor_from","anchor_to":"$glyph_anchor_to","bindings":"$glyph_color_bindings","layer":4,"offset":"$glyph_offset","size":"$glyph_size","texture":"$glyph_color_texture","type":"image"}},{"progress_loading_bars@progress.progress_loading_bars":{"$glyph_progress_bindings|default":[],"anchor_from":"left_middle","anchor_to":"left_middle","bindings":"$glyph_progress_bindings","color":"$glyph_color","layer":5,"offset":[5,0],"size":"$glyph_size","visible":false}},{"tab_button_text":{"$button_text_binding_condition|default":"none","$button_text_binding_type|default":"none","$button_text_grid_collection_name|default":"","alpha":"$content_alpha","anchor_from":"left_middle","anchor_to":"left_middle","bindings":[{"binding_collection_name":"$button_text_grid_collection_name","binding_condition":"$button_text_binding_condition","binding_name":"$button_text","binding_name_override":"$button_text","binding_type":"$button_text_binding_type"}],"color":"$text_color","font_type":"smooth","layer":3,"max_size":["100% - 38px","100% - 4px"],"offset":"$button_label_offset","shadow":false,"size":["100% - 38px","default"],"text":"$button_text","type":"label"}}],"layer":2,"type":"panel"},"white_label":{"color":"$main_header_text_color","font_type":"smooth","shadow":false,"text":"$text","type":"label"}}