{
    "format_version": "1.10.0",
    "render_controllers": {
        "controller.render.leash_knot": {
            "geometry": "geometry.default",
            "materials": [
                {
                    "*": "material.default"
                }
            ],
            "textures": [
                "texture.default"
            ],
            "filter_lighting": true,
            "is_hurt_color": {
                "r": "0.0",
                "g": "0.0",
                "b": "0.0",
                "a": "0.75"
            },
            "on_fire_color": {
                "r": "0.0",
                "g": "0.0",
                "b": "0.0",
                "a": "0.75"
            }
        }
    }
}