{
    "format_version": "1.8.0",
    "render_controllers": {
        "controller.render.vex": {
            "arrays": {
                "textures": {
                    "Array.textures": [
                        "Texture.default",
                        "Texture.charging"
                    ]
                }
            },
            "geometry": "Geometry.default",
            "materials": [
                {
                    "*": "Material.default"
                }
            ],
            "textures": [
                "Array.textures[query.is_charging]"
            ],
            "is_hurt_color": {
                "r": "0.0",
                "g": "0.0",
                "b": "0.0",
                "a": "0.75"
            },
            "on_fire_color": {
                "r": "0.0",
                "g": "0.0",
                "b": "0.0",
                "a": "0.75"
            }
        }
    }
}