{
  "format_version": "1.10.0",
  "particle_effect": {
    "description": {
      "identifier": "ambient:damage_emitter",
      "basic_render_parameters": {
        "material": "particles_blend",
        "texture": "textures/particle/hit_particle"
      }
    },
    "components": {
      "minecraft:emitter_rate_instant": {
        "num_particles": 30
      },
      "minecraft:emitter_lifetime_expression": {
        "activation_expression": 1,
        "expiration_expression": 0
      },
      "minecraft:emitter_shape_point": {
        "offset": [ 0, 0, 0 ],
        "direction": ["Math.random(-0.75, 0.75)","Math.random(-0.75, 0.75)","Math.random(-0.75, 0.75)"]
      },
      "minecraft:particle_initial_speed": "Math.random(6.5, 10.0)",
      "minecraft:particle_lifetime_expression": {
        "max_lifetime": "Math.random(0.25, 0.5)"
      },
      "minecraft:particle_motion_dynamic": {
        "linear_acceleration": [ 0, 0, 0 ],
        "linear_drag_coefficient": 7.5
      },
      "minecraft:particle_appearance_billboard": {
        "size": [
          "0.075 + variable.particle_random_1 * 0.01",
          "0.075 + variable.particle_random_1 * 0.01"
        ],
        "facing_camera_mode": "lookat_xyz",
        "uv": {
          "texture_width": 14,
          "texture_height": 7,
          "flipbook": {
            "base_UV": [ 0, 0 ],
            "size_UV": [ 7, 7 ],
            "step_UV": [ 7, 0 ],
            "frames_per_second": 1,
            "max_frame": 2,
            "stretch_to_lifetime":true
          }
        }
      },
      "minecraft:particle_appearance_lighting": {},
      "minecraft:particle_appearance_tinting": {
        "color": [ 0.0, 0.57, 0.52, "-math.pow(variable.particle_age * 1.5, 2.15) + 1.0" ]
      }
    }
  }
}