{"binding_button@common_buttons.light_content_button":{"$default_button_texture":"textures/ui/default_toggle_button_dark","$focus_border_size":[0,0],"$hover_button_texture":"textures/ui/hover_toggle_button_dark","$pressed_button_texture":"textures/ui/hover_toggle_button_dark"},"binding_button_content/default_label":{"color":"white"},"image_binding_button@common_buttons.light_content_button":{"$default_button_texture":"textures/ui/default_toggle_button_dark","$focus_border_size":[0,0],"$hover_button_texture":"textures/ui/hover_toggle_button_dark","$pressed_button_texture":"textures/ui/hover_toggle_button_dark"},"image_binding_button_content/default_label":{"color":"white"},"namespace":"controls_section","reset_binding_button@common_buttons.light_glyph_button":{"$default_button_texture":"textures/ui/default_toggle_button_dark","$focus_border_size":[0,0],"$hover_button_texture":"textures/ui/hover_toggle_button_dark","$pressed_button_texture":"textures/ui/hover_toggle_button_dark"}}