{"action_button@common_buttons.light_text_button":{"$default_button_texture":"textures/ui/default_toggle_button_dark","$focus_border_size":[0,0],"$hover_button_texture":"textures/ui/hover_toggle_button_dark","$locked_button_texture":"textures/ui/locked_toggle_button_dark","$pressed_button_texture":"textures/ui/hover_toggle_button_dark","$v_color":"white"},"content_area":{"offset":[0,0],"size":["60% - 8px","100%"]},"default_options_dropdown_toggle_button_state_content/label_panel/label":{"color":"white"},"dialog_content":{"modifications":[{"array_name":"controls","operation":"insert_front","value":[{"x_screen":{"bindings":[{"binding_type":"view","source_control_name":"panel_cc_cut_ngay","source_property_name":"(not #toggle_state)","target_property_name":"#visible"}],"button_mappings":[{"from_button_id":"button.menu_cancel","mapping_type":"global","to_button_id":"button.cc"}],"controls":[{"bg":{"alpha":0.7,"controls":[{"classic@common_toggles.light_text_toggle":{"$button_text":"Switch to classic UI","$pressed_button_name":"button.cc","$toggle_name":"#ui_profile_radio_classic","$toggle_view_binding_name":"panel_cc_cut_ngay","layer":405,"size":[108,30]}}],"size":["100%","100%"],"texture":"textures/ui/Black","type":"image"}}],"ignored":"$desktop_screen","layer":400,"size":["150%","150%"],"type":"screen"}}]},{"control_name":"dialog_titles","operation":"remove"}]},"dynamic_dialog_screen@common.base_screen":{"$header_bar_control":"common.empty_panel","$header_safezone_control":"common.empty_panel","$screen_animations":["v_animation.screen_entrance_animation_pop_fade","v_animation.screen_entrance_animation_push_fade","v_animation.screen_exit_animation_pop_fade","v_animation.screen_exit_animation_push_fade","v_animation.screen_entrance_animation_pop_offset","v_animation.screen_entrance_animation_push_offset","v_animation.screen_exit_animation_pop_offset","v_animation.screen_exit_animation_push_offset"],"$screen_background_control":"custom_background.background_xx","$screen_bg_content":"custom_background.background_xxx","$screen_content":"settings_common.v_dialog","$v_ignored":"(not $is_pregame)"},"link_button@common_buttons.hyperlink_button":{"$default_button_texture":"textures/ui/default_toggle_button_dark","$focus_border_size":[0,0],"$hover_button_texture":"textures/ui/hover_toggle_button_dark","$locked_button_texture":"textures/ui/locked_toggle_button_dark","$pressed_button_texture":"textures/ui/hover_toggle_button_dark","$v_color":"white"},"namespace":"settings_common","option_slider_control":{"$v_slider_bg":"textures/ui/v_slider_background","$v_slider_bg_hover":"textures/ui/v_slider_background_hover","$v_slider_button_default":"textures/ui/v_slider_button_default","$v_slider_button_hover_layout":"textures/ui/v_slider_button_hover","$v_slider_button_locked_layout":"textures/ui/v_slider_button_locked","$v_slider_button_state":"textures/ui/v_slider_button_default","$v_slider_progress":"textures/ui/v_slider_progress","$v_slider_progress_hover":"textures/ui/v_slider_progress_hover","$v_slider_step":"textures/ui/v_slider_step_background","$v_slider_step_hover":"textures/ui/v_slider_step_background_hover","$v_slider_step_progress":"textures/ui/v_slider_step_progress","$v_slider_step_progress_hover":"textures/ui/v_slider_step_progress_hover"},"option_text_edit_control@common.text_edit_box":{"$text_background_default":"common.v_edit_box_indent","$text_background_hover":"common.v_edit_box_indent_hover"},"option_text_edit_control_with_button/button":{"$default_button_texture":"textures/ui/default_toggle_button_dark","$focus_border_size":[0,0],"$hover_button_texture":"textures/ui/hover_toggle_button_dark","$locked_button_texture":"textures/ui/locked_toggle_button_dark","$pressed_button_texture":"textures/ui/hover_toggle_button_dark","$v_color":"white"},"option_text_edit_control_with_button/text_box":{"$text_background_default":"common.v_edit_box_indent","$text_background_hover":"common.v_edit_box_indent_hover"},"option_text_edit_control_with_text_button/button":{"$default_button_texture":"textures/ui/default_toggle_button_dark","$focus_border_size":[0,0],"$hover_button_texture":"textures/ui/hover_toggle_button_dark","$locked_button_texture":"textures/ui/locked_toggle_button_dark","$pressed_button_texture":"textures/ui/hover_toggle_button_dark","$v_color":"white"},"option_text_edit_control_with_text_button/text_box":{"$text_background_default":"common.v_edit_box_indent","$text_background_hover":"common.v_edit_box_indent_hover"},"option_toggle_off@settings_common.option_toggle_state_template":{"texture":"textures/ui/v_toggle_off"},"option_toggle_off_hover@settings_common.option_toggle_state_template":{"texture":"textures/ui/v_toggle_off_hover"},"option_toggle_off_locked@settings_common.option_toggle_state_template":{"texture":"textures/ui/v_toggle_off"},"option_toggle_on@settings_common.option_toggle_state_template":{"texture":"textures/ui/v_toggle_on"},"option_toggle_on_hover@settings_common.option_toggle_state_template":{"texture":"textures/ui/v_toggle_on_hover"},"option_toggle_on_locked@settings_common.option_toggle_state_template":{"texture":"textures/ui/v_toggle_on_hover"},"options_dropdown_toggle_control@common_toggles.light_template_toggle":{"$default_texture":"textures/ui/default_toggle_button_dark","$focus_border_size":[0,0],"$hover_texture":"textures/ui/hover_toggle_button_dark","$locked_texture":"textures/ui/locked_toggle_button_dark","$pressed_no_hover_texture":"textures/ui/hover_toggle_button_dark","$pressed_texture":"textures/ui/hover_toggle_button_dark"},"section_divider":{"offset":["40%",0],"size":["4px","100%"]},"section_toggle_base@common_toggles.light_ui_toggle":{"$default_border_visible":false,"$default_texture":"textures/ui/default_toggle_button_dark","$hover_border_visible":false,"$hover_texture":"textures/ui/hover_toggle_button_dark","$locked_texture":"textures/ui/locked_toggle_button_dark","$pressed_no_hover_texture":"textures/ui/hover_toggle_button_dark","$pressed_texture":"textures/ui/hover_toggle_button_dark","$toggle_group_default_selected":365},"selector_area":{"offset":[0,0],"size":["40% - 3px","100%"]},"toggle_button_control/tab_button_text":{"color":"white"},"v_dialog@common_dialogs.v_main_panel_no_buttons":{"$child_control":"$dialog_content","$ev_bg_alpha":0.8,"$fill_alpha":0,"$show_close_button":true,"$text_name":"§fSettings","layer":0,"size":["100% - 20px","100% - 20px"]}}