{"format_version":"1.16.100","minecraft:fog_settings":{"description":{"identifier":"optifinebr:fog_default"},"distance":{"air":{"fog_color":"#ABD2FF","fog_end":32,"fog_start":29.44,"render_distance_type":"fixed"},"lava":{"fog_color":"#991A00","fog_end":0.16,"fog_start":0,"render_distance_type":"fixed"},"lava_resistance":{"fog_color":"#991A00","fog_end":4,"fog_start":2,"render_distance_type":"fixed"},"weather":{"fog_color":"#666666","fog_end":22.4,"fog_start":7.36,"render_distance_type":"fixed"}}}}