{
 "" : false,
 "gfx_ENVIRONMENT_LIGHT_SCALE" : 0.2,
 "gfx_adaptation_rate" : 1.110000014305115,
 "gfx_air_scatter_scale" : 0.4399999976158142,
 "gfx_atmospherics_enable" : true,
 "gfx_auto_exposure_key_value" : 0.4199999868869781,
 "gfx_bias" : 0.6299999952316284,
 "gfx_block_light_color" : [ 0.9843137264251709, 0.7176470756530762, 0.3843137323856354 ],
 "gfx_block_light_scale" : 0.7541396617889404,
 "gfx_bloom_blur_size" : 2,
 "gfx_bloom_enabled" : true,
 "gfx_bloom_magnitude" : 2.930000066757202,
 "gfx_bloom_threshold" : 1.049999952316284,
 "gfx_cloud_fresnel_distance_End" : 31.64999961853027,
 "gfx_cloud_fresnel_distance_start" : 0.0,
 "gfx_cloud_interior_fog_color_debug" : false,
 "gfx_cloud_interior_fog_depth_end" : 1.0,
 "gfx_cloud_interior_fog_depth_start" : 0.9399999976158142,
 "gfx_cloud_interior_fog_max" : 0.8500000238418579,
 "gfx_cloud_interior_fog_nearby_transition_threshold" : 0.250,
 "gfx_cloud_interior_fog_opacity_factor" : 1.419999957084656,
 "gfx_cloud_interior_fog_outer_shell_opacity_factor" : 0.8500000238418579,
 "gfx_cloud_light_falloff_end" : 10000.0,
 "gfx_cloud_light_falloff_start" : 0.0,
 "gfx_cloud_light_spot_power" : 61.84000015258789,
 "gfx_cloud_render_normals" : false,
 "gfx_clouds0_altitude" : 150.0,
 "gfx_clouds0_animation_pause" : 0.1000000014901161,
 "gfx_clouds0_animation_speed" : 0.1000000014901161,
 "gfx_clouds0_bounds" : 128.0,
 "gfx_clouds0_color" : [ 0.4799999892711639, 0.4799999892711639, 0.4799999892711639 ],
 "gfx_clouds0_drift_velocity" : 0.05000000074505806,
 "gfx_clouds0_edge_highlight_color" : [ 0.6499999761581421, 0.6499999761581421, 0.6499999761581421 ],
 "gfx_clouds0_edge_highlight_tightness" : 1.059999942779541,
 "gfx_clouds0_emissive_strength" : 0.250,
 "gfx_clouds0_enabled" : 1.0,
 "gfx_clouds0_light_wrap_strength" : 0.1700000017881393,
 "gfx_clouds0_normal_bend_tightness" : 7.130000114440918,
 "gfx_clouds0_opacity" : 0.0,
 "gfx_clouds0_thickness" : 8.0,
 "gfx_clouds0_transmission_strength" : 0.6299999952316284,
 "gfx_clouds1_altitude" : 180.0,
 "gfx_clouds1_animation_pause" : 0.1000000014901161,
 "gfx_clouds1_animation_speed" : 0.350,
 "gfx_clouds1_bounds" : 128.0,
 "gfx_clouds1_color" : [ 0.6823529601097107, 0.7019608020782471, 0.7490196228027344 ],
 "gfx_clouds1_drift_velocity" : 0.2000000029802322,
 "gfx_clouds1_edge_highlight_color" : [ 0.8784313797950745, 0.8784313797950745, 0.8784313797950745 ],
 "gfx_clouds1_edge_highlight_tightness" : 7.0,
 "gfx_clouds1_emissive_strength" : 0.8990863561630249,
 "gfx_clouds1_enabled" : 1.0,
 "gfx_clouds1_light_wrap_strength" : 0.6899999976158142,
 "gfx_clouds1_normal_bend_tightness" : 8.630000114440918,
 "gfx_clouds1_opacity" : 0.8999999761581421,
 "gfx_clouds1_thickness" : 6.0,
 "gfx_clouds1_transmission_strength" : 1.0,
 "gfx_clouds2_altitude" : 275.0,
 "gfx_clouds2_animation_pause" : 0.1000000014901161,
 "gfx_clouds2_animation_speed" : 0.350,
 "gfx_clouds2_bounds" : 128.0,
 "gfx_clouds2_color" : [ 0.6823529601097107, 0.7019608020782471, 0.7490196228027344 ],
 "gfx_clouds2_drift_velocity" : 0.1000000014901161,
 "gfx_clouds2_edge_highlight_color" : [ 0.8784313797950745, 0.8784313797950745, 0.8784313797950745 ],
 "gfx_clouds2_edge_highlight_tightness" : 7.0,
 "gfx_clouds2_emissive_strength" : 0.8499749898910522,
 "gfx_clouds2_enabled" : 1.0,
 "gfx_clouds2_light_wrap_strength" : 0.750,
 "gfx_clouds2_normal_bend_tightness" : 8.0,
 "gfx_clouds2_opacity" : 1.0,
 "gfx_clouds2_thickness" : 25.0,
 "gfx_clouds2_transmission_strength" : 1.0,
 "gfx_clouds3_altitude" : 305.0,
 "gfx_clouds3_animation_pause" : 0.1000000014901161,
 "gfx_clouds3_animation_speed" : 0.350,
 "gfx_clouds3_bounds" : 128.0,
 "gfx_clouds3_color" : [ 0.6823529601097107, 0.7019608020782471, 0.7490196228027344 ],
 "gfx_clouds3_drift_velocity" : 0.1000000014901161,
 "gfx_clouds3_edge_highlight_color" : [ 0.8784313797950745, 0.8784313797950745, 0.8784313797950745 ],
 "gfx_clouds3_edge_highlight_tightness" : 7.0,
 "gfx_clouds3_emissive_strength" : 0.8454318046569824,
 "gfx_clouds3_enabled" : 1.0,
 "gfx_clouds3_light_wrap_strength" : 0.750,
 "gfx_clouds3_normal_bend_tightness" : 8.0,
 "gfx_clouds3_opacity" : 1.0,
 "gfx_clouds3_thickness" : 15.0,
 "gfx_clouds3_transmission_strength" : 1.0,
 "gfx_clouds4_altitude" : 448.0,
 "gfx_clouds4_animation_pause" : 0.1000000014901161,
 "gfx_clouds4_animation_speed" : 0.350,
 "gfx_clouds4_bounds" : 128.0,
 "gfx_clouds4_color" : [ 0.6823529601097107, 0.7019608020782471, 0.7490196228027344 ],
 "gfx_clouds4_drift_velocity" : 0.05000000074505806,
 "gfx_clouds4_edge_highlight_color" : [ 0.8784313797950745, 0.8784313797950745, 0.8784313797950745 ],
 "gfx_clouds4_edge_highlight_tightness" : 7.0,
 "gfx_clouds4_emissive_strength" : 1.0,
 "gfx_clouds4_enabled" : 1.0,
 "gfx_clouds4_light_wrap_strength" : 0.750,
 "gfx_clouds4_normal_bend_tightness" : 8.0,
 "gfx_clouds4_opacity" : 0.03061264753341675,
 "gfx_clouds4_thickness" : 4.0,
 "gfx_clouds4_transmission_strength" : 1.0,
 "gfx_clouds_enabled" : true,
 "gfx_crops_flexibility" : 0.1000000014901161,
 "gfx_debug_texture_array_index" : 0,
 "gfx_depth_of_field_enable" : true,
 "gfx_depth_of_field_far_end_blur_Size" : 2,
 "gfx_depth_of_field_far_end_depth" : 1.0,
 "gfx_depth_of_field_far_start_depth" : 0.7200000286102295,
 "gfx_depth_of_field_near_end_depth" : 0.1199999973177910,
 "gfx_depth_of_field_near_start_blur_Size" : 1,
 "gfx_diffuse_tint" : [ 0.0, 0.0, 0.0 ],
 "gfx_directional_shadows_enable" : true,
 "gfx_drago_white_level" : 11.19999980926514,
 "gfx_edge_highlight_enable" : true,
 "gfx_emissive_scale" : 1.0,
 "gfx_entity_edge_brightness" : 1.149999976158142,
 "gfx_entity_edge_lod_scalar" : 0.750,
 "gfx_entity_edge_sharpness" : 1.0,
 "gfx_entity_edge_width" : 0.2000000029802322,
 "gfx_entity_shadows_enable" : false,
 "gfx_exponential_white_level" : 0.8299999833106995,
 "gfx_exposure" : -0.1801795810461044,
 "gfx_flowers_flexibility" : 0.2000000029802322,
 "gfx_foam_anim_fps" : 5.0,
 "gfx_foam_color" : [ 1.0, 1.0, 1.0 ],
 "gfx_foam_flow_speed" : 0.350,
 "gfx_foam_scroll_speed" : 0.02500000037252903,
 "gfx_fog_max_depth" : 10.0,
 "gfx_fog_min_depth" : 0.0,
 "gfx_foliage_light_wrap" : 1.0,
 "gfx_foliage_light_wrap_enabled" : true,
 "gfx_grass_flexibility" : 0.250,
 "gfx_ground_scatter_beta" : [ 0.3098039925098419, 0.4784309864044189, 0.5333330035209656 ],
 "gfx_ground_scatter_color" : [ 0.5764706134796143, 0.8196079134941101, 1.0 ],
 "gfx_ground_scatter_dist_scale" : 0.1700000017881393,
 "gfx_ground_scatter_height_falloff" : 0.3499999940395355,
 "gfx_ground_scatter_scale" : 0.7799999713897705,
 "gfx_hable_white_level" : 1.059999942779541,
 "gfx_item_in_hand_edge_brightness" : 1.250,
 "gfx_item_in_hand_edge_sharpness" : 1.0,
 "gfx_item_in_hand_edge_tightness" : 32.0,
 "gfx_leaves_flexibility" : 0.05000000074505806,
 "gfx_lens_flare_angle_appear" : 0.6999999880790710,
 "gfx_lens_flare_enable" : false,
 "gfx_light_color" : [ 1.0, 1.0, 1.0 ],
 "gfx_light_offset" : 0.0,
 "gfx_light_scale" : 0.50,
 "gfx_linear_angle" : 0.4799999892711639,
 "gfx_linear_strength" : 0.4099999964237213,
 "gfx_logarithmic_white_level" : 11.19999980926514,
 "gfx_lum_map_mip_level" : 0,
 "gfx_luminance_saturation" : 2.730000019073486,
 "gfx_lush_foliage" : true,
 "gfx_metal_color_scale" : 0.09000000357627869,
 "gfx_metal_mask" : 0.0,
 "gfx_mie_beta" : 0.2156066000461578,
 "gfx_motion_blur_enable" : false,
 "gfx_motion_blur_threshold" : 0.0,
 "gfx_normal_strength" : 3.250,
 "gfx_opposing_light_scale" : 0.5400000214576721,
 "gfx_parallax_height_scale" : 0.05000000074505806,
 "gfx_rayleigh_beta" : [ 0.0, 1.0, 0.3083333373069763 ],
 "gfx_rayleigh_dist_scale" : 0.3054568171501160,
 "gfx_rayleigh_height_falloff" : 0.3300000131130219,
 "gfx_rays_depth_break_threshold" : 0.1000000014901161,
 "gfx_rays_enable" : false,
 "gfx_rays_enable_debug" : false,
 "gfx_rays_epipolar_step_width" : 8,
 "gfx_rays_fix_up_threshold" : 0.1000000014901161,
 "gfx_rays_number_of_samples_per_slice" : 1024,
 "gfx_rays_number_of_slices" : 4096,
 "gfx_rays_ray_casting_distance" : 4,
 "gfx_rays_ray_casting_step_width" : 0.50,
 "gfx_refl_distort_max" : 33.15999984741211,
 "gfx_refl_distort_min" : 15.06999969482422,
 "gfx_reflectance" : 3.0,
 "gfx_reflections_enabled" : true,
 "gfx_refraction_enabled" : true,
 "gfx_reinhard_modified_white_level" : 1.490000009536743,
 "gfx_render_chunk_edge_brightness" : 1.250,
 "gfx_render_chunk_edge_lod_scalar" : 0.750,
 "gfx_render_chunk_edge_sharpness" : 1.0,
 "gfx_render_chunk_edge_width" : 0.2000000029802322,
 "gfx_seafloor_scatter_dist_scale" : 0.4499999880790710,
 "gfx_seafloor_scatter_height_falloff" : 0.1299999952316284,
 "gfx_seafloor_scatter_scale" : 0.5299999713897705,
 "gfx_shadow_coverage_distance_scale" : 0.50,
 "gfx_shadow_depth_bias0" : 0.02999999932944775,
 "gfx_shadow_depth_bias1" : 0.05999999865889549,
 "gfx_shadow_depth_bias2" : 0.2099999934434891,
 "gfx_shadow_depth_bias3" : 1.0,
 "gfx_shadow_depth_bias4" : 0.0,
 "gfx_shadow_depth_bias5" : 0.0,
 "gfx_shadow_depth_bias6" : 0.0,
 "gfx_shadow_depth_bias7" : 0.0,
 "gfx_shadow_high_detail_distance_scale" : 0.8,
 "gfx_shadow_intensity" : 1.0,
 "gfx_shininess" : 64.0,
 "gfx_shoulder_strength" : 0.8399999737739563,
 "gfx_sim_scale" : 5.0,
 "gfx_sim_scale_shallow" : 5.0,
 "gfx_sky_color" : [ 0.5882353186607361, 0.7215686440467834, 0.9058824181556702 ],
 "gfx_sky_scatter_color" : [ 0.3803921937942505, 0.7176470756530762, 0.9960784912109375 ],
 "gfx_skylight_falloff_scale" : 0.9499999880790710,
 "gfx_smoothness" : 1.0,
 "gfx_spec_brightness" : 2.0,
 "gfx_spec_color_water" : [ 0.5531372427940369, 0.6943024992942810, 0.8509804010391235 ],
 "gfx_sun_angle_y" : 15.0,
 "gfx_sun_scatter_inner_color" : [ 1.0, 1.0, 1.0 ],
 "gfx_sun_scatter_outer_color" : [ 1.0, 1.0, 1.0 ],
 "gfx_super_fancy_shading_enabled" : true,
 "gfx_super_fancy_water_enable" : false,
 "gfx_tall_grass_flexibility" : 0.750,
 "gfx_terrain_shadows_enable" : false,
 "gfx_toe_denominator" : 1.190000057220459,
 "gfx_toe_numerator" : 0.4399999976158142,
 "gfx_toe_strength" : 1.309999942779541,
 "gfx_underwater_color_desat" : 0.7300000190734863,
 "gfx_underwater_depth_of_field_far_end_blur_Size" : 10,
 "gfx_underwater_depth_of_field_far_start_depth" : 0.09000000357627869,
 "gfx_underwater_depth_of_field_near_end_depth" : 0.05000000074505806,
 "gfx_underwater_depth_of_field_near_start_blur_Size" : 5,
 "gfx_underwater_distort_amount" : 1.0,
 "gfx_underwater_distort_scale" : 47.74000167846680,
 "gfx_underwater_floor_col" : [ 0.04392156749963760, 0.1616862714290619, 0.2196078449487686 ],
 "gfx_underwater_fog_col" : [ 0.02960000000894070, 0.2263937443494797, 0.3700000047683716 ],
 "gfx_underwater_rayleigh_dist_scale" : 0.1800000071525574,
 "gfx_underwater_rayleigh_height_falloff" : 0.05999999865889549,
 "gfx_underwater_scatter_scale" : 0.9300000071525574,
 "gfx_underwater_surface_col" : [ 0.009999999776482582, 0.6467968821525574, 1.0 ],
 "gfx_underwater_transition_speed" : 0.8000070119209290,
 "gfx_water_refl_amount" : 0.6499999761581421,
 "gfx_water_refl_distance" : 0.750,
 "gfx_water_refl_min_skylight" : 0.8999999761581421,
 "gfx_water_roughness" : 0.4000000059604645,
 "gfx_water_texels_per_block" : 4.0,
 "gfx_water_wave_dampening" : 10.0,
 "gfx_water_wave_dampening_shallow" : 6.519999980926514,
 "gfx_water_wave_speed" : 0.6100000143051147,
 "gfx_water_wave_speed_shallow" : 0.3899999856948853,
 "gfx_water_wind_alignment" : 0.0,
 "gfx_water_wind_alignment_shallow" : 1.0,
 "gfx_water_wind_strength" : 3.750,
 "gfx_water_wind_strength_shallow" : 1.409999966621399,
 "gfx_waterfall_normal_distort" : 0.4000000059604645,
 "gfx_wave_noise" : 0.0,
 "gfx_wave_refl_distort_far" : 0.1500000059604645,
 "gfx_wave_refl_distort_near" : 0.4600000083446503,
 "gfx_wave_refr_distort" : 0.1000000014901161,
 "gfx_wind_angle" : 0.0,
 "gfx_wind_enable" : true,
 "gfx_wind_octave_1_amplitude" : 0.50,
 "gfx_wind_octave_1_frequency" : 1.0,
 "gfx_wind_octave_2_amplitude" : 0.250,
 "gfx_wind_octave_2_frequency" : 5.0,
 "gfx_wind_octave_3_amplitude" : 0.03999999910593033,
 "gfx_wind_octave_3_frequency" : 6.699999809265137,
 "gfx_wind_speed" : 1.0,
 "shadowCascadePartition0End" : 0.01999999955296516,
 "shadowCascadePartition1End" : 0.03999999910593033,
 "shadowCascadePartition2End" : 0.1500000059604645,
 "shadowCascadePartition3End" : 0.7699999809265137,
 "shadowCascadePartition4End" : 0.0,
 "shadowCascadePartition5End" : 0.0,
 "shadowCascadePartition6End" : 0.0,
 "shadowCascadePartition7End" : 0.0,
 "shadowChunkDebugIndex" : -1,
 "show_tonemap_settings" : true
}