{"format_version":"1.12.0","minecraft:geometry":[{"bones":[{"name":"root","pivot":[0,0,0]},{"name":"waist","parent":"root","pivot":[0,12,0]},{"name":"body","parent":"waist","pivot":[0,24,0]},{"cubes":[{"origin":[-5,-1,-1],"size":[0,34,1],"uv":{"south":{"uv":[0,0],"uv_size":[0,33]},"west":{"uv":[0,0],"uv_size":[1,33]}}},{"origin":[5,-1,-1],"size":[0,34,1],"uv":{"south":{"uv":[0,0],"uv_size":[0,33]},"west":{"uv":[0,0],"uv_size":[1,33]}}},{"origin":[5,0,4],"size":[0,33,1],"uv":{"south":{"uv":[0,0],"uv_size":[0,33]},"west":{"uv":[1,0],"uv_size":[1,33]}}},{"origin":[-5,0,4],"size":[0,33,1],"uv":{"south":{"uv":[0,0],"uv_size":[0,33]},"west":{"uv":[1,0],"uv_size":[1,33]}}},{"origin":[5,0,-5],"size":[0,33,1],"uv":{"south":{"uv":[0,0],"uv_size":[0,33]},"west":{"uv":[2,0],"uv_size":[1,33]}}},{"origin":[-5,0,-5],"size":[0,33,1],"uv":{"south":{"uv":[0,0],"uv_size":[0,33]},"west":{"uv":[3,0],"uv_size":[1,33]}}},{"origin":[-5,32,-5],"size":[0,1,10],"uv":{"south":{"uv":[0,0],"uv_size":[0,1]},"west":{"uv":[4,0],"uv_size":[10,1]}}},{"origin":[5,32,-5],"size":[0,1,10],"uv":{"south":{"uv":[0,0],"uv_size":[0,1]},"west":{"uv":[4,0],"uv_size":[10,1]}}},{"origin":[-5,0,-5],"size":[0,1,10],"uv":{"south":{"uv":[0,0],"uv_size":[0,1]},"west":{"uv":[4,1],"uv_size":[10,1]}}},{"origin":[-5,32,5],"size":[10,1,0],"uv":{"south":{"uv":[4,2],"uv_size":[10,1]},"west":{"uv":[0,0],"uv_size":[0,1]}}},{"origin":[-5,32,-5],"size":[10,1,0],"uv":{"south":{"uv":[4,2],"uv_size":[10,1]},"west":{"uv":[0,0],"uv_size":[0,1]}}},{"origin":[-5,0,-5],"size":[10,1,0],"uv":{"south":{"uv":[4,4],"uv_size":[10,1]},"west":{"uv":[0,0],"uv_size":[0,1]}}},{"origin":[-5,0,5],"size":[10,1,0],"uv":{"south":{"uv":[4,5],"uv_size":[10,1]},"west":{"uv":[0,0],"uv_size":[0,1]}}},{"origin":[5,25,-5],"size":[0,1,10],"uv":{"south":{"uv":[0,0],"uv_size":[0,1]},"west":{"uv":[4,6],"uv_size":[9,1]}}},{"origin":[-5,25,-5],"size":[0,1,10],"uv":{"south":{"uv":[0,0],"uv_size":[0,1]},"west":{"uv":[4,6],"uv_size":[9,1]}}},{"origin":[5,0,-4],"size":[0,1,9],"uv":{"south":{"uv":[0,0],"uv_size":[0,1]},"west":{"uv":[4,7],"uv_size":[9,1]}}},{"origin":[-5,25,5],"size":[10,1,0],"uv":{"south":{"uv":[4,3],"uv_size":[10,1]},"west":{"uv":[0,0],"uv_size":[0,1]}}},{"origin":[-5,25,-5],"size":[10,1,0],"uv":{"south":{"uv":[4,3],"uv_size":[10,1]},"west":{"uv":[0,0],"uv_size":[0,1]}}}],"name":"Hitbox","parent":"body","pivot":[0,24,7]}],"description":{"identifier":"geometry.hitbox","texture_height":64,"texture_width":64,"visible_bounds_height":4,"visible_bounds_offset":[0,1,0],"visible_bounds_width":3}}]}