{"format_version":"1.12.0","minecraft:geometry":[{"bones":[{"name":"to_the_right","pivot":[0,0,0]},{"name":"to_the_right_rotations","parent":"to_the_right","pivot":[0,0,0]},{"cubes":[{"origin":[-8,33,0],"size":[16,15,0.1],"uv":[32,23]},{"origin":[9,33,0],"size":[16,15,0.1],"uv":[0,23]},{"origin":[-25,33,0],"size":[16,15,0.1],"uv":[0,8]},{"origin":[-25,23,0],"size":[50,8,0.1],"uv":[0,0]},{"origin":[-28,4,0],"size":[27,17,0.1],"uv":[74,0]},{"origin":[1,4,0],"size":[27,17,0.1],"uv":[74,111]},{"origin":[-8,49,0],"size":[16,15,0.1],"uv":[32,8]}],"name":"hud","parent":"to_the_right_rotations","pivot":[0,31,0]}],"description":{"identifier":"geometry.to_the_right","texture_height":128,"texture_width":128,"visible_bounds_height":7,"visible_bounds_offset":[0,1.5,0],"visible_bounds_width":8}}]}