{"format_version":"1.12.0","minecraft:geometry":[{"bones":[{"name":"root","pivot":[0,0,0]},{"name":"waist","parent":"root","pivot":[0,12,0]},{"name":"body","parent":"waist","pivot":[0,24,0]},{"name":"wing","parent":"body","pivot":[0,24,2],"rotation":[0,180,0]},{"name":"model","parent":"wings","pivot":[0,24,1]},{"cubes":[{"origin":[-27,23,2],"pivot":[-4,23,1],"rotation":[0,0,10],"size":[12,1,2],"uv":{"down":{"uv":[23,28],"uv_size":[12,-1]},"east":{"uv":[8,34],"uv_size":[1,1]},"north":{"uv":[23,24],"uv_size":[12,1]},"south":{"uv":[23,25],"uv_size":[12,1]},"up":{"uv":[23,26],"uv_size":[12,1]},"west":{"uv":[9,34],"uv_size":[1,1]}}},{"origin":[-15,22,1],"pivot":[-4,23,1],"rotation":[0,0,12.5],"size":[12,2,3],"uv":{"down":{"uv":[23,8],"uv_size":[12,-2]},"east":{"uv":[0,34],"uv_size":[2,2]},"north":{"uv":[23,0],"uv_size":[12,2]},"south":{"uv":[23,2],"uv_size":[12,2]},"up":{"uv":[23,4],"uv_size":[12,2]},"west":{"uv":[2,34],"uv_size":[2,2]}}},{"origin":[-26,30,2],"pivot":[-4,23,1],"rotation":[0,0,-32.5],"size":[15,1,2],"uv":{"down":{"uv":[23,20],"uv_size":[15,-1]},"east":{"uv":[12,34],"uv_size":[1,1]},"north":{"uv":[23,16],"uv_size":[15,1]},"south":{"uv":[23,17],"uv_size":[15,1]},"up":{"uv":[23,18],"uv_size":[15,1]},"west":{"uv":[13,34],"uv_size":[1,1]}}},{"origin":[-17,32,2],"pivot":[-4,23,1],"rotation":[0,0,-70],"size":[11,1,2],"uv":{"down":{"uv":[12,31],"uv_size":[12,-1]},"east":{"uv":[16,34],"uv_size":[1,1]},"north":{"uv":[12,29],"uv_size":[12,1]},"south":{"uv":[24,29],"uv_size":[12,1]},"up":{"uv":[0,30],"uv_size":[12,1]},"west":{"uv":[17,34],"uv_size":[1,1]}}},{"origin":[-5,13,-1],"pivot":[-4,23,1],"rotation":[-180,0,180],"size":[23,14,0],"uv":{"down":{"uv":[0,0],"uv_size":[23,0]},"east":{"uv":[0,0],"uv_size":[0,14]},"north":{"uv":[0,14],"uv_size":[23,14]},"up":{"uv":[0,0],"uv_size":[23,0]},"west":{"uv":[0,0],"uv_size":[0,14]}}},{"origin":[-8,30,2],"pivot":[-4,23,1],"rotation":[0,0,-122.5],"size":[10,1,2],"uv":{"down":{"uv":[30,33],"uv_size":[10,-1]},"east":{"uv":[20,34],"uv_size":[1,1]},"north":{"uv":[0,32],"uv_size":[10,1]},"south":{"uv":[10,32],"uv_size":[10,1]},"up":{"uv":[20,32],"uv_size":[10,1]},"west":{"uv":[21,34],"uv_size":[1,1]}}}],"name":"1","parent":"model","pivot":[-4,23,1]},{"cubes":[{"origin":[6,32,2],"pivot":[4,23,1],"rotation":[0,0,67.5],"size":[12,1,2],"uv":{"down":{"uv":[24,32],"uv_size":[12,-1]},"east":{"uv":[18,34],"uv_size":[1,1]},"north":{"uv":[24,30],"uv_size":[12,1]},"south":{"uv":[0,31],"uv_size":[12,1]},"up":{"uv":[12,31],"uv_size":[12,1]},"west":{"uv":[19,34],"uv_size":[1,1]}}},{"origin":[15,23,2],"pivot":[4,23,1],"rotation":[0,0,-10],"size":[12,1,2],"uv":{"down":{"uv":[0,30],"uv_size":[12,-1]},"east":{"uv":[10,34],"uv_size":[1,1]},"north":{"uv":[0,28],"uv_size":[12,1]},"south":{"uv":[12,28],"uv_size":[12,1]},"up":{"uv":[24,28],"uv_size":[12,1]},"west":{"uv":[11,34],"uv_size":[1,1]}}},{"origin":[3,22,1],"pivot":[4,23,1],"rotation":[0,0,-12.5],"size":[12,2,3],"uv":{"down":{"uv":[23,16],"uv_size":[12,-2]},"east":{"uv":[4,34],"uv_size":[2,2]},"north":{"uv":[23,8],"uv_size":[12,2]},"south":{"uv":[23,10],"uv_size":[12,2]},"up":{"uv":[23,12],"uv_size":[12,2]},"west":{"uv":[6,34],"uv_size":[2,2]}}},{"origin":[-2,30,2],"pivot":[4,23,1],"rotation":[0,0,120],"size":[10,1,2],"uv":{"down":{"uv":[30,34],"uv_size":[10,-1]},"east":{"uv":[22,34],"uv_size":[1,1]},"north":{"uv":[0,33],"uv_size":[10,1]},"south":{"uv":[10,33],"uv_size":[10,1]},"up":{"uv":[20,33],"uv_size":[10,1]},"west":{"uv":[23,34],"uv_size":[1,1]}}},{"origin":[11,30,2],"pivot":[4,23,1],"rotation":[0,0,32.5],"size":[15,1,2],"uv":{"down":{"uv":[23,24],"uv_size":[15,-1]},"east":{"uv":[14,34],"uv_size":[1,1]},"north":{"uv":[23,20],"uv_size":[15,1]},"south":{"uv":[23,21],"uv_size":[15,1]},"up":{"uv":[23,22],"uv_size":[15,1]},"west":{"uv":[15,34],"uv_size":[1,1]}}},{"origin":[3,13,3],"size":[23,14,0],"uv":{"down":{"uv":[0,0],"uv_size":[23,0]},"east":{"uv":[0,0],"uv_size":[0,14]},"north":{"uv":[0,14],"uv_size":[23,14]},"up":{"uv":[0,0],"uv_size":[23,0]},"west":{"uv":[0,0],"uv_size":[0,14]}}}],"name":"2","parent":"model","pivot":[4,23,1]}],"description":{"identifier":"geometry.wings","texture_height":64,"texture_width":64,"visible_bounds_height":4,"visible_bounds_offset":[0,1,0],"visible_bounds_width":5}}]}