{"button_label":{"bindings":"$button_bindings","color":"white","font_type":"$v_font","layer":12,"max_size":["100% - 4px","100% - 4px"],"shadow":true,"text":"$button_text","type":"label"},"client_button":{"controls":[{"play_button@EV_start_gui.play_root_button":{"$button_text":"Play","$pressed_button_name":"button.menu_play","$v_font":"MinecraftTen","anchor_from":"bottom_middle","anchor_to":"bottom_midlde","layer":6,"offset":[20,-18],"size":[90,30]}},{"settings@EV_start_gui.options_root_button":{"$button_text":"Settings","$df_button_texture|default":"textures/ui/button_texture/options","$hover_button_texture|default":"textures/ui/button_texture/options_hover","$pressed_button_name":"button.menu_settings","$pressed_button_texture|default":"textures/ui/button_texture/options_hover","$v_font":"smooth","anchor_from":"bottom_left","anchor_to":"bottom_left","layer":6,"offset":[5,-4],"size":[80,18]}},{"nametags_panel@EV_start_gui.nametags":{}},{"Welcome_text@EV_start_gui.Welcome_text":{}},{"exit@EV_start_gui.options_root_button":{"$button_text":"X","$df_button_texture|default":"textures/ui/button_texture/exit","$hover_button_texture|default":"textures/ui/button_texture/exit_hover","$pressed_button_name":"button.menu_exit","$pressed_button_texture|default":"textures/ui/button_texture/exit_hover","$v_font":"MinecraftTen","anchor_from":"top_right","anchor_to":"top_right","layer":8,"offset":[-1,3],"size":[15,15]}},{"about_button@EV_start_gui.options_root_button":{"$button_text":"About","$df_button_texture|default":"textures/ui/button_texture/options","$hover_button_texture|default":"textures/ui/button_texture/options_hover","$pressed_button_name":"button.menu_buy_game","$pressed_button_texture|default":"textures/ui/button_texture/options_hover","$v_font":"smooth","anchor_from":"top_left","anchor_to":"top_left","layer":6,"offset":[103,3],"size":[80,16]}}],"type":"panel"},"client_dg":{"anchor_from":"bottom_right","anchor_to":"bottom_right","anims":["@background.ev_anims_os"],"font_type":"smooth","layer":3,"offset":[0,-5],"text":"Evoker UI Pack","type":"label"},"content":{"controls":[{"start_screen_menu_panel@start_screen_menu_panel":{}}],"type":"panel"},"hyperlink_button@EV_start_gui.play_root_button":{"$pressed_button_name":"button.menu_open_uri","property_bag":{"#hyperlink":""}},"labels_pnl":{"anchor_from":"bottom_right","anchor_to":"bottom_right","controls":[{"version@EV_start_gui.version":{}},{"client_dg@EV_start_gui.client_dg":{}}],"offset":[0,-2],"size":["100%-2px",10],"type":"panel"},"namespace":"EV_start_gui","nametags":{"anchor_from":"top_left","anchor_to":"top_left","anims":["@background.ev_anims_os3"],"controls":[{"st_pnl":{"controls":[{"nametag_pnl":{"controls":[{"avatar":{"controls":[{"gamerpic":{"bindings":[{"binding_name":"#gamerpic_texture_path","binding_name_override":"#texture"},{"binding_name":"#gamerpic_texture_location_type","binding_name_override":"#texture_file_system"}],"layer":8,"offset":[0,2],"size":[14,13],"type":"image"}}],"size":["100%c","100%"],"type":"panel"}},{"spacer":{"size":[1,0],"type":"panel"}},{"text":{"controls":[{"gamertag_label":{"bindings":[{"binding_name":"#gamertag_label"}],"font_type":"smooth","layer":5,"offset":[0,"25%"],"shadow":true,"size":["default","100%"],"text":"#gamertag_label","type":"label"}}],"size":["100%c","100%"],"type":"panel"}}],"orientation":"horizontal","size":[10,10],"type":"stack_panel"}}],"offset":[-20,5],"orientation":"horizontal","size":["100%","100%"],"type":"stack_panel"}},{"Nametagtextures":{"layer":7,"offset":[-1,-1],"size":[85,102],"texture":"textures/ui/button_texture/name","type":"image"}}],"offset":[25,12],"size":[55,26],"type":"panel"},"options":{"$button_bindings|default":[],"$custom_content|default":"","$default|default":false,"$hover|default":false,"$locked|default":false,"$pressed|default":false,"controls":[{"button_custom_content@$custom_content":{}},{"default_button_content@EV_start_gui.button_label":{"visible":"($custom_content = '')"}}],"type":"image"},"options_root_button@common.button":{"controls":[{"default@EV_start_gui.options":{"$default":true,"$default_alpha|default":1,"alpha":"$default_alpha","texture":"$df_button_texture"}},{"hover@EV_start_gui.options":{"$hover":true,"texture":"$hover_button_texture"}},{"pressed@EV_start_gui.options":{"$pressed":true,"texture":"$pressed_button_texture"}}]},"pack_icon_image":{"controls":[{"title_image":{"anchor_from":"top_middle","anchor_to":"top_middle","anims":["background.ev_anims_sz"],"layer":4,"offset":[20,25],"size":[165,60],"texture":"textures/ui/v_q_title","type":"image"}}],"type":"panel"},"play":{"$button_bindings|default":[],"$custom_content|default":"","$default|default":false,"$hover|default":false,"$locked|default":false,"$pressed|default":false,"controls":[{"button_custom_content@$custom_content":{}},{"default_button_content@EV_start_gui.button_label":{"visible":"($custom_content = '')"}}],"type":"image"},"play_root_button@common.button":{"controls":[{"default@EV_start_gui.play":{"$default":true,"$default_alpha|default":1,"$v_df_button_texture|default":"textures/ui/button_texture/light_button","alpha":"$default_alpha","texture":"$v_df_button_texture"}},{"hover@EV_start_gui.play":{"$hover":true,"$v_hover_button_texture|default":"textures/ui/button_texture/light_button_hover","texture":"$v_hover_button_texture"}},{"pressed@EV_start_gui.play":{"$pressed":true,"$v_pressed_button_texture|default":"textures/ui/button_texture/light_button_hover","texture":"$v_pressed_button_texture"}}]},"root_section":{"font_type":"smooth","layer":-33,"size":[132,23],"text":"$button_text","type":"label"},"spacer_panel":{"size":["100%",5],"type":"panel"},"start_screen_buttons_light":{"anchor_from":"top_left","anchor_to":"top_left","controls":[{"achievements_button@EV_start_gui.options_root_button":{"$button_text":"§f          Achievements","$df_button_texture|default":"textures/ui/button_texture/options","$hover_button_texture|default":"textures/ui/button_texture/options_hover","$pressed_button_name":"button.menu_achievements","$pressed_button_texture|default":"textures/ui/button_texture/options_hover","$v_font":"smooth","size":[80,16]}},{"spacer_1@spacer_panel":{}},{"marketplace_button@EV_start_gui.options_root_button":{"$button_text":"§f       Marketplace","$df_button_texture|default":"textures/ui/button_texture/options","$hover_button_texture|default":"textures/ui/button_texture/options_hover","$pressed_button_name":"button.menu_store","$pressed_button_texture|default":"textures/ui/button_texture/options_hover","$v_font":"smooth","size":[80,16]}},{"spacer_3@spacer_panel":{}},{"profile_button@EV_start_gui.options_root_button":{"$button_text":"§f     Cosmetics","$df_button_texture|default":"textures/ui/button_texture/options","$hover_button_texture|default":"textures/ui/button_texture/options_hover","$pressed_button_name":"button.to_profile_screen","$pressed_button_texture|default":"textures/ui/button_texture/options_hover","$v_font":"smooth","size":[80,16]}}],"offset":[5,35],"size":["15","default"],"type":"stack_panel"},"start_screen_menu_panel":{"controls":[{"start_screen_buttons_light@EV_start_gui.start_screen_buttons_light":{"layer":6}},{"client_button@EV_start_gui.client_button":{}},{"pack_icon_image@EV_start_gui.pack_icon_image":{}},{"labels_pnl@EV_start_gui.labels_pnl":{}},{"vertical_bg":{"anchor_from":"left_middle","anchor_to":"left_middle","fill":true,"layer":1,"offset":[-40,0],"size":[140,"140%"],"texture":"textures/BG/javalauncherbanner","type":"image"}},{"horizontal_bg":{"anchor_from":"bottom_middle","anchor_to":"bottom_middle","fill":true,"layer":1,"offset":[0,25],"size":["120%",50],"texture":"textures/BG/javalauncherbanner","type":"image"}},{"horizontal_bg2":{"anchor_from":"top_middle","anchor_to":"top_middle","fill":true,"layer":1,"offset":[0,-22],"size":["120%",44],"texture":"textures/BG/javalauncherbanner","type":"image"}},{"settings_ic":{"anchor_from":"bottom_left","anchor_to":"bottom_left","layer":8,"offset":[4,-5],"size":[16,16],"texture":"textures/ui/button_texture/settings_ic","type":"image"}},{"achievements_ic":{"anchor_from":"top_left","anchor_to":"top_left","layer":8,"offset":[4,35],"size":[16,16],"texture":"textures/ui/button_texture/achievements_ic","type":"image"}},{"marketplace_ic":{"anchor_from":"top_left","anchor_to":"top_left","layer":8,"offset":[4,56],"size":[16,16],"texture":"textures/ui/button_texture/marketplace_ic","type":"image"}},{"cosmetics_ic":{"anchor_from":"top_left","anchor_to":"top_left","layer":8,"offset":[4,77],"size":[16,16],"texture":"textures/ui/button_texture/cosmetics_ic","type":"image"}},{"version_ic":{"anchor_from":"bottom_left","anchor_to":"bottom_left","layer":10,"offset":[99,-3],"size":[19,19],"texture":"textures/ui/button_texture/version_ic","type":"image"}}],"type":"panel"},"version":{"anchor_from":"bottom_left","anchor_to":"bottom_left","anims":["@background.ev_anims_os2"],"bindings":[{"binding_name":"#version"}],"font_type":"smooth","layer":3,"offset":[120,-5],"text":"#version","type":"label"},"Welcome_text":{"anchor_from":"top_left","anchor_to":"top_left","anims":["@background.ev_anims_os1"],"font_type":"MinecraftTen","layer":5,"offset":[9,3],"shadow":true,"text":"Welcome","type":"label"}}