{
  "namespace":"concept_buttons",
  "button_label":{
    "type":"label",
    "layer":2,
    "text":"$button_text",
    "color":[
      0.75,
      0.75,
      0.75
    ],
    "font_type":"smooth",
    "max_size":[
      "100% - 4px",
      "100% - 4px"
    ],
    "bindings":"$button_bindings"
  },
  "button_image":{
    "type":"image",
    "$custom_content|default":"",
    "$default|default":false,
    "$hover|default":false,
    "$pressed|default":false,
    "$locked|default":false,
    "$button_bindings|default":[
      
    ],
    "controls":[
      {
        "button_custom_content@$custom_content":{
          
        }
      },
      {
        "default_button_content@concept_buttons.button_label":{
          "visible":"($custom_content = '')"
        }
      }
    ]
  },
  "main_button@common.button":{
    "size":[
      200,
      15
    ],
    "controls":[
      {
        "default@concept_buttons.button_default":{
          
        }
      },
      {
        "hover@concept_buttons.button_hover":{
          
        }
      },
      {
        "pressed@concept_buttons.button_pressed":{
          
        }
      }
    ]
  },
  "button_default@concept_buttons.button_image":{
    "$default":true,
    "alpha":"$default_alpha",
    "$default_alpha|default":1,
    "texture":"_SPY/textures/screens/start/buttons/button_default"
  },
  "button_hover@concept_buttons.button_image":{
    "$hover":true,
    "texture":"$hover_button_texture",
    "$hover_button_texture|default":"_SPY/textures/screens/start/buttons/button_hover",
    "propagate_alpha":true
  },
  "button_pressed@concept_buttons.button_hover":{
    "texture":"$pressed_button_texture",
    "$pressed_button_texture|default":"_SPY/textures/screens/start/buttons/button_hover",
    "$pressed":true
  },
  
  
  "button_imaging":{
    "type":"image",
    "layer":2,
    "size":[
      "70%",
      "70%"
    ],
    "texture":"$button_icon"
  },
  "button_image2":{
    "type":"image",
    "$custom_content|default":"",
    "$default|default":false,
    "$hover|default":false,
    "$pressed|default":false,
    "$locked|default":false,
    "$button_bindings|default":[
      
    ],
    "controls":[
      {
        "custom_content@$custom_content":{
          
        }
      },
      {
        "button_content@concept_buttons.button_imaging":{
          "visible":"($custom_content = '')"
        }
      }
    ]
  },
  "main_button2@common.button":{
    "size":[
      20,
      20
    ],
    "controls":[
      {
        "default@concept_buttons.button_default2":{
          
        }
      },
      {
        "hover@concept_buttons.button_hover2":{
          
        }
      },
      {
        "pressed@concept_buttons.button_pressed2":{
          
        }
      }
    ]
  },
  "button_default2@concept_buttons.button_image2":{
    "$default":true,
    "alpha":"$default_alpha",
    "$default_alpha|default":1,
    "texture":"_SPY/textures/screens/start/buttons/button_default"
  },
  "button_hover2@concept_buttons.button_image2":{
    "$hover":true,
    "texture":"$hover_button_texture",
    "$hover_button_texture|default":"_SPY/textures/screens/start/buttons/button_hover",
    "propagate_alpha":true
  },
  "button_pressed2@concept_buttons.button_hover2":{
    "texture":"$pressed_button_texture",
    "$pressed_button_texture|default":"_SPY/textures/screens/start/buttons/button_hover",
    "$pressed":true
  }
}