{
  "namespace":"screen_concept",
  "content":{
    "type":"panel",
    "controls":[
      {
        "client_name@screen_concept.client_name": {
        
        }
      },
      {
        "exit@screen_concept.exit":{
          
        }
      },
      {
        "logo@screen_concept.logo":{
          
        }
      },
      {
        "mid@screen_concept.middle_panel":{
          
        }
      },
      {
        "bot@screen_concept.bottom_panel":{
          
        }
      }
    ]
  },
  
  "client_name": {
  "type": "label",
  "size": [ "default", "default" ],
  "anchor_from": "bottom_left",
  "anchor_to": "bottom_left",
  "font_type": "smooth",
  "text": "Spy Client Version 1"
  },
  
  
  "main_button@concept_buttons.main_button":{
    
  },
  "logo":{
    "type":"panel",
    "controls":[
      {
        "logo@spy_renderer.logo":{
          "$anchor_from":"center",
          "$anchor_to":"center",
          "size":[
            "50%",
            "50%"
          ],
          "offset":[
            0,
            -30
          ]
        }
      }
    ]
  },
  "middle_panel":{
    "type":"panel",
    "size":[
      200,
      35
    ],
    "offset":[
      0,
      20
    ],
    "anchor_from":"center",
    "anchor_to":"center",
    "controls":[
      {
        "play1@main_button":{
          "anchor_from":"top_middle",
          "anchor_to":"top_middle",
          "offset":[
            0,
            0
          ],
          "$pressed_button_name":"button.menu_play",
          "$button_text":"SINGLE PLAYER"
        }
      },
      {
        "play2@main_button":{
          "anchor_from":"bottom_middle",
          "anchor_to":"bottom_middle",
          "offset":[
            0,
            0
          ],
          "$pressed_button_name":"button.menu_play",
          "$button_text":"MULTIPLAYER"
        }
      }
    ]
  },
  "main_button2@concept_buttons.main_button2":{
    
  },
  "bottom_panel":{
    "type":"panel",
    "offset":[
      0,
      -8
    ],
    "anchor_from":"bottom_middle",
    "anchor_to":"bottom_middle",
    "size":[
      "100%",
      20
    ],
    "controls":[
      {
        "profile@main_button2":{
          "anchor_from":"center",
          "anchor_to":"center",
          "offset":[
            -37.5,
            0
          ],
          "$pressed_button_name":"button.to_profile_screen",
          "$button_icon":"_SPY/textures/screens/start/icons/profile"
        }
      },
      {
        "settings@main_button2":{
          "anchor_from":"center",
          "anchor_to":"center",
          "offset":[
            -12.5,
            0
          ],
          "$pressed_button_name":"button.menu_settings",
          "$button_icon":"_SPY/textures/screens/start/icons/settings"
        }
      },
      {
        "store@main_button2":{
          "anchor_from":"center",
          "anchor_to":"center",
          "offset":[
            12.5,
            0
          ],
          "$pressed_button_name":"button.menu_store",
          "$button_icon":"_SPY/textures/screens/start/icons/store"
        }
      },
      {
        "achievement@main_button2":{
          "anchor_from":"center",
          "anchor_to":"center",
          "offset":[
            37.5,
            0
          ],
          "$pressed_button_name":"button.menu_achievements",
          "$button_icon":"_SPY/textures/screens/start/icons/achievement"
        }
      }
    ]
  },
  "exit@main_button2":{
    "anchor_from":"top_right",
    "anchor_to":"top_right",
    "offset":[
      -6,
      6
    ],
    "$pressed_button_name":"button.menu_exit",
    "$button_icon":"_SPY/textures/screens/start/icons/exit"
  }
}