{"animations":{"animation.player.cps":{"animation_length":1,"bones":{"cps":{"position":{"0.0":[-95,45,183],"1":[-95,45,183]},"scale":0.82}},"loop":true},"animation.player.go":{"animation_length":1,"bones":{"go":{"position":{"0.0":[-95,45,183],"1":[-95,45,183]},"scale":0.82}},"loop":true},"animation.player.hitbox":{"animation_length":1,"bones":{"1":{"rotation":{"0.0":[0,0,0],"0.5":[0,0,0],"1.0":[0,0,0]}}},"loop":true},"animation.player.jump":{"animation_length":1,"bones":{"jump":{"position":{"0.0":[-95,45,183],"1":[-95,45,183]},"scale":0.82}},"loop":true},"animation.player.jump_up":{"animation_length":1,"bones":{"jump_up":{"position":{"0.0":[-95,45,183],"1":[-95,45,183]},"scale":0.82}},"loop":true},"animation.player.kst":{"animation_length":1,"bones":{"kst":{"position":{"0.0":[-95,45,183],"1":[-95,45,183]},"scale":0.82}},"loop":true},"animation.player.move":{"animation_length":1,"bones":{"move":{"position":{"0.0":[-95,45,183],"1":[-95,45,183]},"scale":0.82}},"loop":true},"animation.player.sit":{"animation_length":1,"bones":{"sit":{"position":{"0.0":[-95,45,183],"1":[-95,45,183]},"scale":0.82}},"loop":true},"animation.player.sneak":{"animation_length":1,"bones":{"sneak":{"position":{"0.0":[-95,45,183],"1":[-95,45,183]},"scale":0.82}},"loop":true},"animation.player.sprint":{"animation_length":1,"bones":{"sprint":{"position":{"0.0":[-95,45,183],"1":[-95,45,183]},"scale":0.82}},"loop":true},"animation.player.to_the_left":{"animation_length":1,"bones":{"to_the_left":{"position":{"0.0":[-95,45,183],"1":[-95,45,183]},"scale":0.82}},"loop":true},"animation.player.to_the_right":{"animation_length":1,"bones":{"to_the_right":{"position":{"0.0":[-95,45,183],"1":[-95,45,183]},"scale":0.82}},"loop":true},"animation.player.wings":{"animation_length":1,"bones":{"1":{"rotation":{"0.0":[0,-27.5,0],"0.5":[0,-12.5,0],"1.0":[0,-27.5,0]}},"2":{"rotation":{"0.0":[0,20,0],"0.5":[0,7.5,0],"1.0":[0,20,0]}}},"loop":true}},"format_version":"1.8.0"}