{
  "namespace": "mob_effect",

  "mob_effect_screen@common.base_screen": {
    "$screen_content": "mob_effect.mob_effect_panel",
    "variables": [
      {
        "requires": "$desktop_screen",
        "$screen_bg_content": "common.screen_background"
      },
      {
        "requires": "$pocket_screen",
        "$close_on_player_hurt": true
      }
    ],
    "close_on_player_hurt": "$close_on_player_hurt",
    "$close_on_player_hurt|default": false,
    "button_mappings": [
      {
        "mapping_type": "global",
        "from_button_id": "button.menu_cancel",
        "to_button_id": "button.menu_continue"
      },
      {
        "mapping_type": "global",
        "from_button_id": "button.mobeffects",
        "to_button_id": "button.menu_continue"
      }
    ]
  },
  "mob_effect_panel": {
    "type": "panel",
    "size": [ "50%", "80%" ],
    "controls": [
      {
        "dialog_backdrop": {
          "type": "image",
          "offset": [ 0, "7px" ],
          "anchor_from": "center",
          "anchor_to": "center",
          "size": [ "90% - 16px", "90% - 30px" ],
          "texture": "textures/ui/control",
          "alpha": 0.8,
          "layer": -1
        }
      },
      {
        "dialog_background": {
          "type": "image",
          "anchor_from": "center",
          "anchor_to": "center",
          "size": "$mob_effect_screen_size",
          "texture": "textures/ui/dialog_background_hollow_3"
        }
      },
      {
        "dialog_header": {
          "type": "panel",
          "offset": [ 0, "-45% + 8px" ],
          "anchor_from": "center",
          "anchor_to": "top_middle",
          "size": [ "default", "10px" ],
          "layer": 4,
          "controls": [
            {
              "dialog_title": {
                "type": "label",
                "size": [ "default", "10px" ],
                "text": "key.mobEffects",
                "color": "$title_text_color"
              }
            }
          ]
        }
      },
      {
        "dialog_close_button_container": {
          "type": "panel",
          "anchor_from": "center",
          "anchor_to": "top_right",
          "offset": [ "45%", "-45%" ],
          "layer": 4,
          "controls": [
            {
              "dialog_close_button@common.close_button": {
                "$pressed_button_name": "button.menu_continue"
              }
            }
          ]
        }
      },
      {
        "dialog_content_container": {
          "type": "panel",
          "anchor_from": "center",
          "anchor_to": "center",
          "offset": [ 0, "5px" ],
          "size": [ "90% - 14px", "90% - 26px" ],
          "clips_children": true,
          "controls": [
            {
              "dialog_content@common.scrolling_panel": {
                "offset": [ 0, "4px" ],
                "anchor_from": "center",
                "anchor_to": "center",
                "size": [ "100% - 2px", "100% - 2px" ],
                "$scrolling_pane_size": [ "100%", "100% - 3px" ],
                "$scroll_size": [ "6px", "100% - 4px" ],
                "$show_background": false,
                "$always_handle_scrolling": true,
                "$scrolling_content": "mob_effect.effect_grid_container"
              }
            }
          ]
        }
      }
    ]
  },
  "effect_grid_container": {
    "type": "panel",
    "size": [ "100%", "100%c" ],
    "controls": [
      {
        "effect_grid": {
          "type": "grid",
          "anchor_from": "top_left",
          "anchor_to": "top_left",
          "offset": [ 0, 0 ],
          "size": [ "100%", "default" ],
          "grid_item_template": "mob_effect.effect_grid_item_template",
          "grid_dimension_binding": "#mob_effect_grid_size",
          "collection_name": "mob_effects_collection",
          "bindings": [
            {
              "binding_name": "#mob_effect_grid_size"
            }
          ]
        }
      }
    ]
  },
  "effect_grid_item_template": {
    "type": "panel",
    "size": [ "100%", "30px" ],
    "controls": [
      {
        "effect_background": {
          "type": "image",
          "texture": "textures/ui/effect_background"
        }
      },
      {
        "effect_icon": {
          "type": "image",
          "offset": [ "-50% + 14px", 0 ],
          "size": [ "60%", "60%" ],
          "texture": "#texture",
          "layer": 1,
          "bindings": [
            {
              "binding_type": "collection",
              "binding_name": "#texture",
              "binding_collection_name": "mob_effects_collection",
              "binding_condition": "visible"
            }
          ]
        }
      },
      {
        "effect_name": {
          "type": "label",
          "anchor_from": "top_left",
          "anchor_to": "top_left",
          "offset": [ "27px", "5px" ],
          "text": "#mob_effect_name",
          "color": "$dark_button_default_text_color",
          "shadow": true,
          "text_alignment": "left",
          "layer": 1,
          "bindings": [
            {
              "binding_type": "collection",
              "binding_name": "#mob_effect_name",
              "binding_collection_name": "mob_effects_collection",
              "binding_condition": "visible"
            }
          ]
        }
      },
      {
        "effect_duration": {
          "type": "label",
          "offset": [ "27px", "-5px" ],
          "anchor_from": "bottom_left",
          "anchor_to": "bottom_left",
          "text": "#mob_effect_timer",
          "color": "$dark_button_secondary_default_text_color",
          "text_alignment": "left",
          "layer": 1,
          "bindings": [
            {
              "binding_type": "collection",
              "binding_name": "#mob_effect_timer",
              "binding_collection_name": "mob_effects_collection",
              "binding_condition": "always_when_visible"
            }
          ]
        }
      }
    ]
  }
}

// Edited by Offroaders123 for the Dark Mode resource pack for Minecraft Bedrock Edition.
