{
  "namespace": "stonecutter",
  "toolbar_panel@common.root_panel": {
    "size": [ "100%c", 20 ],
    "controls": [
      {
        "toolbar_background@stonecutter.toolbar_background": {
          "size": [ "100%cm", "100% + 8px" ],
          "offset": [ 0, -3 ],
          "anchor_from": "top_right",
          "anchor_to": "top_right",

          "controls": [
            {
              "toolbar_stack_panel": {
                "type": "stack_panel",
                "orientation": "horizontal",

                "size": [ "default", "100% - 8px" ],
                "offset": [ 0, 3 ],
                "anchor_from": "top_middle",
                "anchor_to": "top_middle",

                "controls": [
                  {
                    "padding_1": {
                      "type": "panel",
                      "size": [ 6, 0 ]
                    }
                  },
                  {
                    "close_button_panel": {
                      "type": "panel",
                      "size": [ "100%c", "100%" ],
                      "bindings": [
                        {
                          "binding_name": "#close_button_visible",
                          "binding_name_override": "#visible"
                        }
                      ],
                      "controls": [
                        {
                          "close_button@common.light_close_button": {
                            "size": [ "100%cm", "100%cm" ],
                            "offset": [ 0, 0 ],
                            "anchor_from": "center",
                            "anchor_to": "center"
                          }
                        }
                      ]
                    }
                  },
                  {
                    "padding_2": {
                      "type": "panel",
                      "size": [ 6, 0 ]
                    }
                  }
                ]
              }
            }
          ]
        }
      }
    ]
  }
}