{
  "namespace": "bg",
  
  
   "Spy": {
   "type": "panel",
   "controls": [
   {
     "sun@bg.sun": {}
   },
   {
     "light@bg.sun_light": {}
   }
   ]
   },
  
    "sun": {
    "type": "image",
    "size": [ "130%", "130%" ],
    "texture": "_SPY/textures/images/sun",
    "layer": -100
  },
  
    "sun_light": {
    "type": "image",
    "size": [ "130%", "130%" ],
    "texture": "_SPY/textures/images/sun_light",
    "layer": -99,
    "alpha": "@bg.anim"
  },  
  
  "Spy_2": {
   "type": "panel",
   "controls": [
   {
     "moon@bg.moon": {}
   },
   {
     "light@bg.moon_light": {}
   }
   ]
   },
  
    "moon": {
    "type": "image",
    "size": [ "130%", "130%" ],
    "texture": "_SPY/textures/images/moon",
    "layer": -100
  },
  
    "moon_light": {
    "type": "image",
    "size": [ "130%", "130%" ],
    "texture": "_SPY/textures/images/moon_light",
    "layer": -99,
    "alpha": "@bg.anim"
  },  
  
  "anim": {
    "anim_type":"alpha",
    "easing":"in_out_sine",
    "duration":2,
    "from": 0.0,
    "to": 0.8,
    "next":"@bg.anim_1"
},
"anim_1": {
    "anim_type":"wait",
    "duration":2,
    "next":"@bg.anim_2"
},
"anim_2": {
    "anim_type":"alpha",
    "easing":"in_out_sine",
    "duration":2,
    "from": 0.8,
    "to": 0.0,
    "next":"@bg.anim_3"
},
"anim_3": {
    "anim_type":"wait",
    "duration":2,
    "next":"@bg.anim"
}

}