{
   "namespace": "icons",
   
   //Icons Mentioned
//Exit
 "exit_icon": {
  "type": "image",
  "texture": "_SPY/textures/screens/start/icons/exit"
},
//Profile
  "profile_icon": {
  "type": "image",
  "texture": "_SPY/textures/screens/start/icons/profile_screen_icon"
},
//Achievements
 "achievements_icon": {
  "type": "image",
  "texture": "_SPY/textures/screens/start/icons/achievements"
},
//Store/Marketplace
  "store_icon": {
  "type": "image",
  "texture": "_SPY/textures/screens/start/icons/marketplace"
},
"info_icon": {
  "type": "image",
  "texture": "_SPY/textures/screens/start/icons/info"
}
}