
{
  "namespace": "settings_common",
	
  "action_button@common_buttons.light_text_button": {
    "$pressed_button_name|default": "unset_button_name",
    "$button_text|default": "unset $button_text",
    "size": [ "100%", "25px" ],
    "anchor_from": "center",
    "anchor_to": "center"
  },

  "link_button@common_buttons.hyperlink_button": {
    "$button_text|default": "unset $button_text",
    "size": [ "100%", "25px" ],
    "$button_size_override": [ "100%", "100% + 1px" ],
    "anchor_from": "center",
    "anchor_to": "center",
    "property_bag": {
      "#hyperlink": "unset #hyperlink in property_bag"
    }
  },
	
  "section_toggle_base@common_toggles.light_ui_toggle": {
    "anchor_from": "top_left",
    "anchor_to": "top_left",
    "size": [ "100%", "25px" ],
    "$button_size_override": [ "100%", "100% + 1px" ],
    "$button_type_panel": "settings_common.toggle_button_control",

    "$radio_toggle_group": true,
    "$toggle_name": "navigation_tab",
    "$toggle_group_default_selected": "$default_selector_toggle_index",

    "$toggle_tab_focus_binding_type": "global",
    "$toggle_tab_focus_binding_name": "#navigation_tab_focus_precedence",
    "$toggle_on_hover_binding_type": "global",
    "$toggle_on_hover_binding_name": "#toggle_on_hover",
    "$toggle_tts_toggle_on_text": "accessibility.state.selected",
    "$toggle_tts_toggle_off_text": "accessibility.state.unselected",
    "$toggle_tts_name": "accessibility.tab.tts.title"
  },

  "dynamic_dialog_screen@common.base_screen": {
    "type": "screen",
    "cache_screen": false,
    "button_mappings": [
      {
        "from_button_id": "button.menu_cancel",
        "to_button_id": "button.menu_exit",
        "mapping_type": "global"
      },
      {
        "from_button_id": "button.menu_tab_left",
        "to_button_id": "button.menu_tab_left",
        "mapping_type": "global",
        "scope": "view"
      },
      {
        "from_button_id": "button.menu_tab_right",
        "to_button_id": "button.menu_tab_right",
        "mapping_type": "global",
        "scope": "view"
      }
    ],
    "$screen_content": "settings_common.cb_content",
    "$header_safezone_control": "common.empty_panel",
    "$header_bar_control": "common.empty_panel",
    "$screen_bg_content": "bg.fshghfadsgasdhgfjhasdgfjas",
    "$is_full_screen_layout": true,
		"variables": [
			{
				"requires": "$is_pregame",
				"$screen_bg_content": "bg.clean"
			}
		]
  },

  "cb_content@settings_common.main_panel_no_buttons": {
    "size": [ "85%", "90%" ],
    "offset": [ 0, 0 ],
    "$child_control": "$dialog_content",
    "$text_name": "Settings Menu",
    "$fill_alpha": 0
  },
  
  "main_panel_no_buttons": {
    "type": "panel",
    "anchor_from": "center",
    "anchor_to": "center",
    "$text_name|default": "",
    "$panel_indent_size|default": [ "100% - 60px", "100% - 100px" ],
    "$custom_background": "dhfdhsgsgdgsdhfsghsfgsdfgsgdhgsfhfsrdf",
    "controls": [
      {
        "common_panel@settings_common.common_panel": { "$dialog_background": "$custom_background" }
      },
      {
        "exit@luconia_buttons.clean_button": {
          "size": [ 20, 20 ],
	      "anchor_from": "top_right",
	      "anchor_to": "top_right",
	  	  "offset": [ -7, 7 ],
          "$pressed_button_name": "button.menu_exit",
          "$button_content": "luconia_textures.exit"
        }
     },
     {
       "title_label": {
       	"type": "label",
		"anchor_from": "top_middle",
		"anchor_to": "top_middle",
		"font_type": "smooth",
		"text": "Settings",
		"offset": [ 0, 20 ]
       }
     },
      {
        "panel_indent": {
          "type": "panel",
          "size": "$panel_indent_size",
          "offset": [ 0, 0 ],
          "anchor_from": "center",
          "anchor_to": "center",
          "controls": [
            { "inside_header_panel@$child_control": {} }
          ]
        }
      }
    ]
  },
  
  "common_panel": {
    "type": "panel",
    "$dialog_background|default": "common.dialog_background_opaque",
    "$show_close_button|default": true,
    "$close_button_visible_binding_name|default": "#close_button_visible",
    "$close_button_offset|default": [ 0, 0 ],
    "$close_button_layer|default": 2,
    "$use_compact_close_button|default": false,
    "$show_divider|default": false,
    "$divider_offset|default": [ "42.5%", "22px" ],
    "$divider_visible_binding_name|default": "",
    "$divider_visible_binding_type|default": "none",
    "$divider_size|default": [ "5px", "100% - 29px" ],
    "controls": [
      {
        "bg_image@$dialog_background": {
          "layer": 1
        }
      },
      {
        "dialog_divider@common.dialog_divider": {
          "visible": "$show_divider",
          "anchor_from": "top_left",
          "anchor_to": "top_left",
          "offset": "$divider_offset",
          "size": "$divider_size",
          "bindings": [
            {
              "binding_name": "$divider_visible_binding_name",
              "binding_name_override": "#visible",
              "binding_type": "$divider_visible_binding_type"
            }
          ]
        }
      }
    ]
  },

  "dialog_content": {
    "type": "panel",
    "anchor_from": "top_middle",
    "anchor_to": "top_middle",
    "controls": [
      { "selector_area@settings_common.selector_area": {} },
      { "content_area@settings_common.content_area": {} },
      { "section_divider@settings_common.section_divider": {} },
     {
        "popup_dialog_factory": {
          "type": "factory",
          "control_ids": {
            "purchase_failed": "@realms_create.popup_dialog__purchase_failed",
            "purchase_in_progress": "@realms_create.popup_dialog__purchase_in_progress",
            "share_by_link": "@realms_whitelist.popup_dialog__share_by_link",
            "options_modal": "@realms_whitelist.popup_dialog__options",
            "backups_modal": "@realms_settings.popup_dialog__backups"
          }
        }
      }
    ]
  },

  "selector_group_label": {
    "type": "label",
    "size": [ "100%", "default" ],
    "color": "$main_header_text_color",
    "offset": [ 15, 0 ]
  },

  "scrollable_selector_area_content": {
    "type": "panel",
    "offset": [ "2px", "2px" ],
    "size": [ "100% - 4px", "100%c + 4px" ],
    "controls": [
      { "$selector_stack_panel@$selector_stack_panel": {} }
    ]
  },

  // left side
  "selector_area": {
    "type": "panel",
    "offset": [ 2, 0 ],
    "size": [ "30% - 3px", "100%-2px" ],
    "anchor_from": "top_left",
    "anchor_to": "top_left",
    "layer": 2,
    "focus_container": true,
    "use_last_focus": true,
    "$focus_nagivation_mode_override_down|default": "contained",
    "$focus_nagivation_mode_override_up|default": "contained",
    "$focus_nagivation_mode_override_left|default": "",
    "$focus_nagivation_mode_override_right|default": "",
    "focus_nagivation_mode_down": "$focus_nagivation_mode_override_down",
    "focus_nagivation_mode_up": "$focus_nagivation_mode_override_up",
    "focus_nagivation_mode_left": "$focus_nagivation_mode_override_left",
    "focus_nagivation_mode_right": "$focus_nagivation_mode_override_right",
    "controls": [
      {
        "scrolling_panel@common.scrolling_panel": {
          "$scrolling_content": "settings_common.scrollable_selector_area_content",
          "$show_background": false,
          "$scroll_size": [ "5px", "100% - 4px" ],
          "$scroll_bar_left_padding_size": [ 1, 0 ]
        }
      }
    ]
  },

  // right side
  "content_area": {
    "type": "panel",
    "offset": [ "-1px", 0 ],
    "size": [ "70% - 8px", "100%-2px" ],
    "anchor_from": "top_right",
    "anchor_to": "top_right",
    "layer": 1,

    "focus_container": true,
    "use_last_focus": false,
    "$focus_nagivation_mode_override_down|default": "contained",
    "$focus_nagivation_mode_override_up|default": "contained",
    "$focus_nagivation_mode_override_left|default": "",
    "$focus_nagivation_mode_override_right|default": "",
    "focus_nagivation_mode_down": "$focus_nagivation_mode_override_down",
    "focus_nagivation_mode_up": "$focus_nagivation_mode_override_up",
    "focus_nagivation_mode_left": "$focus_nagivation_mode_override_left",
    "focus_nagivation_mode_right": "$focus_nagivation_mode_override_right",

    "controls": [
      {
        "control": {
          "type": "stack_panel",
          "size": [ "100%", "100%" ],
          "anchor_from": "top_right",
          "anchor_to": "top_right",
          "controls": [
            {
              "header_panel": {
                "type": "panel",
                "layer": 20,
                "size": [ "100%", "100%c" ],
                "anchor_from": "top_left",
                "anchor_to": "top_left",
                "controls": [
                  {
                    "content@$section_header_panels": {}
                  }
                ]
              }
            },
            {
              "scrolling_panel@common.scrolling_panel": {
                "size": [ "100%", "fill" ],
                "$scrolling_content": "$section_content_panels",
                "$show_background": false,
                "$scroll_size": [ "5px", "100% - 4px" ],
                "$scroll_bar_left_padding_size": [ 1, 0 ]
              }
            },
            {
              "footer_panel": {
                "type": "panel",
                "layer": 20,
                "size": [ "100%", "100%c" ],
                "anchor_from": "bottom_left",
                "anchor_to": "bottom_left",
                "controls": [
                  {
                    "content@$section_footer_panels": {}
                  }
                ]
              }
            }
          ]
        }
      }
    ]
  },

  // divider between two sides
  "section_divider": {
    "type": "image",
    "offset": [ "30% + 2px", 0 ],
    "size": [4, "100%-2px" ],
    "alpha": 0.3,
    "anchor_from": "top_left",
    "anchor_to": "top_left",
    "layer": 3,
    "texture": "textures/ui/screen_background"
  },

  "screen_base@settings_common.dynamic_dialog_screen": {
    "$dialog_content": "settings_common.dialog_content"
  }
}
