{
  "namespace": "emote_wheel_blc",


  "emote_wheel_screen": {
    "type": "stack_panel",
    "orientation": "vertical",
    "size": [ "100%", "100%" ],
    "controls": [
      {
        "fill_panel": {
          "type": "panel",
          "size": [ "100%", "fill" ],
          "controls": [
           
          
            {
              "root_panel": {
                "type": "panel",
                "offset":[0,20],
                "size": [ "100%", 180 ],
                "controls": [
                  {
                    "emotes_panel@common_dialogs.main_panel": {
                      "size": [ "100%y", "100%" ],
                      "controls": [
                                            {
                          "emote_name@emote_wheel_blc.emotetext": {
                            "ignored": "(not #visible)",
                            "text_alignment": "center",
                            "size": [ 56, 35 ],
                            "offset": [ 2, 13 ],
                            "text": "#emote_name",
                            "layer": 100,
                            "color": [ 1.0, 1.0, 1.0 ],
                            "font_scale_factor": 1.1,
                            "shadow": false,
                            "bindings": [
                              {
                                "binding_name": "#emote_name",
                                "binding_condition": "always"
                              }
                            ]
                          }
                        },
                        {
                          "emote_wheel@persona.selection_wheel": {
                            "size": [ 193.5, "100%" ],
                            "inner_radius": 0.35,
                            "outer_radius": 1.0,
                            "$slice_count": 6,
                            "$button_name": "button.emote_selected",
      
                            "$button_focus_precedence": 10,
                            "focus_identifier": "emote_wheel",
                            "focus_change_left": "FOCUS_OVERRIDE_STOP",
                            "focus_change_right": "FOCUS_OVERRIDE_STOP",
                            "focus_change_up": "FOCUS_OVERRIDE_STOP",
      
                            "controls": [
                              {
                                "default_state@persona.wheel_state": {
                                  "texture": "textures/ui/emote_wheel_base"
                                }
                              },
                              {
                                "emote_slot_0_content@persona.emote_wheel_slot_content": {
                                  "$emote_slot_index": 0,
                                  "$emote_slot_name": "emote_slot_0",
                                  "$wheel_state_texture": "textures/ui/emote_wheel_select_0",
                                  "$emote_image_offset": [ -31, -52 ],
                                  "$emote_touch_label_offset": [ 10000, 10000 ]
                                }
                              },
                              {
                                "emote_slot_1_content@persona.emote_wheel_slot_content": {
                                  "$emote_slot_index": 1,
                                  "$emote_slot_name": "emote_slot_1",
                                  "$wheel_state_texture": "textures/ui/emote_wheel_select_1",
                                  "$emote_image_offset": [ 31, -52 ],
                                  "$emote_touch_label_offset": [ 10000, 100000]
                                }
                              },
                              {
                                "emote_slot_2_content@persona.emote_wheel_slot_content": {
                                  "$emote_slot_index": 2,
                                  "$emote_slot_name": "emote_slot_2",
                                  "$wheel_state_texture": "textures/ui/emote_wheel_select_2",
                                  "$emote_image_offset": [ 62, 0 ],
                                  "$emote_touch_label_offset": [ 10000, 100000 ]
                                }
                              },
                              {
                                "emote_slot_3_content@persona.emote_wheel_slot_content": {
                                  "$emote_slot_index": 3,
                                  "$emote_slot_name": "emote_slot_3",
                                  "$wheel_state_texture": "textures/ui/emote_wheel_select_3",
                                  "$emote_image_offset": [ 31, 52 ],
                                  "$emote_touch_label_offset": [ 10000, 10000 ]
                                }
                              },
                              {
                                "emote_slot_4_content@persona.emote_wheel_slot_content": {
                                  "$emote_slot_index": 4,
                                  "$emote_slot_name": "emote_slot_4",
                                  "$wheel_state_texture": "textures/ui/emote_wheel_select_4",
                                  "$emote_image_offset": [ -31, 52 ],
                                  "$emote_touch_label_offset": [ -10300, 54000 ]
                                }
                              },
                              {
                                "emote_slot_5_content@persona.emote_wheel_slot_content": {
                                  "$emote_slot_index": 5,
                                  "$emote_slot_name": "emote_slot_5",
                                  "$wheel_state_texture": "textures/ui/emote_wheel_select_5",
                                  "$emote_image_offset": [ -62, 0 ],
                                  "$emote_touch_label_offset": [ -13200, 10000 ]
                                }
                              }
                            ],
                            "state_controls": [
                              "default_state",
                              "emote_slot_0",
                              "emote_slot_1",
                              "emote_slot_2",
                              "emote_slot_3",
                              "emote_slot_4",
                              "emote_slot_5"
                            ]
                          }
                        }
                      ]
                    }
                  }
                ]
              }
            }
          ]
        }
      }
  
           
    ]
  },

"logopanel":{
"type":"panel",
"size":[150,150],
"anchor_from":"center",
"anchor_to":"center",
"offset":[0,-90],
"controls":[ {"logo":{"type":"image","texture":"menu/components/emots","size":[150,150],"offset":[0,0],"anchor_from":"center","anchor_to":"center"}}]},


"buttonpanel":{
"type":"panel",
"size":[20,42],
"anchor_from":"top_right",
"anchor_to":"top_right",
"offset":[-2,2],
"controls":[  
    {
              "exit_button@resume1_button.resume1_button": {
                "size": [ 20, 20 ],
                "$button_text": "",
                "layer": 1,
                "anchor_from":"top_middle","anchor_to":"top_middle",
                "$custom_content":"emote_wheel_blc.close",
                "$pressed_button_name": "button.menu_exit"
              }
            },
              {
              "dressing_room_button@resume1_button.resume1_button": {
                "size": [ 20, 20 ],
                "layer": 1,
               "$custom_content":"emote_wheel_blc.edit", "anchor_from":"bottom_middle","anchor_to":"bottom_middle",
                "$button_text": "",
                "$pressed_button_name": "button.dressing_room"
              }
            }]},
 
"close":{
"type":"panel",
"size":["100%","100%"],
"controls":[
{"lol":{"type":"image","size":["90%","90%"],"texture":"menu/components/exitemote"}}]},
"edit":{
"type":"panel",
"size":["100%","100%"],
"controls":[
{"loll":{"type":"image","size":["90%","90%"],"texture":"menu/components/edit"}}]},  "emote_screen": {
    "type": "panel",
    "controls": [
      { "@emote_wheel_screen": { } },{"@buttonpanel":{}},{"@logopanel":{}}
    ]
  },

  "bg_screen": {
    "type": "panel",
    "controls": [{"dark":{"type":"image","texture":"menu/components/dark","layer":-5,"size":[1000,10000]}}
      
    ]
  },
  
   "emotetext": {
    "type": "label",
    "font_type": "smooth",
    "size": [ "default", 10 ],
    "color": [ 0.5, 0.5, 0.5 ],
    "shadow": false,
    "font_scale_factor": 1.0,
    "text": ""
  }
}