{
    "format_version": "1.8.0",
    "render_controllers": {
        "controller.render.chicken": {
            "geometry": "geometry.default",
            "materials": [
                {
                    "*": "Material.default"
                },
                {
                    "leg*": "Material.legs"
                }
            ],
            "textures": [
                "texture.default"
            ],
            "is_hurt_color": {
                "r": "0.0",
                "g": "0.7",
                "b": "0.0",
                "a": "0.5"
            },
            "on_fire_color": {
                "r": "0.0",
                "g": "0.7",
                "b": "0.0",
                "a": "0.5"
            }
        }
    }
}