[
  {
    "flipbook_texture": "textures/blocks/cauldron_water",
    "atlas_tile": "cauldron_water",
    "frames": [ 0 ]
  },
  {
    "flipbook_texture": "textures/blocks/lava_still",
    "atlas_tile": "still_lava",
    "frames": [ 0 ]
  },
  {
    "flipbook_texture": "textures/blocks/lava_flow",
    "atlas_tile": "flowing_lava",
    "frames": [ 0 ]
  },
  {
    "flipbook_texture": "textures/blocks/prismarine_rough",
    "atlas_tile": "prismarine",
    "frames": [ 0 ]
  },
  {
    "flipbook_texture": "textures/blocks/sea_lantern",
    "atlas_tile": "sea_lantern",
    "frames": [ 0 ]
  },
  {
    "flipbook_texture": "textures/blocks/blast_furnace_front_on",
    "atlas_tile": "blast_furnace_front_on",
    "frames": [ 0 ]
  },
  {
    "flipbook_texture": "textures/blocks/smoker_front_on",
    "atlas_tile": "smoker_front_on",
    "frames": [ 0 ]
  },
  { 
    "flipbook_texture": "textures/blocks/lantern",
    "atlas_tile": "lantern",
    "frames": [ 0 ]
  },
  {
    "flipbook_texture": "textures/blocks/huge_fungus/crimson_log_side",
    "atlas_tile": "crimson_log_side",
    "frames": [ 0 ]
  },
  {
    "flipbook_texture": "textures/blocks/huge_fungus/warped_stem_side",
    "atlas_tile": "warped_stem_side",
    "frames": [ 0 ]
  }
]
