{
	"format_version": "1.12.0",
	"minecraft:geometry": [
		{
			"description": {
				"identifier": "geometry.compass",
				"texture_width": 34,
				"texture_height": 34,
				"visible_bounds_width": 3,
				"visible_bounds_height": 2.5,
				"visible_bounds_offset": [0, 0.75, 0]
			},
			"bones": [
				{
					"name": "compass",
					"pivot": [0, 0, 0]
				},
				{
					"name": "compass_rotation",
					"parent": "compass",
					"pivot": [0, 0, 0],
					"cubes": [
						{"origin": [-14, 5, 0], "size": [28, 4, 0], "uv": [0, 3]}
					]
				}
			]
		}
	]
}