{
	"format_version": "1.12.0",
	"minecraft:geometry": [
		{
			"description": {
				"identifier": "geometry.cps_tag",
				"texture_width": 13,
				"texture_height": 13,
				"visible_bounds_width": 3,
				"visible_bounds_height": 5,
				"visible_bounds_offset": [0, 1.5, 0]
			},
			"bones": [
				{
					"name": "bb_main",
					"pivot": [0, 0, 0],
					"cubes": [
						{
							"origin": [-5, 36, -1.2],
							"size": [10, 2, 0.3],
							"pivot": [0, 0, 0],
							"rotation": [0, 180, 0],
							"uv": {
								"north": {"uv": [0, 2.5], "uv_size": [10, 2]},
								"east": {"uv": [0, 2], "uv_size": [0, 2]},
								"south": {"uv": [0, 2.5], "uv_size": [10, 2]},
								"west": {"uv": [10, 2], "uv_size": [0, 2]},
								"up": {"uv": [0, 13], "uv_size": [10, 0]},
								"down": {"uv": [10, 2], "uv_size": [10, 0]}
							}
						}
					]
				}
			]
		}
	]
}