{"format_version":"1.12.0","minecraft:geometry":[{"bones":[{"cubes":[{"origin":[-8,12,-2],"size":[4,12,4],"uv":[40,46]}],"name":"4","pivot":[0,0,0]},{"name":"Evoker","pivot":[0,24,0]},{"cubes":[{"origin":[-1,23,-6],"size":[2,4,2],"uv":[24,0]},{"origin":[-4,12,-3],"size":[8,12,6],"uv":[16,20]},{"origin":[-4,24,-4],"size":[8,10,8],"uv":[0,0]},{"inflate":0.5,"origin":[-4,6,-3],"size":[8,18,6],"uv":[0,38]}],"name":"1","parent":"Evoker","pivot":[0,23,0]},{"cubes":[{"mirror":true,"origin":[0,0,-2],"size":[4,12,4],"uv":[0,22]}],"name":"2","pivot":[0,0,0]},{"cubes":[{"origin":[-4,0,-2],"size":[4,12,4],"uv":[0,22]}],"name":"3","pivot":[0,0,0]},{"cubes":[{"mirror":true,"origin":[4,12,-2],"size":[4,12,4],"uv":[40,46]}],"name":"5","pivot":[0,0,0]}],"description":{"identifier":"geometry.evoker_mini","texture_height":64,"texture_width":64,"visible_bounds_height":2.5,"visible_bounds_offset":[0,1.25,0],"visible_bounds_width":3}}]}