{
	"format_version": "1.12.0",
	"minecraft:geometry": [
		{
			"description": {
				"identifier": "geometry.hitbox",
				"texture_width": 64,
				"texture_height": 64,
				"visible_bounds_width": 3,
				"visible_bounds_height": 4,
				"visible_bounds_offset": [0, 1, 0]
			},
			"bones": [
				{
					"name": "waist",
					"pivot": [0, 12, 0]
				},
				{
					"name": "body",
					"parent": "waist",
					"pivot": [0, 24, 0]
				},
				{
					"name": "Hitbox",
					"parent": "body",
					"pivot": [0, 24, 7],
					"cubes": [
						{
							"origin": [-5, 0, 5],
							"size": [0.2, 31.5, 0.2],
							"uv": {
								"north": {"uv": [0, 0], "uv_size": [1, 30]},
								"east": {"uv": [1, 0], "uv_size": [1, 30]},
								"south": {"uv": [2, 0], "uv_size": [1, 30]},
								"west": {"uv": [3, 0], "uv_size": [1, 30]},
								"up": {"uv": [9, 30], "uv_size": [1, 1]},
								"down": {"uv": [10, 31], "uv_size": [1, -1]}
							}
						},
						{
							"origin": [-5, 0, -5],
							"size": [0.2, 31.5, 0.2],
							"uv": {
								"north": {"uv": [12, 0], "uv_size": [1, 30]},
								"east": {"uv": [13, 0], "uv_size": [1, 30]},
								"south": {"uv": [14, 0], "uv_size": [1, 30]},
								"west": {"uv": [15, 0], "uv_size": [1, 30]},
								"up": {"uv": [30, 12], "uv_size": [1, 1]},
								"down": {"uv": [13, 31], "uv_size": [1, -1]}
							}
						},
						{
							"origin": [4.8, 0, 5],
							"size": [0.2, 31.5, 0.2],
							"uv": {
								"north": {"uv": [4, 0], "uv_size": [1, 30]},
								"east": {"uv": [5, 0], "uv_size": [1, 30]},
								"south": {"uv": [6, 0], "uv_size": [1, 30]},
								"west": {"uv": [7, 0], "uv_size": [1, 30]},
								"up": {"uv": [30, 10], "uv_size": [1, 1]},
								"down": {"uv": [11, 31], "uv_size": [1, -1]}
							}
						},
						{
							"origin": [4.8, 0, 2],
							"size": [0.2, 31.5, 0.2],
							"uv": {
								"north": {"uv": [41, 26], "uv_size": [-1, 33]},
								"east": {"uv": [37, 34], "uv_size": [-1, 30]},
								"south": {"uv": [45, 23], "uv_size": [1, 30]},
								"west": {"uv": [56, 12], "uv_size": [1, 30]},
								"up": {"uv": [42, 11], "uv_size": [2, -3]},
								"down": {"uv": [13, 56], "uv_size": [2, -2]}
							}
						},
						{
							"origin": [-5, 0, 2],
							"size": [0.2, 31.5, 0.2],
							"uv": {
								"north": {"uv": [41, 26], "uv_size": [-1, 33]},
								"east": {"uv": [37, 34], "uv_size": [-1, 30]},
								"south": {"uv": [45, 23], "uv_size": [1, 30]},
								"west": {"uv": [56, 12], "uv_size": [1, 30]},
								"up": {"uv": [42, 11], "uv_size": [2, -3]},
								"down": {"uv": [13, 56], "uv_size": [2, -2]}
							}
						},
						{
							"origin": [23.8, 19, 5],
							"size": [0.2, 10, 0.2],
							"pivot": [0, 24, 7],
							"rotation": [0, 0, 90],
							"uv": {
								"north": {"uv": [18, 0], "uv_size": [1, 10]},
								"east": {"uv": [18, 10], "uv_size": [1, 10]},
								"south": {"uv": [19, 0], "uv_size": [1, 10]},
								"west": {"uv": [19, 10], "uv_size": [1, 10]},
								"up": {"uv": [30, 13], "uv_size": [1, 1]},
								"down": {"uv": [14, 31], "uv_size": [1, -1]}
							}
						},
						{
							"origin": [-7.5, 19, 5],
							"size": [0.2, 10, 0.2],
							"pivot": [0, 24, 7],
							"rotation": [0, 0, 90],
							"uv": {
								"north": {"uv": [25, 10], "uv_size": [1, 10]},
								"east": {"uv": [25, 20], "uv_size": [1, 10]},
								"south": {"uv": [26, 0], "uv_size": [1, 10]},
								"west": {"uv": [26, 10], "uv_size": [1, 10]},
								"up": {"uv": [30, 20], "uv_size": [1, 1]},
								"down": {"uv": [21, 31], "uv_size": [1, -1]}
							}
						},
						{
							"origin": [-7.5, 19, -5],
							"size": [0.2, 10, 0.2],
							"pivot": [0, 24, 7],
							"rotation": [0, 0, 90],
							"uv": {
								"north": {"uv": [26, 20], "uv_size": [1, 10]},
								"east": {"uv": [27, 0], "uv_size": [1, 10]},
								"south": {"uv": [27, 10], "uv_size": [1, 10]},
								"west": {"uv": [27, 20], "uv_size": [1, 10]},
								"up": {"uv": [30, 21], "uv_size": [1, 1]},
								"down": {"uv": [22, 31], "uv_size": [1, -1]}
							}
						},
						{
							"origin": [-0.6, 19, -5],
							"size": [0.2, 10, 0.2],
							"pivot": [0, 24, 7],
							"rotation": [0, 0, 90],
							"uv": {
								"north": {"uv": [28, 0], "uv_size": [1, 10]},
								"east": {"uv": [28, 10], "uv_size": [1, 10]},
								"south": {"uv": [28, 20], "uv_size": [1, 10]},
								"west": {"uv": [29, 0], "uv_size": [1, 10]},
								"up": {"uv": [30, 22], "uv_size": [1, 1]},
								"down": {"uv": [23, 31], "uv_size": [1, -1]}
							}
						},
						{
							"origin": [-0.6, 19, 5],
							"size": [0.2, 10, 0.2],
							"pivot": [0, 24, 7],
							"rotation": [0, 0, 90],
							"uv": {
								"north": {"uv": [29, 10], "uv_size": [1, 10]},
								"east": {"uv": [29, 20], "uv_size": [1, 10]},
								"south": {"uv": [0, 30], "uv_size": [1, 10]},
								"west": {"uv": [30, 0], "uv_size": [1, 10]},
								"up": {"uv": [30, 23], "uv_size": [1, 1]},
								"down": {"uv": [24, 31], "uv_size": [1, -1]}
							}
						},
						{
							"origin": [-0.6, 26, 11.8],
							"size": [0.2, 10, 0.2],
							"pivot": [0, 24, 7],
							"rotation": [90, 0, 90],
							"uv": {
								"north": {"uv": [1, 30], "uv_size": [1, 10]},
								"east": {"uv": [2, 30], "uv_size": [1, 10]},
								"south": {"uv": [3, 30], "uv_size": [1, 10]},
								"west": {"uv": [4, 30], "uv_size": [1, 10]},
								"up": {"uv": [30, 24], "uv_size": [1, 1]},
								"down": {"uv": [25, 31], "uv_size": [1, -1]}
							}
						},
						{
							"origin": [-0.6, 26, 2],
							"size": [0.2, 10, 0.2],
							"pivot": [0, 24, 7],
							"rotation": [90, 0, 90],
							"uv": {
								"north": {"uv": [5, 30], "uv_size": [1, 10]},
								"east": {"uv": [6, 30], "uv_size": [1, 10]},
								"south": {"uv": [7, 30], "uv_size": [1, 10]},
								"west": {"uv": [8, 30], "uv_size": [1, 10]},
								"up": {"uv": [30, 25], "uv_size": [1, 1]},
								"down": {"uv": [26, 31], "uv_size": [1, -1]}
							}
						},
						{
							"origin": [23.8, 19, -5],
							"size": [0.2, 10, 0.2],
							"pivot": [0, 24, 7],
							"rotation": [0, 0, 90],
							"uv": {
								"north": {"uv": [20, 0], "uv_size": [1, 10]},
								"east": {"uv": [20, 10], "uv_size": [1, 10]},
								"south": {"uv": [18, 20], "uv_size": [1, 10]},
								"west": {"uv": [19, 20], "uv_size": [1, 10]},
								"up": {"uv": [30, 14], "uv_size": [1, 1]},
								"down": {"uv": [15, 31], "uv_size": [1, -1]}
							}
						},
						{
							"origin": [23.8, 26, 2],
							"size": [0.2, 10, 0.2],
							"pivot": [0, 24, 7],
							"rotation": [90, 0, 90],
							"uv": {
								"north": {"uv": [20, 20], "uv_size": [1, 10]},
								"east": {"uv": [21, 0], "uv_size": [1, 10]},
								"south": {"uv": [21, 10], "uv_size": [1, 10]},
								"west": {"uv": [21, 20], "uv_size": [1, 10]},
								"up": {"uv": [30, 15], "uv_size": [1, 1]},
								"down": {"uv": [30, 17], "uv_size": [1, -1]}
							}
						},
						{
							"origin": [23.8, 26, 11.8],
							"size": [0.2, 10, 0.2],
							"pivot": [0, 24, 7],
							"rotation": [90, 0, 90],
							"uv": {
								"north": {"uv": [22, 0], "uv_size": [1, 10]},
								"east": {"uv": [22, 10], "uv_size": [1, 10]},
								"south": {"uv": [22, 20], "uv_size": [1, 10]},
								"west": {"uv": [23, 0], "uv_size": [1, 10]},
								"up": {"uv": [30, 17], "uv_size": [1, 1]},
								"down": {"uv": [18, 31], "uv_size": [1, -1]}
							}
						},
						{
							"origin": [-7.5, 26, 11.8],
							"size": [0.2, 10, 0.2],
							"pivot": [0, 24, 7],
							"rotation": [90, 0, 90],
							"uv": {
								"north": {"uv": [23, 10], "uv_size": [1, 10]},
								"east": {"uv": [23, 20], "uv_size": [1, 10]},
								"south": {"uv": [24, 0], "uv_size": [1, 10]},
								"west": {"uv": [24, 10], "uv_size": [1, 10]},
								"up": {"uv": [30, 18], "uv_size": [1, 1]},
								"down": {"uv": [19, 31], "uv_size": [1, -1]}
							}
						},
						{
							"origin": [-7.5, 26, 2],
							"size": [0.2, 10, 0.2],
							"pivot": [0, 24, 7],
							"rotation": [90, 0, 90],
							"uv": {
								"north": {"uv": [16, 24], "uv_size": [1, 10]},
								"east": {"uv": [17, 24], "uv_size": [1, 10]},
								"south": {"uv": [24, 20], "uv_size": [1, 10]},
								"west": {"uv": [25, 0], "uv_size": [1, 10]},
								"up": {"uv": [30, 19], "uv_size": [1, 1]},
								"down": {"uv": [20, 31], "uv_size": [1, -1]}
							}
						},
						{
							"origin": [4.8, 0, -5],
							"size": [0.2, 31.5, 0.2],
							"uv": {
								"north": {"uv": [8, 0], "uv_size": [1, 30]},
								"east": {"uv": [9, 0], "uv_size": [1, 30]},
								"south": {"uv": [10, 0], "uv_size": [1, 30]},
								"west": {"uv": [11, 0], "uv_size": [1, 30]},
								"up": {"uv": [30, 11], "uv_size": [1, 1]},
								"down": {"uv": [12, 31], "uv_size": [1, -1]}
							}
						}
					]
				},
				{
					"name": "head",
					"parent": "body",
					"pivot": [0, 0, 0],
					"cubes": [
						{
							"origin": [-4.7, 27, 6.8],
							"size": [0.3, 22, 0.3],
							"pivot": [0, 24, 7],
							"rotation": [89.5, 1.5, 90],
							"uv": {
								"north": {"uv": [16, 0], "uv_size": [1, 12]},
								"east": {"uv": [16, 12], "uv_size": [1, 12]},
								"south": {"uv": [17, 0], "uv_size": [1, 12]},
								"west": {"uv": [17, 12], "uv_size": [1, 12]},
								"up": {"uv": [30, 26], "uv_size": [1, 1]},
								"down": {"uv": [27, 31], "uv_size": [1, -1]}
							}
						}
					]
				}
			]
		}
	]
}