{"format_version":"1.12.0","minecraft:geometry":[{"bones":[{"name":"vex_wings","pivot":[0,28,3]},{"cubes":[{"origin":[0,11,1.7],"size":[20,12,1],"uv":[0,32]}],"mirror":true,"name":"vw1","parent":"vex_wings","pivot":[0,28,3]},{"cubes":[{"origin":[-20,11,1.7],"size":[20,12,1],"uv":[0,32]}],"name":"vw2","parent":"vex_wings","pivot":[0,28,3]}],"description":{"identifier":"geometry.vex_wings","textureheight":64,"texturewidth":64,"visible_bounds_height":3,"visible_bounds_offset":[0,1.5,0],"visible_bounds_width":4}}]}