{
   "namespace": "category_button",
   
   "category@category_button.button_2": {
   },
   "content@category_button.content_2": {
   },
   
  
  
  "button_2@common_toggles.light_ui_toggle": {
"anchor_from": "top_left",
"anchor_to": "top_left",
"size": [ "100%", "30px" ],
"$button_size_override": [ "100%", "100% + 1px" ],
"$button_type_panel": "category_button.text",




"$default_texture": "_SPY/modules/category/normal",
"$hover_texture": "_SPY/modules/category/hover",
"$pressed_texture": "_SPY/modules/category/hover",
"$pressed_no_hover_texture": "_SPY/modules/category/hover",
"$locked_texture": "_SPY/modules/category/hover",


"$radio_toggle_group": true,
"$toggle_name": "gameplay_tab",
"$toggle_group_default_selected": 1,

"$toggle_tab_focus_binding_type": "global",
"$toggle_tab_focus_binding_name": "#gameplay_tab_focus_precedence",
"$toggle_on_hover_binding_type": "global",
"$toggle_on_hover_binding_name": "#toggle_on_hover"
},


  
  
  "content_2@common_toggles.light_ui_toggle": {
"anchor_from": "top_left",
"anchor_to": "top_left",
"size": [ "100%", "30px" ],
"$button_size_override": [ "100%", "100% + 1px" ],
"$button_type_panel": "category_button.text",




"$default_texture": "_SPY/modules/textures/custom_buttons/default",
"$hover_texture": "_SPY/modules/textures/custom_buttons/hover",
"$pressed_texture": "_SPY/modules/textures/custom_buttons/hover",
"$pressed_no_hover_texture": "_SPY/modules/textures/custom_buttons/hover",
"$locked_texture": "_SPY/modules/textures/custom_buttons/hover",


"$radio_toggle_group": true,
"$toggle_name": "hud_tab",
"$toggle_group_default_selected": 1,

"$toggle_tab_focus_binding_type": "global",
"$toggle_tab_focus_binding_name": "#hud_tab_focus_precedence",
"$toggle_on_hover_binding_type": "global",
"$toggle_on_hover_binding_name": "#toggle_on_hover"
},



"content_3@common_toggles.light_ui_toggle": {
"anchor_from": "top_left",
"anchor_to": "top_left",
"size": [ "100%", "30px" ],
"$button_size_override": [ "100%", "100% + 1px" ],
"$button_type_panel": "category_button.text",




"$default_texture": "_SPY/modules/textures/custom_buttons/default",
"$hover_texture": "_SPY/modules/textures/custom_buttons/hover",
"$pressed_texture": "_SPY/modules/textures/custom_buttons/hover",
"$pressed_no_hover_texture": "_SPY/modules/textures/custom_buttons/hover",
"$locked_texture": "_SPY/modules/textures/custom_buttons/hover",


"$radio_toggle_group": true,
"$toggle_name": "crosshairs_tab",
"$toggle_group_default_selected": 1,

"$toggle_tab_focus_binding_type": "global",
"$toggle_tab_focus_binding_name": "#crosshairs_tab_focus_precedence",
"$toggle_on_hover_binding_type": "global",
"$toggle_on_hover_binding_name": "#toggle_on_hover"
},

"content_69@common_toggles.light_ui_toggle": {
"anchor_from": "top_left",
"anchor_to": "top_left",
"size": [ "100%", "30px" ],
"$button_size_override": [ "100%", "100% + 1px" ],
"$button_type_panel": "category_button.text",




"$default_texture": "_SPY/modules/textures/custom_buttons/default",
"$hover_texture": "_SPY/modules/textures/custom_buttons/hover",
"$pressed_texture": "_SPY/modules/textures/custom_buttons/hover",
"$pressed_no_hover_texture": "_SPY/modules/textures/custom_buttons/hover",
"$locked_texture": "_SPY/modules/textures/custom_buttons/hover",


"$radio_toggle_group": true,
"$toggle_name": "drawable_pre_tab",
"$toggle_group_default_selected": 1,

"$toggle_tab_focus_binding_type": "global",
"$toggle_tab_focus_binding_name": "#drawable_pre_tab_focus_precedence",
"$toggle_on_hover_binding_type": "global",
"$toggle_on_hover_binding_name": "#toggle_on_hover"
},


"content_3_1@common_toggles.light_ui_toggle": {
"anchor_from": "top_left",
"anchor_to": "top_left",
"size": [ "100%", "30px" ],
"$button_size_override": [ "100%", "100% + 1px" ],
"$button_type_panel": "category_button.text",




"$default_texture": "_SPY/modules/textures/custom_buttons/default",
"$hover_texture": "_SPY/modules/textures/custom_buttons/hover",
"$pressed_texture": "_SPY/modules/textures/custom_buttons/hover",
"$pressed_no_hover_texture": "_SPY/modules/textures/custom_buttons/hover",
"$locked_texture": "_SPY/modules/textures/custom_buttons/hover",


"$radio_toggle_group": true,
"$toggle_name": "brightness_1_tab",
"$toggle_group_default_selected": 1,

"$toggle_tab_focus_binding_type": "global",
"$toggle_tab_focus_binding_name": "#brightness_1_tab_focus_precedence",
"$toggle_on_hover_binding_type": "global",
"$toggle_on_hover_binding_name": "#toggle_on_hover"
},



"content_4@common_toggles.light_ui_toggle": {
"anchor_from": "top_left",
"anchor_to": "top_left",
"size": [ "100%", "30px" ],
"$button_size_override": [ "100%", "100% + 1px" ],
"$button_type_panel": "category_button.image",




"$default_texture": "_SPY/modules/textures/custom_buttons/default",
"$hover_texture": "_SPY/modules/textures/custom_buttons/hover",
"$pressed_texture": "_SPY/modules/textures/custom_buttons/hover",
"$pressed_no_hover_texture": "_SPY/modules/textures/custom_buttons/hover",
"$locked_texture": "_SPY/modules/textures/custom_buttons/hover",


"$radio_toggle_group": true,
"$toggle_name": "ch_tab",
"$toggle_group_default_selected": 1,

"$toggle_tab_focus_binding_type": "global",
"$toggle_tab_focus_binding_name": "#ch_tab_focus_precedence",
"$toggle_on_hover_binding_type": "global",
"$toggle_on_hover_binding_name": "#toggle_on_hover"
},



  "image":{
    "type": "image",
    "size":[
         "75%",
         "75%"
    ],
    "texture": "$button_icon",
    "bindings":[
         {
            "binding_name": "$button_icon"
         }
      ]
   },


"text":{
      "type":"label",
      "size":[
         "default",
         "default"
      ],
      "font_type":"smooth",
      "text": "$button_text",
      "bindings":[
         {
            "binding_name": "$button_text"
         }
      ]
   },
   
   
   
   
   
   "content_5@common_toggles.light_ui_toggle": {
"anchor_from": "top_left",
"anchor_to": "top_left",
"size": [ "100%", "30px" ],
"$button_size_override": [ "100%", "100% + 1px" ],
"$button_type_panel": "category_button.text",




"$default_texture": "_SPY/modules/textures/custom_buttons/default",
"$hover_texture": "_SPY/modules/textures/custom_buttons/hover",
"$pressed_texture": "_SPY/modules/textures/custom_buttons/hover",
"$pressed_no_hover_texture": "_SPY/modules/textures/custom_buttons/hover",
"$locked_texture": "_SPY/modules/textures/custom_buttons/hover",


"$radio_toggle_group": true,
"$toggle_name": "brightness_tab",
"$toggle_group_default_selected": 1,

"$toggle_tab_focus_binding_type": "global",
"$toggle_tab_focus_binding_name": "#brightness_tab_focus_precedence",
"$toggle_on_hover_binding_type": "global",
"$toggle_on_hover_binding_name": "#toggle_on_hover"
},

   "content_6@common_toggles.light_ui_toggle": {
"anchor_from": "top_left",
"anchor_to": "top_left",
"size": [ "100%", "30px" ],
"$button_size_override": [ "100%", "100% + 1px" ],
"$button_type_panel": "category_button.text",




"$default_texture": "_SPY/modules/textures/custom_buttons/default",
"$hover_texture": "_SPY/modules/textures/custom_buttons/hover",
"$pressed_texture": "_SPY/modules/textures/custom_buttons/hover",
"$pressed_no_hover_texture": "_SPY/modules/textures/custom_buttons/hover",
"$locked_texture": "_SPY/modules/textures/custom_buttons/hover",


"$radio_toggle_group": true,
"$toggle_name": "drawable_tab",
"$toggle_group_default_selected": 1,

"$toggle_tab_focus_binding_type": "global",
"$toggle_tab_focus_binding_name": "#drawable_tab_focus_precedence",
"$toggle_on_hover_binding_type": "global",
"$toggle_on_hover_binding_name": "#toggle_on_hover"
},
   
   
   
}