{
  "namespace":"modules",
  
  "content_button@saad_toogles.spy_toggle":{
    "$checked_control":"modules.toggle",
    "$checked_hover_control":"modules.toggle_hover",
    "$unchecked_control":"modules.toggle_unchecked",
    "$unchecked_hover_control":"modules.toggle_unchecked_hover"
  },
  
  
"spying_u":{
  "type":"panel",
  "anchor_from":"center",
  "anchor_to":"center",
  "bindings":[
    {
      "binding_type":"view",
      "source_control_name":"modules_button",
      "source_property_name":"#toggle_state",
      "target_property_name":"#visible"
    }
  ],
  "controls":[
    {
      "bg":{
        "anchor_from":"center",
        "anchor_to":"center",
        "type":"image",
        "texture":"_SPY/modules/textures/panel",
        "alpha":1.0,
        "size":[
          300,
          150
        ],
        "layer":498,
        "controls":[
          {
            "category_bg":{
              "anchor_from":"left_middle",
              "anchor_to":"left_middle",
              "type":"image",
              "texture":"_SPY/modules/textures/panel_left",
              "alpha":1.0,
              "size":[
                80,
                150
              ],
              "layer":499
            }
          },
          {
            "top_right_bg":{
              "anchor_from":"top_right",
              "anchor_to":"top_right",
              "type":"image",
              "texture":"_SPY/modules/textures/panel_top_right",
              "alpha":1.0,
              "size":[
                "100% - 80px",
                35
              ],
              "layer":499,
              "controls":[
                {
                  "title":{
                    "type":"image",
                    "size":[
                      125,
                      125
                    ],
                    "anchor_from":"center",
                    "anchor_to":"center",
                    "texture":"_SPY/modules/textures/title",
                    "layer":500
                  }
                }
              ]
            }
          },
          {
            "category@category_section.content":{
              "size":[
                70,
                140
              ],
              "anchor_from":"top_left",
              "anchor_to":"top_left",
              "offset":[
                5,
                5
              ]
            }
          },
          {
            "gameplay@gameplay_section.content":{
              "size":[
                210,
                105
              ],
              "anchor_from":"top_left",
              "anchor_to":"top_left",
              "offset":[
                83.5,
                40
              ]
            }
          },
          {
            "crosshairs@crosshairs_section.content":{
              "size":[
                210,
                105
              ],
              "anchor_from":"top_left",
              "anchor_to":"top_left",
              "offset":[
                83.5,
                40
              ]
              }
            },
            {
            "hud@hud_section.content":{
              "size":[
                210,
                105
              ],
              "anchor_from":"top_left",
              "anchor_to":"top_left",
              "offset":[
                83.5,
                40
              ]
            }
          },
          {
            "brightness@brightness_section.content":{
              "size":[
                210,
                105
              ],
              "anchor_from":"top_left",
              "anchor_to":"top_left",
              "offset":[
                83.5,
                40
              ]
            }
          }
        ]
      }
    }
  ]
},







  
  
  "toggle@saad_toogles.main_panel":{
    "type":"image",
    "size":[
      "100%",
      "100%"
    ],
    "layer": 500,
    "texture":"_SPY/modules/textures/custom_buttons/hover"
  },
  "toggle_hover@saad_toogles.main_panel":{
    "type":"image",
    "size":[
      "100%",
      "100%"
    ],
    "layer": 500,
    "texture":"_SPY/modules/textures/custom_buttons/hover"
  },
  "invisible@saad_toogles.main_panel":{
      "type":"image",
      "size":[
         "100%",
         "100%"
      ],
      "layer": 500,
      "texture":"_SPY/kuch_nahi"
   },
  "toggle_unchecked@saad_toogles.main_panel":{
    "type":"image",
    "size":[
      "100%",
      "100%"
    ],
    "layer": 500,
    "texture":"_SPY/modules/textures/custom_buttons/default"
  },
  "toggle_unchecked_hover@saad_toogles.main_panel":{
    "type":"image",
    "size":[
      "100%",
      "100%"
    ],
    "layer": 500,
    "texture":"_SPY/modules/textures/custom_buttons/hover"
  },
  
  
  
  "modules_button@saad_toogles.spy_toggle":{
    "anchor_from":"bottom_right",
    "anchor_to":"bottom_right",
    "offset":[
      0,
      0
    ],
    "$button_text":"",
    "$toggle_name":"modules_button",
    "size":[
      50,
      20
    ],
    "$checked_control":"modules.invisible",
    "$checked_hover_control":"modules.invisible",
    "$unchecked_control":"modules.invisible",
    "$unchecked_hover_control":"modules.invisible"
  },
  "modules_button_visible@saad_toogles.spy_toggle":{
    "anchor_from":"bottom_right",
    "anchor_to":"bottom_right",
    "offset":[
      0,
      0
    ],
    "$button_text":"Modules",
    "$toggle_name":"modules_button",
    "size":[
      50,
      20
    ],
    "bindings": [
      {
        "binding_type": "view",
        "source_control_name": "pause_btn",
        "source_property_name": "#toggle_state",
        "target_property_name": "#visible"
     }
    ]
  }
  
  
  
}