{"namespace":"note_pnl","toggle_label":{"controls":[{"toggles_ic":{"size":[12,12],"texture":"$texture","type":"image"}},{"toggle_label@note_pnl.variable_x2":{}}],"type":"panel"},"variable":{"controls":[{"v_label":{"font_type":"smooth","layer":3,"text":"$hover_text","type":"label"}}],"ignored":"(not $toggle_checked_hover)","offset":[46,0],"size":["100%c + 6px","100%c + 4px"],"texture":"textures/ui/purpleBorder","type":"image"},"variable_x2":{"controls":[{"v_label":{"font_type":"smooth","layer":3,"text":"$hover_text","type":"label"}}],"ignored":"(not $hover_state)","offset":[46,0],"size":["100%c + 6px","100%c + 4px"],"texture":"textures/ui/purpleBorder","type":"image"}}