{"buy_button@pause.pause_button_template":{"$button_text":"trial.pauseScreen.buyGame","$pressed_button_name":"button.menu_buy_game","anchor_from":"top_middle","anchor_to":"top_middle","bindings":[{"binding_name":"#is_trial_version","binding_name_override":"#visible","binding_type":"global"}],"ignored":"(not $trial or $is_secondary_client)"},"change_skin_icon":{"anchor_from":"left_middle","anchor_to":"left_middle","color":[0.3,0.3,0.3],"layer":3,"size":[32,16],"texture":"textures/ui/hangar","type":"image"},"column_frame":{"type":"panel"},"disconnected_from_multiplayer_label_panel":{"controls":[{"disconnected_from_xbox_live_label@pause.disconnected_label":{"bindings":[{"binding_name":"#disconnected_from_xbox_live_label_visible","binding_name_override":"#visible","binding_type":"global"}],"text":"pauseScreen.xboxLiveDisconnect"}},{"disconnected_from_third_party_label@pause.disconnected_label":{"bindings":[{"binding_name":"#disconnected_from_third_party_label_visible","binding_name_override":"#visible","binding_type":"global"}],"text":"pauseScreen.thirdPartyConsoleDisconnect"}},{"disconnected_from_adhoc_label@pause.disconnected_label":{"bindings":[{"binding_name":"#disconnected_from_adhoc_label_visible","binding_name_override":"#visible","binding_type":"global"}],"text":"pauseScreen.thirdPartyConsoleAdhocDisconnect"}},{"disconnected_from_crossplatform_multiplayer@pause.disconnected_label":{"bindings":[{"binding_name":"#disconnected_from_crossplatform_multiplayer","binding_name_override":"#visible","binding_type":"global"}],"text":"options.crossPlatformMultiplayerDisabled"}},{"disconnected_from_multiplayer@pause.disconnected_label":{"bindings":[{"binding_name":"#disconnected_from_multiplayer","binding_name_override":"#visible","binding_type":"global"}],"text":"options.multiplayerDisabled"}}],"size":["100%","100%c"],"type":"stack_panel"},"disconnected_label":{"color":"$main_header_text_color","layer":1,"size":["100%","default"],"type":"label"},"dressing_room_controller_button_content":{"controls":[{"button_x@common.gamepad_helper_x":{"$gamepad_helper_visible_binding_type":"none","anchor_from":"left_middle","anchor_to":"left_middle","bindings":[{"binding_name":"#can_change_skin","binding_name_override":"#visible"}]}},{"button_label_panel":{"anchor_from":"right_middle","anchor_to":"right_middle","controls":[{"button_label_text_left@pause.controller_button_label":{"max_size":[80,20],"size":["default","default"]}}],"size":["100%c","100%c"],"type":"panel"}}],"size":["100%c","100%cm"],"type":"panel"},"filler_panel":{"layer":1,"type":"panel"},"focus_border":{"color":[0.7,0.7,0.7],"texture":"textures/ui/focus_border_white","type":"image"},"focus_border_button@common.button":{"$button_tts_name":"","$pressed_button_name":"button.pause_focus_filler","controls":[{"default@pause.filler_panel":{}},{"hover@pause.focus_border":{}},{"pressed@pause.focus_border":{}}],"size":["100%","100%"],"sound_volume":0},"gametag_wrapper":{"anchor_from":"left_middle","anchor_to":"left_middle","controls":[{"gamertag@pause.player_gamertag":{}}],"size":["100%c","100%"],"type":"panel"},"grid_button_template@common_buttons.light_text_button":{"size":["100%",28]},"horizontal_padding":{"size":[2,0],"type":"panel"},"how_to_play_button@pause.pause_button_template":{"$button_text":"menu.howToPlay","$pressed_button_name":"button.menu_how_to_play","anchor_from":"top_middle","anchor_to":"top_middle","ignored":"(not $education_edition or $education_edition_china)"},"info_panel@pause.pause_screen_border":{"anchor_from":"right_middle","anchor_to":"right_middle","controls":[{"info_panel_background@pause.info_panel_background":{}},{"info_panel_list@pause.info_panel_content_list":{}}],"size":[150,"100%"]},"info_panel_background@pause.transparent_background":{"anchor_from":"top_right","anchor_to":"top_right","size":["100%","100%"]},"info_panel_content_list":{"anchor_from":"top_right","anchor_to":"top_right","controls":[{"player_list_scrolling_panel@pause.player_list_scrolling_panel":{}},{"vertical_padding@pause.vertical_padding":{"size":[0,8]}}],"orientation":"vertical","size":["100% - 4px","100%"],"type":"stack_panel"},"invite_players_button@pause.grid_button_template":{"$button_text":"pauseScreen.invite","$focus_override_right":"FOCUS_OVERRIDE_STOP","$pressed_button_name":"button.menu_invite_players","bindings":[{"binding_name":"#invite_button_visible","binding_name_override":"#visible","binding_type":"global"},{"binding_name":"#invite_button_enabled","binding_name_override":"#enabled"}],"focus_change_down":"FOCUS_OVERRIDE_STOP"},"invite_players_button_panel":{"controls":[{"invite_players_button@pause.invite_players_button":{}}],"size":["100% - 1px","100%c"],"type":"panel"},"ip_label":{"bindings":[{"binding_condition":"visibility_changed","binding_name":"#ip_address_text","binding_name_override":"#ip"}],"color":"$main_header_text_color","layer":1,"size":["100%",10],"text":"#ip","type":"label"},"menu_background@pause.transparent_background":{"controls":[{"button_panel":{"controls":[{"return_to_game_button@return_to_game_button":{"size":[160,20]}},{"1":{"controls":[{"change_profile_button@common_buttons.light_text_form_fitting_button":{"$button_text":"profileScreen.header","$pressed_alpha":0.65,"$pressed_button_name":"button.to_profile_or_skins_screen","size":[80,20]}},{"settings_button@pause.settings_button":{"size":[80,20]}}],"orientation":"horizontal","size":["50%",20],"type":"stack_panel"}},{"2":{"controls":[{"store_button@pause.pause_button_template":{"$button_text":"$store_button_text","$pressed_button_name":"button.menu_store","size":[82,20]}},{"acvm_button@pause.pause_button_template":{"$button_text":"Achievement","$focus_override_down":"Achievements_button_focus","$pressed_button_name":"button.menu_achievements","size":[78,20]}}],"orientation":"horizontal","size":["46%",20],"type":"stack_panel"}},{"3":{"controls":[{"screenshot_button@pause_button_template":{"$button_text":"Screenshot","$pressed_button_name":"button.screenshot","size":[82,20],"sound_name":"random.screenshot","sound_pitch":1,"sound_volume":1}},{"htpl@pause_button_template":{"$button_text":"How to play","$pressed_button_name":"button.menu_how_to_play","size":[78,20]}}],"orientation":"horizontal","size":["46%",20],"type":"stack_panel"}},{"quit_button@pause.quit_button":{"size":[160,20]}}],"type":"stack_panel"}}]},"menu_button_control@pause.pause_screen_border":{"anchor_from":"center","anchor_to":"center","color":[0,0,0],"controls":[{"menu_background@pause.menu_background":{}}],"offset":[0,135]},"menu_the_rest_panel":{"controls":[{"menu_button_control@pause.menu_button_control":{}}],"focus_container":true,"focus_navigation_mode_left":"contained","size":[0,0],"type":"panel","use_last_focus":true},"namespace":"pause","pause_button_template@common_buttons.light_text_button":{"focus_change_left":"$pressed_button_name","focus_change_right":"$focus_override_right","focus_identifier":"$pressed_button_name","size":["100%",28]},"pause_screen@common.base_screen":{"$screen_animations":["@common.screen_exit_animation_push_fade","@common.screen_exit_animation_pop_fade","@common.screen_entrance_animation_push_fade","@common.screen_entrance_animation_pop_fade"],"button_mappings":[{"from_button_id":"button.menu_cancel","mapping_type":"global","to_button_id":"button.menu_continue"},{"from_button_id":"button.controller_start","mapping_type":"global","to_button_id":"button.menu_continue"},{"from_button_id":"button.menu_vr_realign","mapping_type":"global","scope":"controller","to_button_id":"button.menu_vr_realign"},{"from_button_id":"button.controller_select","mapping_type":"global","scope":"controller","to_button_id":"button.to_profile_or_skins_screen"},{"from_button_id":"button.menu_tab_left","mapping_type":"global","scope":"view","to_button_id":"button.menu_tab_left"},{"from_button_id":"button.menu_tab_right","mapping_type":"global","scope":"view","to_button_id":"button.menu_tab_right"}],"cache_screen":true,"variables":[{"$screen_bg_content":"common.screen_background","$screen_content":"pause.pause_screen_content","requires":"$ignore_edu_pause"},{"$screen_content":"edu_pause.pause_screen_content","requires":"(not $ignore_edu_pause)"}]},"pause_screen_border":{"layer":2,"texture":"textures/ui/pause_screen_border","type":"image"},"pause_screen_content":{"anchor_from":"top_left","anchor_to":"top_left","controls":[{"pause_screen_main_panels@pause.pause_screen_main_panels":{}}],"layer":1,"size":["100%","100%"],"type":"panel","variables":[{"$achievements_ignored":true,"requires":"$education_edition"},{"$achievements_ignored":true,"requires":"$trial"}]},"pause_screen_main_panels":{"$achievements_ignored|default":false,"controls":[{"menu@pause.pause_screen_menu":{}},{"info_panel@pause.info_panel":{}}],"orientation":"horizontal","size":["100%","100%"],"type":"stack_panel"},"pause_screen_menu":{"anchor_from":"center","anchor_to":"center","size":["fill","100%"],"type":"stack_panel"},"platform_icon":{"bindings":[{"binding_collection_name":"players_collection","binding_name":"#is_platform_icon_visible","binding_name_override":"#visible","binding_type":"collection"}],"ignored":"(not $platform_icons_visible)","texture":"textures/ui/platform_icon","type":"image"},"platform_icon_panel":{"$icon_panel_size|default":["100%c + 4px","100%"],"controls":[{"platform_icon@pause.platform_icon":{"anchor_from":"left_middle","anchor_to":"left_middle","layer":1,"size":[15,15]}}],"size":"$icon_panel_size","type":"panel"},"player_banner@pause.player_grid_banner":{"anchor_from":"top_left","anchor_to":"top_left","bindings":[{"binding_collection_name":"players_collection","binding_name":"#button_disabled","binding_name_override":"#visible","binding_type":"collection"}],"layer":1,"size":["100%","100%"]},"player_button@common_buttons.dark_content_button":{"$button_content":"pause.player_button_content","anchor_from":"top_left","anchor_to":"top_left","bindings":[{"binding_collection_name":"players_collection","binding_name":"#button_enabled","binding_name_override":"#visible","binding_type":"collection"},{"binding_collection_name":"players_collection","binding_type":"collection_details"}],"button_mappings":[{"from_button_id":"button.menu_select","mapping_type":"pressed","to_button_id":"button.player_profile_card"},{"from_button_id":"button.menu_ok","mapping_type":"focused","to_button_id":"button.player_profile_card"}],"size":["100%","100%"]},"player_button_content":{"anchor_from":"left_middle","anchor_to":"left_middle","controls":[{"player_pic_panel@pause.player_pic_panel":{"layer":1}},{"player_gamertag@pause.gametag_wrapper":{"layer":1,"size":["fill","100%"]}},{"platform_icon@pause.platform_icon_panel":{"layer":1}}],"layer":3,"offset":[4,0],"orientation":"horizontal","size":["100% - 4px","100% - 4px"],"type":"stack_panel"},"player_gamer_pic":{"anchor_from":"left_middle","anchor_to":"left_middle","bindings":[{"binding_collection_name":"players_collection","binding_name":"#texture","binding_type":"collection"},{"binding_collection_name":"players_collection","binding_name":"#texture_source","binding_name_override":"#texture_file_system","binding_type":"collection"},{"binding_collection_name":"players_collection","binding_name":"#gamerpic_visible","binding_name_override":"#visible","binding_type":"collection"}],"controls":[{"player_panel_black_border@pause.pause_screen_border":{"anchor_from":"center","anchor_to":"center","color":[0,0,0],"size":["100% + 2px","100% + 2px"]}}],"layer":1,"size":[18,18],"texture":"#texture","texture_file_system":"#texture_source","type":"image"},"player_gamertag":{"anchor_from":"left_middle","anchor_to":"left_middle","bindings":[{"binding_collection_name":"players_collection","binding_name":"#gamertag","binding_type":"collection"}],"color":"$main_header_text_color","layer":2,"size":["100%",10],"text":"#gamertag","type":"label"},"player_grid_banner":{"controls":[{"player_grid_banner_no_focus@pause.player_grid_banner_no_focus":{"controls":[{"player_button_content@pause.player_button_content":{"offset":[7,0],"size":["92%","90%"]}}]}},{"focus_border_button@pause.focus_border_button":{"layer":5,"tts_inherit_siblings":true}}],"type":"panel"},"player_grid_banner_no_focus":{"texture":"textures/ui/MainBannersHover","type":"image"},"player_grid_item":{"controls":[{"player_grid_item_content@pause.player_grid_item_content":{}}],"size":["100%",27],"type":"panel"},"player_grid_item_content":{"controls":[{"player_button_panel":{"anchor_from":"top_middle","anchor_to":"top_middle","controls":[{"player_button_banner":{"controls":[{"player_button@pause.player_button":{}},{"player_banner@pause.player_banner":{}}],"size":["fill","100%"],"type":"panel"}},{"player_permission_button_padding":{"bindings":[{"binding_name":"#permissions_button_visible","binding_name_override":"#visible"}],"size":[27,"100%"],"type":"panel"}}],"orientation":"horizontal","size":["100%","100% + 1px"],"type":"stack_panel"}},{"player_permission_button_panel":{"anchor_from":"top_right","anchor_to":"top_right","bindings":[{"binding_name":"#permissions_button_visible","binding_name_override":"#visible"}],"controls":[{"player_permission_button@pause.player_permission_button":{}}],"offset":["-1px",0],"size":["100%c","100% + 1px"],"type":"panel"}}],"type":"panel"},"player_list":{"anchor_from":"top_left","anchor_to":"top_left","controls":[{"vertical_padding_0@pause.vertical_padding":{"size":[0,4]}},{"players_label@pause.players_label":{"ignored":"$education_edition"}},{"vertical_padding_2@pause.vertical_padding":{"ignored":"$education_edition","size":[0,3]}},{"players_grid_panel@pause.players_grid":{}},{"vertical_padding_3@pause.vertical_padding":{"size":[0,3]}},{"invite_players_button_panel@pause.invite_players_button_panel":{}},{"vertical_padding_4@pause.vertical_padding":{"size":[0,3]}},{"disconnected_from_multiplayer_label_panel@pause.disconnected_from_multiplayer_label_panel":{}},{"vertical_padding_5@pause.vertical_padding":{"size":[0,1]}}],"focus_container":true,"focus_navigation_mode_right":"contained","size":["100%","100%c"],"type":"stack_panel","use_last_focus":true},"player_list_scrolling_panel@common.scrolling_panel":{"$scroll_track_offset|default":[-4,2],"$scroll_track_size":[5,"100% - 4px"],"$scrolling_content":"pause.player_lists","$show_background":false,"anchor_from":"top_right","anchor_to":"top_right","offset":[2,0],"size":["100% - 4px","100%"]},"player_lists":{"controls":[{"normal_list@pause.player_list":{"bindings":[{"binding_name":"(not #list_has_display_objective)","binding_name_override":"#visible"}]}},{"scoreboard_list@scoreboard.scoreboard_player_list":{"bindings":[{"binding_name":"#list_has_display_objective","binding_name_override":"#visible"}]}}],"size":["100%","100%c"],"type":"panel"},"player_local_icon":{"bindings":[{"binding_collection_name":"players_collection","binding_name":"#local_icon_visible","binding_name_override":"#visible","binding_type":"collection"}],"layer":1,"size":[13,13],"texture":"textures/ui/lan_icon","type":"image"},"player_panel_background@pause.transparent_background":{"anchor_from":"center","anchor_to":"center","controls":[{"player_list_scrolling_panel@pause.player_list_scrolling_panel":{}}],"size":["100% - 2px","100% - 2px"]},"player_permission_button@common_buttons.dark_content_button":{"$button_content":"pause.player_permission_button_content","$button_tts_header":"accessibility.pause.permissions","bindings":[{"binding_collection_name":"players_collection","binding_type":"collection_details"}],"button_mappings":[{"from_button_id":"button.menu_select","mapping_type":"pressed","to_button_id":"button.menu_permission"},{"from_button_id":"button.menu_ok","mapping_type":"focused","to_button_id":"button.menu_permission"}],"size":[28,"100%"]},"player_permission_button_content":{"controls":[{"permission_icon_image":{"bindings":[{"binding_collection_name":"players_collection","binding_name":"#player_permission_level_icon_texture","binding_name_override":"#texture","binding_type":"collection"}],"size":[15,15],"texture":"#player_permission_level_icon_texture","type":"image"}}],"size":[15,15],"type":"panel"},"player_pic_panel":{"anchor_from":"left_middle","anchor_to":"left_middle","controls":[{"player_gamer_pic@pause.player_gamer_pic":{}},{"player_local_icon@pause.player_local_icon":{}}],"ignored":"$education_edition","offset":[1,0],"size":[20,"100%"],"type":"panel"},"players_grid":{"anchor_from":"top_left","anchor_to":"top_left","bindings":[{"binding_condition":"always","binding_name":"#players_grid_dimension"}],"collection_name":"players_collection","grid_dimension_binding":"#players_grid_dimension","grid_item_template":"pause.player_grid_item","size":["100%","default"],"type":"grid"},"players_label":{"bindings":[{"binding_name":"#worldname"}],"color":"$main_header_text_color","layer":2,"size":["100%",10],"text":"#worldname","type":"label"},"quit_button@pause.pause_button_template":{"$button_text":"pauseScreen.quit","$focus_override_down":"achievements_button_focus","$pressed_button_name":"button.menu_quit","anchor_from":"top_middle","anchor_to":"top_middle","variables":[{"$button_text":"pauseScreen.secondaryClientLeave","requires":"$is_secondary_client"}]},"return_to_game_button@pause.pause_button_template":{"$button_focus_precedence":1,"$button_text":"menu.returnToGame","$focus_override_up":"achievements_button_focus","$pressed_button_name":"button.menu_continue"},"settings_button@pause.pause_button_template":{"$button_text":"menu.settings","$pressed_button_name":"button.menu_settings"},"skin_panel":{"controls":[{"interior":{}}],"max_size":[100,"100%"],"size":["40%","100%"],"type":"panel"},"skin_panel_interior":{"controls":[{"offset_panel":{"anchor_from":"bottom_middle","anchor_to":"bottom_middle","controls":[{"viewer_panel@pause.skin_viewer_panel":{"tts_ignore_count":true}}],"size":["100%","100%c"],"type":"panel"}},{"change_profile_panel":{"bindings":[{"binding_name":"#can_change_skin","binding_name_override":"#enabled"}],"controls":[{"centering_panel_1":{"controls":[{"profile_button@pause.change_profile_button":{}}],"size":["100%","100%c"],"type":"panel"}},{"centering_panel_2":{"controls":[{"profile_button_gamepad@pause.change_profile_button_gamepad":{}}],"size":["100%","100%c"],"type":"panel"}}],"size":["100%","100%c"],"type":"stack_panel"}}],"orientation":"vertical","size":["100%","100%c"],"type":"stack_panel"},"skin_viewer_panel":{"$skin_viewer_panel_offset|default":[0,16],"anchor_from":"bottom_middle","anchor_to":"bottom_middle","button_mappings":[{"button_up_right_of_first_refusal":true,"from_button_id":"button.menu_select","mapping_type":"pressed","to_button_id":"button.turn_doll"}],"controls":[{"paper_doll_panel":{"$paper_doll_offset|default":[0,-22],"controls":[{"paper_doll":{"anchor_from":"bottom_middle","anchor_to":"bottom_middle","animation_reset_name":"screen_animation_reset","anims":["@common.screen_exit_size_animation_push","@common.screen_exit_size_animation_pop","@common.screen_entrance_size_animation_push","@common.screen_entrance_size_animation_pop"],"bindings":[{"binding_name":"#paper_doll_skin"},{"binding_type":"view","source_control_name":"viewer_panel","source_property_name":"#gesture_delta_source","target_property_name":"#gesture_delta_source"},{"binding_type":"view","source_control_name":"viewer_panel","source_property_name":"#gesture_mouse_delta_x","target_property_name":"#gesture_mouse_delta_x"}],"camera_tilt_degrees":-10,"layer":2,"renderer":"paper_doll_renderer","rotation":"gesture_x","size":["100%","100%"],"starting_rotation":30,"type":"custom","use_selected_skin":false}}],"offset":"$paper_doll_offset","size":["100%","100% - 10px"],"type":"panel"}},{"paper_doll_name_tag":{"anchor_from":"top_middle","anchor_to":"bottom_middle","bindings":[{"binding_name":"#playername"},{"binding_name":"#playername_visible","binding_name_override":"#visible"}],"ignored":"($pocket_edition and $pocket_screen)","layer":2,"renderer":"name_tag_renderer","size":[8,8],"type":"custom"}}],"gesture_tracking_button":"button.turn_doll","offset":"$skin_viewer_panel_offset","size":["100%","100px"],"type":"input_panel"},"take_screenshot_button@common_buttons.light_glyph_button":{"$button_content":"pause.take_screenshot_icon","$button_tts_header":"key.screenshot","$pressed_alpha":0.65,"$pressed_button_name":"button.screenshot","ignored":"($is_holographic)","size":[24,24],"sound_name":"random.screenshot","sound_pitch":1,"sound_volume":1},"take_screenshot_icon":{"layer":3,"size":[24,12],"texture":"textures/ui/camera-yo","type":"image"},"the_icon_panel":{"anchor_from":"bottom_left","anchor_to":"bottom_left","controls":[{"stacked_column":{"anchor_from":"top_left","anchor_to":"top_left","controls":[{"side_padding":{"size":["12%",0],"type":"panel"}},{"feedback_btn@pause.column_frame":{"controls":[{"feedback_icon_button":{}}],"ignored":"$education_edition","size":[28,32]}},{"feedback_padding":{"size":["2%",0],"type":"panel"}},{"achievements_btn":{"bindings":[{"binding_name":"#achievements_visible","binding_name_override":"#visible"}],"controls":[{"achievements_icon_button@pause.achievements_icon_button":{}}],"ignored":"$achievements_ignored","size":[28,32]}},{"achievements_padding":{"bindings":[{"binding_name":"#achievements_visible","binding_name_override":"#visible"}],"size":["2%",0],"type":"panel"}},{"take_screenshot_btn@pause.column_frame":{"bindings":[{"binding_name":"#show_clubs","binding_name_override":"#visible","binding_type":"global"}],"controls":[{"take_screenshot_button@pause.take_screenshot_button":{}}],"ignored":"($is_holographic)","size":[28,32]}}],"offset":["5%",0],"orientation":"horizontal","size":["100%",32],"type":"stack_panel"}}],"offset":[0,"-10%"],"size":["50% - 75px","100%c"],"type":"stack_panel"},"the_rest_panel":{"controls":[{"fill_1":{"layer":1,"size":["fill","100%"],"type":"panel"}},{"pause_menu@pause.menu_the_rest_panel":{}},{"fill_2":{"layer":1,"size":["fill","100%"],"type":"panel"}},{"skin_panel@pause.skin_panel":{"layer":1}},{"fill_3":{"layer":1,"size":["fill","100%"],"type":"panel"}}],"layer":1,"orientation":"horizontal","size":["100%","fill"],"type":"stack_panel"},"thid@settings_common.option_dropdown":{"$dropdown_area":"content_area","$dropdown_content":"general_section.third_person_dropdown_content","$dropdown_name":"third_person_dropdown","$dropdown_scroll_content_size":["100%","200%"],"$option_enabled_binding_name":"#third_person_dropdown_enabled","$option_label":"options.thirdperson","$options_dropdown_toggle_label_binding":"#third_person_dropdown_toggle_label"},"transparent_background":{"alpha":0.8,"layer":-1,"texture":"textures/ui/clear1","type":"image"},"vertical_padding":{"size":[0,2],"type":"panel"}}