{"fancy_progress_loading_bars":{"anchor_from":"center","anchor_to":"center","bindings":[{"binding_name":"#loading_bar_visible","binding_name_override":"#visible"}],"controls":[{"full_progress_bar_icon":{"bindings":[{"binding_name":"#loading_bar_percentage","binding_name_override":"#clip_ratio"}],"layer":2}},{"empty_progress_bar_icon":{"layer":1}},{"progress_bar_nub":{"layer":4,"size":["100% - 10px",5]}}],"layer":5,"size":["90%",5],"type":"panel"},"modal_progress_screen@progress_screen":{"$screen_content":"progress.modal_screen_content"},"namespace":"progress","overworld_loading_progress_screen@world_loading_progress_screen":{},"progress_screen@common.base_screen":{"$screen_animations":["@common.screen_exit_animation_push_fade","@common.screen_exit_animation_pop_fade"],"$screen_bg_content":"background.BG3","button_mappings":[{"from_button_id":"button.menu_cancel","mapping_type":"global","to_button_id":"button.menu_exit"}],"force_render_below":"$force_render_below"},"world_convert_modal_progress_screen@progress.progress_screen":{"$screen_content":"progress.world_convert_modal_progress_screen_content"},"world_convert_modal_progress_screen_content":{"controls":[{"world_modal_progress_panel@progress.world_modal_progress_panel":{}},{"popup_dialog_factory@progress.popup_dialog_factory":{}},{"loading":{"anchor_from":"top_middle","anchor_to":"top_middle","layer":10,"offset":[0,0],"size":[75,75],"texture":"pack_icon1","type":"image"}}],"layer":3,"type":"panel"},"world_loading_progress_screen@progress_screen":{"$screen_content":"progress.world_convert_modal_progress_screen_content"},"world_loading_screen_background@common.dirt_background":{"tiled_scale":[2,2]},"world_modal_progress_panel":{"controls":[{"common_panel@common.common_panel":{"$dialog_background":"","$show_close_button":false}},{"base_content":{"anchor_from":"top_left","anchor_to":"top_left","controls":[{"progress_title_text@progress.progress_title_text":{"anchor_from":"top_middle","anchor_to":"top_middle","color":"$title_text_color","offset":[0,3]}},{"progress_bar_text@progress.progress_bar_text":{"localize":false,"max_size":["100% - 8px",40],"offset":[0,-3],"size":["default",40]}}],"offset":[6,6],"size":["100%-12px","100%-12px"],"type":"panel"}},{"inside_content":{"anchor_from":"bottom_middle","anchor_to":"bottom_middle","controls":[{"loading_bar_panel":{"controls":[{"fancy_progress_loading_bars@progress.fancy_progress_loading_bars":{}},{"progress_loading_bars@progress.progress_loading_bars":{"offset":[0,0]}}],"size":["100%","100%c"],"type":"panel"}},{"vertical_padding":{"size":[0,5],"type":"panel"}},{"modal_button_panel@progress.modal_button_panel":{"anchor_from":"bottom_middle","anchor_to":"bottom_middle","bindings":[{"binding_name":"#cancel_visible","binding_name_override":"#visible"}],"size":["100%","100%c"]}},{"vertical_padding_2":{"size":[0,14],"type":"panel"}}],"size":["100%-12px","100%c"],"type":"stack_panel"}}],"size":"$world_modal_screen_size","type":"panel","variables":[{"$button_state_default_base":"common.button_state_default","$button_state_hover_base":"common.button_state_hover","$button_state_pressed_base":"common.button_state_pressed","requires":"$desktop_screen"},{"$button_state_default_base":"common-classic.button_state_default","$button_state_hover_base":"common-classic.button_state_hover","$button_state_pressed_base":"common-classic.button_state_pressed","requires":"$pocket_screen"}]},"world_save_modal_progress_screen_content":{"controls":[{"world_modal_progress_panel@progress.world_modal_progress_panel":{}},{"popup_dialog_factory@progress.popup_dialog_factory":{}},{"loading":{"anchor_from":"top_middle","anchor_to":"top_middle","layer":10,"offset":[0,0],"size":[75,75],"texture":"pack_icon1","type":"image"}}],"type":"panel"},"world_saving_progress_screen@progress_screen":{"$screen_content":"progress.world_save_modal_progress_screen_content"}}