{"button_panel":{"controls":[{"padding_5@tabbed_upsell.padding_horizontal":{}},{"padding_6@tabbed_upsell.padding_horizontal":{}},{"buy_now_button@tabbed_upsell.tabbed_upsell_buy_now_button":{"$focus_override_up":"text_container","size":["100% - 4px","100%"]}}],"orientation":"horizontal","size":["100%",29],"type":"stack_panel"},"common_tab_content_panel":{"bindings":[{"binding_type":"view","source_control_name":"$visible_bind_toggle_source_control","source_property_name":"#toggle_state","target_property_name":"#visible"}],"controls":[{"content@$scroll_tab_content":{"anchor_from":"top_left","anchor_to":"top_left","layer":2,"size":["100%","100%"]}}],"type":"panel"},"common_tab_navigation_panel_layout":{"orientation":"horizontal","size":["100%","100%"],"type":"stack_panel"},"common_tab_screen_panel":{"controls":[{"tab_navigation_panel@tabbed_upsell.tab_navigation_panel_layout":{}},{"padding_01@tabbed_upsell.padding_vertical":{}},{"tab_content_panel@$tab_content_panel":{}}],"orientation":"vertical","size":["100% - 4px","100%"],"type":"stack_panel"},"content_image_panel":{"controls":[{"minecraft_dialog_image_with_border@tabbed_upsell.dialog_image_with_border":{"size":["40%","100%"]}},{"horizontal_padding_01@tabbed_upsell.text_horizontal_padding":{}},{"scrolling_panel@common.scrolling_panel":{"$scroll_bar_left_padding_size":[1,0],"$scroll_size":["5px","100% - 4px"],"$scrolling_content":"tabbed_upsell.scroll_text","$show_background":false,"layer":3,"size":["60% - 5px","100%"]}}],"orientation":"horizontal","size":["100%","100%"],"type":"stack_panel"},"dialog_image":{"layer":2,"size":["100% - 2px","100%"],"texture":"$texture","type":"image"},"dialog_image_with_border":{"$background_texture|default":"textures/ui/Grey","controls":[{"dialog_image@tabbed_upsell.dialog_image":{}}],"layer":1,"texture":"$background_texture","type":"image"},"image_panel":{"$focus_texture|default":"common.empty_panel","controls":[{"dialog_image_with_border@tabbed_upsell.dialog_image_with_border":{"size":["100%","100%"]}},{"focus_image@$focus_texture":{}}],"size":["100%","100%"],"type":"panel","variables":[{"$focus_texture":"common.focus_border_white","requires":"(($tab_state = checked_hover) or ($tab_state = checked))"}]},"label_panel":{"controls":[{"label_text":{"$text_font_scale_factor|default":0.9,"color":"$text_color","font_scale_factor":"$text_font_scale_factor","font_type":"smooth","size":["100%","default"],"text":"$text","type":"label"}}],"type":"panel"},"minecraft_tab_content_panel@tabbed_upsell.common_tab_content_panel":{"$description_text":"[ Thank you for using my client ]\nNote : Although this is a client, it may or may not increase FPS depending on some devices\n[ Credits ]\n- Hud Screen code by VDC EzMC 9197 and Darkk#3123\n- Keystrokes designed by Darkk#3123\n-Start Screen Update by Darkk#3123\n-Background code by Allvid Nonmi\n[ Developers  ]\nEvoker MC (Youtuber) and Darkk#3123 (Discord)\n[ Some warnings ]\n1. Don't use Pocket UI mode instead use classic UI\n2. Do not use the shrink safe zone feature as it will cause an error","$scroll_tab_content":"tabbed_upsell.content_image_panel","$texture":"textures/ui/if_icon","$title_text":"Info","$visible_bind_toggle_source_control":"minecraft_navigation_tab_toggle"},"namespace":"tabbed_upsell","padding_horizontal":{"size":[2,"100%"],"type":"panel"},"padding_vertical":{"size":["100%",2],"type":"panel"},"scroll_text@common.non_interact_focus_border_button":{"$border_size":["100%","100%sm + 2px"],"$content_inside":"tabbed_upsell.text_panel","$focus_id":"text_container","size":["100%","100%cm"]},"tab_navigation_panel_layout":{"anchor_from":"top_left","anchor_to":"top_left","controls":[{"navigation_tabs":{"controls":[{"content@$navigation_tab":{}}],"size":["100%","100%"],"type":"panel"}}],"orientation":"horizontal","size":["100%",16.8],"type":"stack_panel"},"tab_panel":{"controls":[{"padding_3@tabbed_upsell.padding_horizontal":{}},{"main_control@tabbed_upsell.tabbed_screen_panel":{}},{"padding_4@tabbed_upsell.padding_horizontal":{}}],"orientation":"horizontal","size":["100%","fill"],"type":"stack_panel"},"tabbed_buy_now_label":{"controls":[{"button_label":{"color":"$text_color","text":"Back","type":"label"}}],"layer":2,"type":"panel"},"tabbed_screen_panel@tabbed_upsell.common_tab_screen_panel":{"$navigation_tab":"tabbed_upsell.tabbed_tab_navigation_panel_layout","$tab_content_panel":"tabbed_upsell.tabbed_tab_content_panel_layout"},"tabbed_tab_content_panel_layout":{"$multiline_description":false,"anchor_from":"bottom_middle","anchor_to":"bottom_middle","controls":[{"minecraft_tab_content@tabbed_upsell.minecraft_tab_content_panel":{}}],"size":["100%","fill"],"type":"panel"},"tabbed_tab_navigation_panel_layout@tabbed_upsell.common_tab_navigation_panel_layout":{"controls":[{"minecraft_navigation_tab@tabbed_upsell.top_tab":{"$radio_toggle_group":true,"$tab_panel":"tabbed_upsell.image_panel","$tab_view_binding_name":"minecraft_navigation_tab_toggle","$texture":"textures/ui/Black","$toggle_group_forced_index":0}}]},"tabbed_upseel_screen_panel":{"controls":[{"tabbed_Upsell_screen_content@common_dialogs.main_panel_no_buttons":{"$child_control":"tabbed_upsell.tabbed_Upsell_content","$show_close_button":true,"$text_name":"Info","$title_panel":"common_dialogs.standard_title_label","layer":2,"size":"$tabbed_upsell_screen_size"}},{"background@common.screen_background":{"alpha":0.65,"layer":1}}],"type":"panel"},"tabbed_upsell_buy_now_button@common_buttons.light_content_button":{"$pressed_button_name":"button.menu_exit"},"tabbed_Upsell_content":{"controls":[{"padding_0@tabbed_upsell.padding_vertical":{}},{"tab_panel@tabbed_upsell.tab_panel":{}},{"padding_1@tabbed_upsell.padding_vertical":{}},{"button_panel@tabbed_upsell.button_panel":{}},{"padding_2@tabbed_upsell.padding_vertical":{}}],"orientation":"vertical","size":["100%","100%"],"type":"stack_panel"},"tabbed_upsell_screen@common.base_screen":{"$screen_content":"tabbed_upsell.tabbed_upseel_screen_panel","button_mappings":[{"from_button_id":"button.menu_cancel","mapping_type":"global","to_button_id":"button.menu_exit"},{"from_button_id":"button.menu_tab_left","mapping_type":"global","scope":"view","to_button_id":"button.menu_tab_left"},{"from_button_id":"button.menu_tab_right","mapping_type":"global","scope":"view","to_button_id":"button.menu_tab_right"}],"force_render_below":true},"text_horizontal_padding":{"size":[5,"100%"],"type":"panel"},"text_panel":{"controls":[{"tab_content_title_panel@tabbed_upsell.label_panel":{"$text":"$title_text","$text_color":"$main_header_text_color","$text_font_scale_factor":1.33,"size":["100%",13]}},{"tab_content_description_panel@tabbed_upsell.label_panel":{"$text":"$description_text","$text_color":"$body_text_color","size":["100%","100%c"]}},{"tab_content_description_panel_second@tabbed_upsell.label_panel":{"$text":"$description_text_line_2","$text_color":"$body_text_color","ignored":"(not $multiline_description)","size":["100%","100%c"]}}],"orientation":"vertical","size":["100% - 2px","default"],"type":"stack_panel"},"top_tab@common_tabs.tab_top":{"$background_texture":"textures/ui/Black","$toggle_focus_enabled":false,"$toggle_group_default_selected":"$default_tab","$toggle_name":"navigation_tab"}}