{
  "crafting_arrow_down_image": {
    "type": "image",
    "layer": 3,
    "texture": "textures/ui/arrow_down",
    "anchor_from": "top_middle",
    "anchor_to": "top_middle",
    "size": [ 20, 30 ]
  },

  "crafting_arrow_down": {
    "$use_quick_craft_button|default": true,
    "$arrow_alpha|default": 0,
    "$arrow_controls|default": [
      {
        "quick_craft@crafting.quick_craft": {
          "$button_content": "crafting_pocket.crafting_arrow_down_image"
        }
      }
    ],
    "alpha": "$arrow_alpha",
    "controls": "$arrow_controls",
    "variables": [
      {
        "requires": "(not $use_quick_craft_button)",
        "$arrow_alpha": 1,
        "$arrow_controls": []
      }
    ]
  }
  }
  }