{
    "format_version": "1.10.0",
    "minecraft:client_entity": {
        "description": {
            "identifier": "minecraft:player",
            "materials": {
                "default": "entity_alphatest",
                "cape": "entity_alphatest",
                "animated": "player_animated",
                "direction_hud": "direction_hud"
            },
            "textures": {
                "default": "textures/entity/steve",
                "cape": "textures/entity/cape_invisible",
                "offhand_shield": "textures/luconia/mods/offhand_hud/offhand_shield",
                "offhand_arrow": "textures/luconia/mods/offhand_hud/offhand_arrow",
                "offhand_totem": "textures/luconia/mods/offhand_hud/offhand_totem",
                "offhand_firework": "textures/luconia/mods/offhand_hud/offhand_firework",
                "offhand_nautilus": "textures/luconia/mods/offhand_hud/offhand_nautilus",
                "offhand_map_filled": "textures/luconia/mods/offhand_hud/offhand_map_filled",
                "offhand_slot": "textures/luconia/mods/offhand_hud/offhand_slot",
                "direction_hud": "textures/luconia/mods/direction_hud/direction_hud",
                "number_0": "textures/luconia/mods/potion_counter/numbers/0",
                "number_1": "textures/luconia/mods/potion_counter/numbers/1",
                "number_2": "textures/luconia/mods/potion_counter/numbers/2",
                "number_3": "textures/luconia/mods/potion_counter/numbers/3",
                "number_4": "textures/luconia/mods/potion_counter/numbers/4",
                "number_5": "textures/luconia/mods/potion_counter/numbers/5",
                "number_6": "textures/luconia/mods/potion_counter/numbers/6",
                "number_7": "textures/luconia/mods/potion_counter/numbers/7",
                "number_8": "textures/luconia/mods/potion_counter/numbers/8",
                "number_9": "textures/luconia/mods/potion_counter/numbers/9",
                "zero": "textures/luconia/mods/speed_display/numbers/0",
                "one": "textures/luconia/mods/speed_display/numbers/1",
                "two": "textures/luconia/mods/speed_display/numbers/2",
                "three": "textures/luconia/mods/speed_display/numbers/3",
                "four": "textures/luconia/mods/speed_display/numbers/4",
                "five": "textures/luconia/mods/speed_display/numbers/5",
                "six": "textures/luconia/mods/speed_display/numbers/6",
                "seven": "textures/luconia/mods/speed_display/numbers/7",
                "eight": "textures/luconia/mods/speed_display/numbers/8",
                "nine": "textures/luconia/mods/speed_display/numbers/9",
                "ms": "textures/luconia/mods/speed_display/ms",
                "point": "textures/luconia/mods/speed_display/point",
                "potion_text": "textures/luconia/mods/potion_counter/pots",
		        "diamond_helmet": "textures/items/diamond_helmet",
		        "diamond_chestplate": "textures/items/diamond_chestplate",
		        "diamond_leggings": "textures/items/diamond_leggings",
		        "diamond_boots": "textures/items/diamond_boots",
		        "iron_helmet": "textures/items/iron_helmet",
		        "iron_chestplate": "textures/items/iron_chestplate",
		        "iron_leggings": "textures/items/iron_leggings",
		        "iron_boots": "textures/items/iron_boots",
		        "chain_helmet": "textures/items/chainmail_helmet",
		        "chain_chestplate": "textures/items/chainmail_chestplate",
		        "chain_leggings": "textures/items/chainmail_leggings",
		        "chain_boots": "textures/items/chainmail_boots",
		        "gold_helmet": "textures/items/gold_helmet",
		        "gold_chestplate": "textures/items/gold_chestplate",
		        "gold_leggings": "textures/items/gold_leggings",
		        "gold_boots": "textures/items/gold_boots",
		        "leather_helmet": "textures/items/leather_helmet",
		        "leather_chestplate": "textures/items/leather_chestplate",
		        "leather_leggings": "textures/items/leather_leggings",
		        "leather_boots": "textures/items/leather_boots",
		        "netherite_helmet": "textures/items/netherite_helmet",
		        "netherite_chestplate": "textures/items/netherite_chestplate",
		        "netherite_leggings": "textures/items/netherite_leggings",
		        "netherite_boots": "textures/items/netherite_boots",
		        "turtle_helmet": "textures/items/turtle_helmet",
		        "elytra": "textures/items/elytra",
                "jumping": "textures/ui/status_jumping",
                "moving": "textures/ui/status_moving",
                "sprinting": "textures/ui/status_sprinting",
                "standing": "textures/ui/status_standing",
                "sneaking": "textures/ui/status_sneaking",
                "jumping_shadow": "textures/ui/status_jumping_shadow",
                "moving_shadow": "textures/ui/status_moving_shadow",
                "sprinting_shadow": "textures/ui/status_sprinting_shadow",
                "standing_shadow": "textures/ui/status_standing_shadow",
                "sneaking_shadow": "textures/ui/status_sneaking_shadow"
            },
            "geometry": {
                "default": "geometry.humanoid.custom",
                "cape": "geometry.cape",
                "direction_hud": "geometry.direction_hud",
                "numbers_1": "geometry.numbers_1",
                "numbers_2": "geometry.numbers_2",
                "potion_text": "geometry.potion_text",
		        "armor_helmet": "geometry.armor_helmet",
		        "armor_chestplate": "geometry.armor_chestplate",
		        "armor_leggings": "geometry.armor_leggings",
		        "armor_boots": "geometry.armor_boots",
                "speed_p": "geometry.speed_p",
                "speed_m": "geometry.speed_m",
                "speed_1": "geometry.speed_4",
                "speed_2": "geometry.speed_3",
                "speed_3": "geometry.speed_2",
                "speed_4": "geometry.speed_1",
                "offhand_slot": "geometry.offhand_slot",
                "status": "geometry.status"
            },
            "scripts": {
                "scale": 0.9375,
                "initialize": [
                    "variable.is_holding_right = 0.0;",
                    "variable.is_blinking = 0.0;",
                    "variable.last_blink_time = 0.0;",
                    "variable.hand_bob = 0.0;",
                    "variable.direction_hud = 0.0;",
                    "variable.potion_counter = 0.0;"
                ],
                "pre_animation": [
                    "variable.potion_counter = query.is_item_name_any('slot.hotbar', 0, 'minecraft:splash_potion', 'minecraft:potion', 'minecraft:lingering_potion') + query.is_item_name_any('slot.hotbar', 1, 'minecraft:splash_potion', 'minecraft:potion', 'minecraft:lingering_potion') + query.is_item_name_any('slot.hotbar', 2, 'minecraft:splash_potion', 'minecraft:potion', 'minecraft:lingering_potion') + query.is_item_name_any('slot.hotbar', 3, 'minecraft:splash_potion', 'minecraft:potion', 'minecraft:lingering_potion') + query.is_item_name_any('slot.hotbar', 4, 'minecraft:splash_potion', 'minecraft:potion', 'minecraft:lingering_potion') + query.is_item_name_any('slot.hotbar', 5, 'minecraft:splash_potion', 'minecraft:potion', 'minecraft:lingering_potion') + query.is_item_name_any('slot.hotbar', 6, 'minecraft:splash_potion', 'minecraft:potion', 'minecraft:lingering_potion') + query.is_item_name_any('slot.hotbar', 7, 'minecraft:splash_potion', 'minecraft:potion', 'minecraft:lingering_potion') + query.is_item_name_any('slot.hotbar', 8, 'minecraft:splash_potion', 'minecraft:potion', 'minecraft:lingering_potion') + query.is_item_name_any('slot.inventory', 0, 'minecraft:splash_potion', 'minecraft:potion', 'minecraft:lingering_potion') + query.is_item_name_any('slot.inventory', 1, 'minecraft:splash_potion', 'minecraft:potion', 'minecraft:lingering_potion') + query.is_item_name_any('slot.inventory', 2, 'minecraft:splash_potion', 'minecraft:potion', 'minecraft:lingering_potion') + query.is_item_name_any('slot.inventory', 3, 'minecraft:splash_potion', 'minecraft:potion', 'minecraft:lingering_potion') + query.is_item_name_any('slot.inventory', 4, 'minecraft:splash_potion', 'minecraft:potion', 'minecraft:lingering_potion') + query.is_item_name_any('slot.inventory', 5, 'minecraft:splash_potion', 'minecraft:potion', 'minecraft:lingering_potion') + query.is_item_name_any('slot.inventory', 6, 'minecraft:splash_potion', 'minecraft:potion', 'minecraft:lingering_potion') + query.is_item_name_any('slot.inventory', 7, 'minecraft:splash_potion', 'minecraft:potion', 'minecraft:lingering_potion') + query.is_item_name_any('slot.inventory', 8, 'minecraft:splash_potion', 'minecraft:potion', 'minecraft:lingering_potion') + query.is_item_name_any('slot.inventory', 9, 'minecraft:splash_potion', 'minecraft:potion', 'minecraft:lingering_potion') + query.is_item_name_any('slot.inventory', 10, 'minecraft:splash_potion', 'minecraft:potion', 'minecraft:lingering_potion') + query.is_item_name_any('slot.inventory', 11, 'minecraft:splash_potion', 'minecraft:potion', 'minecraft:lingering_potion') + query.is_item_name_any('slot.inventory', 12, 'minecraft:splash_potion', 'minecraft:potion', 'minecraft:lingering_potion') + query.is_item_name_any('slot.inventory', 13, 'minecraft:splash_potion', 'minecraft:potion', 'minecraft:lingering_potion') + query.is_item_name_any('slot.inventory', 14, 'minecraft:splash_potion', 'minecraft:potion', 'minecraft:lingering_potion') + query.is_item_name_any('slot.inventory', 15, 'minecraft:splash_potion', 'minecraft:potion', 'minecraft:lingering_potion') + 
query.is_item_name_any('slot.inventory', 16, 'minecraft:splash_potion', 'minecraft:potion', 'minecraft:lingering_potion') + query.is_item_name_any('slot.inventory', 17, 'minecraft:splash_potion', 'minecraft:potion', 'minecraft:lingering_potion') + query.is_item_name_any('slot.inventory', 18, 'minecraft:splash_potion', 'minecraft:potion', 'minecraft:lingering_potion') + query.is_item_name_any('slot.inventory', 19, 'minecraft:splash_potion', 'minecraft:potion', 'minecraft:lingering_potion') + query.is_item_name_any('slot.inventory', 20, 'minecraft:splash_potion', 'minecraft:potion', 'minecraft:lingering_potion') + query.is_item_name_any('slot.inventory', 21, 'minecraft:splash_potion', 'minecraft:potion', 'minecraft:lingering_potion') + query.is_item_name_any('slot.inventory', 22, 'minecraft:splash_potion', 'minecraft:potion', 'minecraft:lingering_potion') + query.is_item_name_any('slot.inventory', 23, 'minecraft:splash_potion', 'minecraft:potion', 'minecraft:lingering_potion') + query.is_item_name_any('slot.inventory', 24, 'minecraft:splash_potion', 'minecraft:potion', 'minecraft:lingering_potion') + query.is_item_name_any('slot.inventory', 25, 'minecraft:splash_potion', 'minecraft:potion', 'minecraft:lingering_potion') + query.is_item_name_any('slot.inventory', 26, 'minecraft:splash_potion', 'minecraft:potion', 'minecraft:lingering_potion');",
                    "variable.helmet_layer_visible = 1.0;",
                    "variable.leg_layer_visible = 1.0;",
                    "variable.boot_layer_visible = 1.0;",
                    "variable.chest_layer_visible = 1.0;",
		            "variable.enchanted_helmet = query.armor_material_slot(0) == 1 || query.armor_material_slot(0) == 3;",
		            "variable.enchanted_chestplate = query.armor_material_slot(1) == 1 || query.armor_material_slot(1) == 3;",
		            "variable.enchanted_leggings = query.armor_material_slot(2) == 1 || query.armor_material_slot(2) == 3;",
		            "variable.enchanted_boots = query.armor_material_slot(3) == 1 || query.armor_material_slot(3) == 3;",
                    "variable.attack_body_rot_y = Math.sin(360*Math.sqrt(variable.attack_time)) * 5.0;",
                    "variable.tcos0 = (math.cos(query.modified_distance_moved * 38.17) * query.modified_move_speed / variable.gliding_speed_value) * 57.3;",
                    "variable.first_person_rotation_factor = math.sin((1 - variable.attack_time) * 180.0);",
                    "variable.hand_bob = query.life_time < 0.01 ? 0.0 : variable.hand_bob + ((query.is_on_ground && query.is_alive ? math.clamp(math.sqrt(math.pow(query.position_delta(0), 2.0) + math.pow(query.position_delta(2), 2.0)), 0.0, 0.1) : 0.0) - variable.hand_bob) * 0.02;",
                    "variable.map_angle = math.clamp(1 - variable.player_x_rotation / 45.1, 0.0, 1.0);",
                    "variable.item_use_normalized = query.main_hand_item_use_duration / query.main_hand_item_max_duration;"
                ],
                "animate": [
                    "status",
                    "root",
                    "direction_hud_position",
                    "direction_hud",
                    "potion_counter",
					"armor_hud",
					"speed",
                    "offhand"
                ]
            },
            "animations": {
                "status": "animation.player.status",
                "offhand": "animation.player.offhand",
				"speed": "animation.speed",
				"armor_hud": "animation.player.armor_hud",
                "direction_hud": "controller.animation.direction_hud",
                "direction_hud_position": "animation.direction_hud_position",
                "potion_counter": "animation.potion_counter",
                "root": "controller.animation.player.root",
                "base_controller": "controller.animation.player.base",
                "hudplayer": "controller.animation.player.hudplayer",
                "humanoid_base_pose": "animation.humanoid.base_pose",
                "look_at_target": "controller.animation.humanoid.look_at_target",
                "look_at_target_ui": "animation.player.look_at_target.ui",
                "look_at_target_default": "animation.humanoid.look_at_target.default",
                "look_at_target_gliding": "animation.humanoid.look_at_target.gliding",
                "look_at_target_swimming": "animation.humanoid.look_at_target.swimming",
                "look_at_target_inverted": "animation.player.look_at_target.inverted",
                "cape": "animation.player.cape",
                "move.arms": "animation.player.move.arms",
                "move.legs": "animation.player.move.legs",
                "swimming": "animation.player.swim",
                "swimming.legs": "animation.player.swim.legs",
                "riding.arms": "animation.player.riding.arms",
                "riding.legs": "animation.player.riding.legs",
                "holding": "animation.player.holding",
                "brandish_spear": "animation.humanoid.brandish_spear",
                "holding_spyglass": "animation.humanoid.holding_spyglass",
                "charging": "animation.humanoid.charging",
                "attack.positions": "animation.player.attack.positions",
                "attack.rotations": "animation.player.attack.rotations",
                "sneaking": "animation.player.sneaking",
                "bob": "animation.player.bob",
                "damage_nearby_mobs": "animation.humanoid.damage_nearby_mobs",
                "bow_and_arrow": "animation.humanoid.bow_and_arrow",
                "use_item_progress": "animation.humanoid.use_item_progress",
                "skeleton_attack": "animation.skeleton.attack",
                "sleeping": "animation.player.sleeping",
                "first_person_base_pose": "animation.player.first_person.base_pose",
                "first_person_empty_hand": "animation.player.first_person.empty_hand",
                "first_person_swap_item": "animation.player.first_person.swap_item",
                "first_person_attack_controller": "controller.animation.player.first_person_attack",
                "first_person_attack_rotation": "animation.player.first_person.attack_rotation",
                "first_person_vr_attack_rotation": "animation.player.first_person.vr_attack_rotation",
                "first_person_walk": "animation.player.first_person.walk",
                "first_person_map_controller": "controller.animation.player.first_person_map",
                "first_person_map_hold": "animation.player.first_person.map_hold",
                "first_person_map_hold_attack": "animation.player.first_person.map_hold_attack",
                "first_person_map_hold_off_hand": "animation.player.first_person.map_hold_off_hand",
                "first_person_map_hold_main_hand": "animation.player.first_person.map_hold_main_hand",
                "first_person_crossbow_equipped": "animation.player.first_person.crossbow_equipped",
                "third_person_crossbow_equipped": "animation.player.crossbow_equipped",
                "third_person_bow_equipped": "animation.player.bow_equipped",
                "crossbow_hold": "animation.player.crossbow_hold",
                "crossbow_controller": "controller.animation.player.crossbow",
                "shield_block_main_hand": "animation.player.shield_block_main_hand",
                "shield_block_off_hand": "animation.player.shield_block_off_hand",
                "blink": "controller.animation.persona.blink"
            },
            "render_controllers": [
                { "controller.render.standing": "!query.is_riding && !query.is_gliding && query.is_in_ui && !query.is_moving && !query.is_jumping && !query.is_sprinting && !query.is_sneaking" },
                { "controller.render.moving": "!query.is_riding && !query.is_gliding && query.is_in_ui && query.is_moving && !query.is_jumping && !query.is_sprinting && !query.is_sneaking" },
                { "controller.render.jumping": "!query.is_riding && !query.is_gliding && query.is_in_ui && query.is_jumping && !query.is_sprinting && !query.is_sneaking" },
                { "controller.render.sprinting": "!query.is_riding && !query.is_gliding && query.is_in_ui && query.is_sprinting && !query.is_sneaking" },
                { "controller.render.sneaking": "!query.is_riding && !query.is_gliding && query.is_in_ui && query.is_sneaking" },
                { "controller.render.standing_shadow": "!query.is_riding && !query.is_gliding && query.is_in_ui && !query.is_moving && !query.is_jumping && !query.is_sprinting && !query.is_sneaking" },
                { "controller.render.moving_shadow": "!query.is_riding && !query.is_gliding && query.is_in_ui && query.is_moving && !query.is_jumping && !query.is_sprinting && !query.is_sneaking" },
                { "controller.render.jumping_shadow": "!query.is_riding && !query.is_gliding && query.is_in_ui && query.is_jumping && !query.is_sprinting && !query.is_sneaking" },
                { "controller.render.sprinting_shadow": "!query.is_riding && !query.is_gliding && query.is_in_ui && query.is_sprinting && !query.is_sneaking" },
                { "controller.render.sneaking_shadow": "!query.is_riding && !query.is_gliding && query.is_in_ui && query.is_sneaking" },
                { "controller.render.offhand_shield": "query.is_item_name_any('slot.weapon.offhand', 0, 'minecraft:shield') && query.is_in_ui" },
                { "controller.render.offhand_arrow": "query.is_item_name_any('slot.weapon.offhand', 0, 'minecraft:arrow') && query.is_in_ui" },
                { "controller.render.offhand_totem": "query.is_item_name_any('slot.weapon.offhand', 0, 'minecraft:totem_of_undying') && query.is_in_ui" },
                { "controller.render.offhand_firework": "query.is_item_name_any('slot.weapon.offhand', 0, 'minecraft:firework_rocket') && query.is_in_ui" },
                { "controller.render.offhand_nautilus": "query.is_item_name_any('slot.weapon.offhand', 0, 'minecraft:nautilus_shell') && query.is_in_ui" },
                { "controller.render.offhand_map_filled": "query.is_item_name_any('slot.weapon.offhand', 0, 'minecraft:filled_map') && query.is_in_ui" },
                { "controller.render.offhand_slot": "query.is_item_name_any('slot.weapon.offhand', 0, 'minecraft:shield') || query.is_item_name_any('slot.weapon.offhand', 0, 'minecraft:arrow') || query.is_item_name_any('slot.weapon.offhand', 0, 'minecraft:totem_of_undying') || query.is_item_name_any('slot.weapon.offhand', 0, 'minecraft:firework_rocket') || query.is_item_name_any('slot.weapon.offhand', 0, 'minecraft:nautilus_shell') || query.is_item_name_any('slot.weapon.offhand', 0, 'minecraft:filled_map') && query.is_in_ui" },
                {
                    "controller.render.player.first_person": "variable.is_first_person"
                },
                {
                    "controller.render.player.third_person": "!variable.is_first_person && !variable.map_face_icon"
                },
                {
                    "controller.render.player.map": "variable.map_face_icon"
                },
                {
                    "controller.render.direction_hud": "variable.is_paperdoll && !query.is_in_ui"
                },
                {
                    "controller.render.potion_counter_numbers_1": "query.is_in_ui"
                },
                {
                    "controller.render.potion_counter_numbers_2": "query.is_in_ui && variable.potion_counter >= 10"
                },
                {
                    "controller.render.potion_text": "query.is_in_ui"
                },
                {
                    "controller.render.speed_p": "!variable.is_first_person && query.is_in_ui && !query.is_riding && !query.is_gliding"
                },
                {
                    "controller.render.speed_m": "!variable.is_first_person && query.is_in_ui && !query.is_riding && !query.is_gliding"
                },
                {
                    "controller.render.speed_1": "!variable.is_first_person && query.is_in_ui && !query.is_riding && !query.is_gliding"
                },
                {
                    "controller.render.speed_2": "!variable.is_first_person && query.is_in_ui && !query.is_riding && !query.is_gliding"
                },
                {
                    "controller.render.speed_3": "!variable.is_first_person && query.is_in_ui && !query.is_riding && !query.is_gliding"
                },
                {
                    "controller.render.speed_4": "!variable.is_first_person && query.is_in_ui && !query.is_riding && !query.is_gliding"
                },
		        { "controller.render.armor_diamond_helmet": "query.is_in_ui && query.armor_texture_slot(0) == 3" },
		        { "controller.render.armor_diamond_chestplate": "query.is_in_ui && query.armor_texture_slot(1) == 3" },
		        { "controller.render.armor_diamond_leggings": "query.is_in_ui && query.armor_texture_slot(2) == 3" },
		        { "controller.render.armor_diamond_boots": "query.is_in_ui && query.armor_texture_slot(3) == 3" },

		        { "controller.render.armor_iron_helmet": "query.is_in_ui && query.armor_texture_slot(0) == 2" },
		        { "controller.render.armor_iron_chestplate": "query.is_in_ui && query.armor_texture_slot(1) == 2" },
		        { "controller.render.armor_iron_leggings": "query.is_in_ui && query.armor_texture_slot(2) == 2" },
		        { "controller.render.armor_iron_boots": "query.is_in_ui && query.armor_texture_slot(3) == 2" },

		        { "controller.render.armor_chain_helmet": "query.is_in_ui && query.armor_texture_slot(0) == 1" },
		        { "controller.render.armor_chain_chestplate": "query.is_in_ui && query.armor_texture_slot(1) == 1" },
		        { "controller.render.armor_chain_leggings": "query.is_in_ui && query.armor_texture_slot(2) == 1" },
		        { "controller.render.armor_chain_boots": "query.is_in_ui && query.armor_texture_slot(3) == 1" },

		        { "controller.render.armor_gold_helmet": "query.is_in_ui && query.armor_texture_slot(0) == 4" },
		        { "controller.render.armor_gold_chestplate": "query.is_in_ui && query.armor_texture_slot(1) == 4" },
		        { "controller.render.armor_gold_leggings": "query.is_in_ui && query.armor_texture_slot(2) == 4" },
		        { "controller.render.armor_gold_boots": "query.is_in_ui && query.armor_texture_slot(3) == 4" },

		        { "controller.render.armor_leather_helmet": "query.is_in_ui && query.armor_texture_slot(0) == 0" },
		        { "controller.render.armor_leather_chestplate": "query.is_in_ui && query.armor_texture_slot(1) == 0" },
		        { "controller.render.armor_leather_leggings": "query.is_in_ui && query.armor_texture_slot(2) == 0" },
		        { "controller.render.armor_leather_boots": "query.is_in_ui && query.armor_texture_slot(3) == 0" },

		        { "controller.render.armor_netherite_helmet": "query.is_in_ui && query.armor_texture_slot(0) == 7" },
		        { "controller.render.armor_netherite_chestplate": "query.is_in_ui && query.armor_texture_slot(1) == 7" },
		        { "controller.render.armor_netherite_leggings": "query.is_in_ui && query.armor_texture_slot(2) == 7" },
		        { "controller.render.armor_netherite_boots": "query.is_in_ui && query.armor_texture_slot(3) == 7" },

		        { "controller.render.armor_elytra": "query.is_in_ui && query.armor_texture_slot(1) == 5" },
		        { "controller.render.turtle_helmet": "query.is_in_ui && query.armor_texture_slot(0) == 6" }
            ],
            "enable_attachables": true
        }
    }
}
