{
    "format_version": "1.8.0",
    "render_controllers": {
        "controller.render.potion_counter_numbers_1": {
            "geometry": "Geometry.numbers_1",
            "materials": [
                {
                    "*": "Material.default"
                }
            ],
            "is_hurt_color": {},
            "on_fire_color": {},
            "arrays": {
                "textures": {
                    "array.numbers": [
                        "Texture.number_0",
                        "Texture.number_1",
                        "Texture.number_2",
                        "Texture.number_3",
                        "Texture.number_4",
                        "Texture.number_5",
                        "Texture.number_6",
                        "Texture.number_7",
                        "Texture.number_8",
                        "Texture.number_9"
                    ]
                }
            },
            "textures": [
                "array.numbers[variable.potion_counter]"
            ]
        },
        "controller.render.potion_counter_numbers_2": {
            "geometry": "Geometry.numbers_2",
            "materials": [
                {
                    "*": "Material.default"
                }
            ],
            "is_hurt_color": {},
            "on_fire_color": {},
            "arrays": {
                "textures": {
                    "array.numbers": [
                        "Texture.number_0",
                        "Texture.number_1",
                        "Texture.number_2",
                        "Texture.number_3",
                        "Texture.number_4",
                        "Texture.number_5",
                        "Texture.number_6",
                        "Texture.number_7",
                        "Texture.number_8",
                        "Texture.number_9"
                    ]
                }
            },
            "textures": [
                "array.numbers[variable.potion_counter / 10]"
            ]
        },
        "controller.render.potion_text": {
            "geometry": "Geometry.potion_text",
            "materials": [
                {
                    "*": "Material.default"
                }
            ],
            "is_hurt_color": {},
            "on_fire_color": {},
            "textures": [
                "Texture.potion_text"
            ]
        }
    }
}