{
    "format_version": "1.8.0",
    "render_controllers": {
        "controller.render.speed_p": {
            "geometry": "Geometry.speed_p",
            "materials": [
                {
                    "*": "Material.default"
                }
            ],
            "textures": [
                "Texture.point"
            ],
            "is_hurt_color": {},
            "on_fire_color": {},
            "light_color_multiplier": 1.3,
            "ignore_lighting": true
        },
        "controller.render.speed_m": {
            "geometry": "Geometry.speed_m",
            "materials": [
                {
                    "*": "Material.default"
                }
            ],
            "textures": [
                "Texture.ms"
            ],
            "is_hurt_color": {},
            "on_fire_color": {},
            "light_color_multiplier": 1.3,
            "ignore_lighting": true
        },
        "controller.render.speed_1": {
            "arrays": {
                "textures": {
                    "array.speed": [
                        "Texture.zero",
                        "Texture.one",
                        "Texture.two",
                        "Texture.three",
                        "Texture.four",
                        "Texture.five",
                        "Texture.six",
                        "Texture.seven",
                        "Texture.eight",
                        "Texture.nine"
                    ]
                }
            },
            "textures": [
                "return array.speed[query.ground_speed*100];"
            ],
            "geometry": "Geometry.speed_1",
            "materials": [
                {
                    "*": "Material.default"
                }
            ],
            "is_hurt_color": {},
            "on_fire_color": {},
            "light_color_multiplier": 1.3,
            "ignore_lighting": true
        },
        "controller.render.speed_2": {
            "arrays": {
                "textures": {
                    "array.speed": [
                        "Texture.zero",
                        "Texture.one",
                        "Texture.two",
                        "Texture.three",
                        "Texture.four",
                        "Texture.five",
                        "Texture.six",
                        "Texture.seven",
                        "Texture.eight",
                        "Texture.nine"
                    ]
                }
            },
            "textures": [
                "return array.speed[query.ground_speed*10];"
            ],
            "geometry": "Geometry.speed_2",
            "materials": [
                {
                    "*": "Material.default"
                }
            ],
            "is_hurt_color": {},
            "on_fire_color": {},
            "light_color_multiplier": 1.3,
            "ignore_lighting": true
        },
        "controller.render.speed_3": {
            "arrays": {
                "textures": {
                    "array.speed": [
                        "Texture.zero",
                        "Texture.one",
                        "Texture.two",
                        "Texture.three",
                        "Texture.four",
                        "Texture.five",
                        "Texture.six",
                        "Texture.seven",
                        "Texture.eight",
                        "Texture.nine"
                    ]
                }
            },
            "textures": [
                "return array.speed[query.ground_speed];"
            ],
            "geometry": "Geometry.speed_3",
            "materials": [
                {
                    "*": "Material.default"
                }
            ],
            "is_hurt_color": {},
            "on_fire_color": {},
            "light_color_multiplier": 1.3,
            "ignore_lighting": true
        },
        "controller.render.speed_4": {
            "arrays": {
                "textures": {
                    "array.speed": [
                        "Texture.zero",
                        "Texture.one",
                        "Texture.two",
                        "Texture.three",
                        "Texture.four",
                        "Texture.five",
                        "Texture.six",
                        "Texture.seven",
                        "Texture.eight",
                        "Texture.nine"
                    ]
                }
            },
            "textures": [
                "return array.speed[(query.ground_speed/10)];"
            ],
            "geometry": "Geometry.speed_4",
            "materials": [
                {
                    "*": "Material.default"
                }
            ],
            "is_hurt_color": {},
            "on_fire_color": {},
            "light_color_multiplier": 1.3,
            "ignore_lighting": true
        }
    }
}