{
   "namespace": "spy_assets",
   
   "header_background": {
    "type": "image",
    "size": [ "100%", 25 ],
    "offset": [ 0, -2 ],
    "anchor_from": "bottom_middle",
    "anchor_to": "bottom_middle",
    "texture": "_SPY/textures/screens/settings/header",
    "controls": [
      {
        "header_label": {
          "type": "label",
          "shadow": true,
          "color": "$body_text_color",
          "layer": 1,
          "anchor_from": "center",
          "anchor_to": "center",
          "text_alignment": "center",
          "max_size": [ "95%", 10 ],
          "text": "$text"
          }
        }
    ]
  },

  "header": {
    "type": "panel",
    "size": [ "100%", "28px" ],
    "controls": [
      { 
    "header@spy_assets.header_background": {} 
            }
          ]
        },
        
  "para": {
    "type": "label",
    "color": "$body_text_color",
    "anchor_from": "left_middle",
    "anchor_to": "left_middle",
    "size": [ "100%", "default" ],
    "text": "$text"
  },
  
  "space": {
    "type": "panel",
    "size": [ "100%", 10 ]
  }
}