{
  "namespace":"bg",
    "dirt": {
    "type": "image",
    "size":["130%","130%"],
    "texture": "ui/textures/bg",
    "layer": -100
},
    "dt": {
	    "type": "image",
	    "anchor_from": "center",
	    "anchor_to": "center",
	    "size": [ "100%", "100%" ],
	      "controls": [
	       {
	         "2@bg.2": {
	        }
	      }
	    ]
},
 "2": {
  "type": "image",
  "texture": "ui/textures/background",
  "fill": true,
  "uv_size": [ 1000, 600 ],
  "uv": "@bg.3"
},
"3": {
  "anim_type": "flip_book",
  "initial_uv": [ 0, 0 ],
  "frame_count": 14,
  "frame_step": 24,
  "fps": 15,
  "easing": "linear"
},
    "progress": {
    "type": "image",
    "size":["130%","130%"],
    "texture": "ui/textures/progress",
    "layer": -100
},
    "start": {
    "type": "image",
    "size":["130%","130%"],
    "texture": "ui/textures/start",
    "layer": -100
},
"dirt1": {
  "type": "image",
  "texture": "textures/blocks/dirt",
  "color": [ 0.27, 0.27, 0.27 ],
  "layer": -1,
  "tiled": true,
  "tiled_scale": [ 2, 2 ]
}
}