{
  "namespace": "chest",

	"chest_grid_item_quick_loot_mode@tyel_common.container_item_quick_loot_mode": {
		"$item_collection_name": "container_items"
	},
	"small_chest_grid_quick_loot_mode@chest.small_chest_grid": {
		"grid_item_template": "chest.chest_grid_item_quick_loot_mode"
	},
	"large_chest_grid_quick_loot_mode@chest.large_chest_grid": {
		"grid_item_template": "chest.chest_grid_item_quick_loot_mode"
	},
	"small_chest_panel_top_half_quick_loot_mode@chest.small_chest_panel_top_half": {
		"controls": [
			{
				"chest_label@chest.chest_label": {
				}
			},
			{
				"small_chest_grid_quick_loot_mode@chest.small_chest_grid_quick_loot_mode": {
					"offset": [
						7,
						9
					]
				}
			}
		]
	},
	"large_chest_panel_top_half_quick_loot_mode@chest.large_chest_panel_top_half": {
		"controls": [
			{
				"chest_label@chest.chest_label": {
				}
			},
			{
				"large_chest_grid_quick_loot_mode@chest.large_chest_grid_quick_loot_mode": {
					"offset": [
						7,
						10
					]
				}
			}
		]
	},
	"small_chest_panel/root_panel/chest_panel": {
		"bindings": [
			{
				"binding_type": "view",
				"source_control_name": "tyel_quick_loot_mode_toggle",
				"source_property_name": "(not #toggle_state)",
				"target_property_name": "#visible"
			}
		]
	},
	"small_chest_panel/root_panel": {
		"modifications": [
			{
				"array_name": "controls",
				"operation": "insert_back",
				"value": [
					{
						"buttons_panel@tyel_common.buttons_panel": {
							"anchor_from": "bottom_right",
							"anchor_to": "bottom_left",
							"layer": 8,
							"offset": [
								2,
								-4
							]
						}
					},
					{
						"tyel_quick_loot_mode_toggle@tyel_common.tyel_quick_loot_mode_toggle": {
							"anchor_from": "top_left",
							"anchor_to": "top_right",
							"offset": [
								4,
								30
							],
							"layer": 5
						}
					},
					{
						"chest_panel_quick_loot_mode": {
							"type": "panel",
							"layer": 5,
							"controls": [
								{
									"small_chest_panel_top_half_quick_loot_mode@chest.small_chest_panel_top_half_quick_loot_mode": {
									}
								},
								{
									"inventory_panel_bottom_half_with_label_quick_loot_mode@tyel_common.inventory_panel_bottom_half_with_label_quick_loot_mode": {
									}
								},
								{
									"hotbar_grid_quick_loot_mode@tyel_common.hotbar_grid_template_quick_loot_mode": {
									}
								},
								{
									"inventory_take_progress_icon_button@common.inventory_take_progress_icon_button": {
									}
								}
							],
							"bindings": [
								{
									"binding_type": "view",
									"source_control_name": "tyel_quick_loot_mode_toggle",
									"source_property_name": "#toggle_state",
									"target_property_name": "#visible"
								}
							]
						}
					}
				]
			}
		]
	},
	"large_chest_panel/root_panel/chest_panel": {
		"bindings": [
			{
				"binding_type": "view",
				"source_control_name": "tyel_quick_loot_mode_toggle",
				"source_property_name": "(not #toggle_state)",
				"target_property_name": "#visible"
			}
		]
	},
	"large_chest_panel/root_panel": {
		"modifications": [
			{
				"array_name": "controls",
				"operation": "insert_back",
				"value": [
					{
						"buttons_panel@tyel_common.buttons_panel": {
							"anchor_from": "bottom_right",
							"anchor_to": "bottom_left",
							"layer": 8,
							"offset": [
								2,
								-4
							]
						}
					},
					{
						"tyel_quick_loot_mode_toggle@tyel_common.tyel_quick_loot_mode_toggle": {
							"anchor_from": "top_left",
							"anchor_to": "top_right",
							"offset": [
								4,
								50
							],
							"layer": 5
						}
					},
					{
						"chest_panel_quick_loot_mode": {
							"type": "panel",
							"layer": 5,
							"controls": [
								{
									"large_chest_panel_top_half_quick_loot_mode@chest.large_chest_panel_top_half_quick_loot_mode": {
									}
								},
								{
									"inventory_panel_bottom_half_with_label_quick_loot_mode@tyel_common.inventory_panel_bottom_half_with_label_quick_loot_mode": {
									}
								},
								{
									"hotbar_grid_quick_loot_mode@tyel_common.hotbar_grid_template_quick_loot_mode": {
									}
								},
								{
									"inventory_take_progress_icon_button@common.inventory_take_progress_icon_button": {
									}
								}
							],
							"bindings": [
								{
									"binding_type": "view",
									"source_control_name": "tyel_quick_loot_mode_toggle",
									"source_property_name": "#toggle_state",
									"target_property_name": "#visible"
								}
							]
						}
					}
				]
			}
		]
	},

  "hud_player_renderer": {
    "type": "panel",
    "size": [ 25, 25 ],
    "controls": [
      {
        "hud_player": {
          "type": "custom",
          "renderer": "live_player_renderer",
          "layer": 1,
          "anims": [
          ],
          "bindings": [
          ]
        }
      }
    ]
  },

  "chest_label": {
    "type": "label",
    "offset": [ 7, -1 ],
    "anchor_from": "top_left",
    "anchor_to": "top_left",
    "text": "$container_title",
    "size": [ "90%", "default" ],
    "color": "$title_text_color",
    "layer": 2
  },

  "chest_grid_item@common.container_item": {
    "$item_collection_name": "container_items"
  },

  "small_chest_grid": {
    "type": "grid",
    "size": [ 162, 54 ],
    "anchor_from": "top_left",
    "anchor_to": "top_left",
    "grid_dimensions": [ 9, 3 ],
    "grid_item_template": "chest.chest_grid_item",
    "collection_name": "container_items"
  },

  "large_chest_grid": {
    "type": "grid",
    "size": [ 162, 108 ],
    "anchor_from": "top_left",
    "anchor_to": "top_left",
    "grid_dimensions": [ 9, 6 ],
    "grid_item_template": "chest.chest_grid_item",
    "collection_name": "container_items"
  },

  //// #endregion

  ////---------------------------------------------------------------------------
  //// #region chest area
  ////---------------------------------------------------------------------------


	"label_type@main_button.main_button": {
	  "type": "panel",
	  "alpha": 0.2,
	  "layer": 2,
	  "size": [
	    145,
	    145
	  ],
	  "controls": [
	    {
	      "title_image": {
	        "type": "image",
	        "offset": [ -15 , 10 ],
	        "texture": "ui/textures/text"
	      }
	    }   
	  ]
	},

  "small_chest_panel_top_half": {
    "type": "panel",
    "size": [ "100%", "50%" ],
    "offset": [ 0, 12 ],
    "anchor_to": "top_left",
    "anchor_from": "top_left",
    "controls": [
      { "chest_label@chest.chest_label": {
      } 
    },
      {
        "small_chest_grid@chest.small_chest_grid": {
          "offset": [ 7, 9 ]
        }
      }
    ]
  },

  "large_chest_panel_top_half": {
    "type": "panel",
    "size": [ "100%", 132 ],
    "offset": [ 0, 11 ],
    "anchor_to": "top_left",
    "anchor_from": "top_left",
    "controls": [
      { "chest_label@chest.chest_label": {
      } 
    },
      {
        "large_chest_grid@chest.large_chest_grid": {
          "offset": [ 7, 10 ]
        }
      }
    ]
  },

  //// #endregion

  ////---------------------------------------------------------------------------
  //// #region screen
  ////---------------------------------------------------------------------------

  "small_chest_panel": {
    "type": "panel",
    "controls": [
      {
        "label_type@label_type": {
          "offset": [ 14, 51 ],
          "anchor_from": "bottom_right",
          "anchor_to": "bottom_right"
        }
      },
      { "container_gamepad_helpers@common.container_gamepad_helpers": {} },
      {
        "flying_item_renderer@common.flying_item_renderer": {
          "layer": 14
        }
      },
      { "selected_item_details_factory@common.selected_item_details_factory": {} },
      {
        "root_panel@common.root_panel": {
          "layer": 1,
          "controls": [
            { "common_panel@common.common_panel": {} },
            {
              "chest_panel": {
                "type": "panel",
                "layer": 5,
                "controls": [
                  { "small_chest_panel_top_half@chest.small_chest_panel_top_half": {} },
                  { "inventory_panel_bottom_half_with_label@common.inventory_panel_bottom_half_with_label": {
                    "font_type": "normal"
                  } },
                  { "hotbar_grid@common.hotbar_grid_template": {} },
                  { "inventory_take_progress_icon_button@common.inventory_take_progress_icon_button": {} }
                ]
              }
            },
            { "inventory_selected_icon_button@common.inventory_selected_icon_button": {
              "font_type": "normal"
            } },
            { "gamepad_cursor@common.gamepad_cursor_button": {} }
          ]
        }
      }
    ]
  },
  
  "selected_item_details@common.selected_item_details": {
    "offset": [ 0, 0 ]
  },

  "large_chest_panel": {
    "type": "panel",
    "controls": [
      {
        "label_type@label_type": {
          "offset": [ 14, 51 ],
          "anchor_from": "bottom_right",
          "anchor_to": "bottom_right"
        }
      },
      { "container_gamepad_helpers@common.container_gamepad_helpers": {} },
      {
        "flying_item_renderer@common.flying_item_renderer": {
          "layer": 11
        }
      },
      {
        "selected_item_details_factory@common.selected_item_details_factory": {
          "control_name": "@chest.selected_item_details"
        }
      },
      {
        "root_panel@common.root_panel": {
          "size": [ 176, 220 ],
          "layer": 1,
          "controls": [
            { "common_panel@common.common_panel": {} },
            {
              "chest_panel": {
                "type": "panel",
                "layer": 5,
                "controls": [
                  { "large_chest_panel_top_half@chest.large_chest_panel_top_half": {} },
                  { "inventory_panel_bottom_half_with_label@common.inventory_panel_bottom_half_with_label": {
                    "font_type": "normal"
                  } },
                  { "hotbar_grid@common.hotbar_grid_template": {} },
                  { "inventory_take_progress_icon_button@common.inventory_take_progress_icon_button": {} }
                ]
              }
            },
            { "inventory_selected_icon_button@common.inventory_selected_icon_button": {} },
            { "gamepad_cursor@common.gamepad_cursor_button": {} }
          ]
        }
      }
    ]
  },

  "ender_chest_panel@chest.small_chest_panel": {
  },

  "shulker_box_panel@chest.small_chest_panel": {
  },

  "barrel_panel@chest.small_chest_panel": {
  },

  "small_chest_screen@common.inventory_screen_common": {
    "$close_on_player_hurt|default": true,
    "close_on_player_hurt": "$close_on_player_hurt",
    "variables": [
      {
        "label_type@label_type": {
          "font_type": "normal",
          "anchor_from": "bottom_right",
          "anchor_to": "bottom_right"
        }
      },
      {
        "requires": "$desktop_screen",
        "$screen_content": "chest.small_chest_panel",
        "$screen_bg_content": "common.screen_background"
      },
      {
        "requires": "$pocket_screen",
        "$screen_content": "pocket_containers.small_chest_panel"
      }
    ]
  },

  "large_chest_screen@common.inventory_screen_common": {
    "$close_on_player_hurt|default": true,
    "close_on_player_hurt": "$close_on_player_hurt",
    "variables": [
      {
        "requires": "$desktop_screen",
        "$screen_content": "chest.large_chest_panel",
        "$screen_bg_content": "common.screen_background"
      },
      {
        "requires": "$pocket_screen",
        "$screen_content": "pocket_containers.large_chest_panel"
      }
    ]
  },

  "ender_chest_screen@common.inventory_screen_common": {
    "$close_on_player_hurt|default": true,
    "close_on_player_hurt": "$close_on_player_hurt",
    "variables": [
      {
        "requires": "$desktop_screen",
        "$screen_content": "chest.ender_chest_panel",
        "$screen_bg_content": "common.screen_background"
      },
      {
        "requires": "$pocket_screen",
        "$screen_content": "pocket_containers.ender_chest_panel"
      }
    ]
  },
	//LumoLuconia
  "shulker_box_screen@chest.small_chest_screen": {
    "$close_on_player_hurt": true,
    "variables": [
      {
        "requires": "$desktop_screen",
        "$screen_content": "chest.shulker_box_panel",
        "$screen_bg_content": "common.screen_background"
      },
      {
        "requires": "$pocket_screen",
        "$screen_content": "pocket_containers.shulker_box_panel"
      }
    ]
  },

  "barrel_screen@chest.small_chest_screen": {
    "$close_on_player_hurt": true,
    "variables": [
      {
        "requires": "$desktop_screen",
        "$screen_content": "chest.barrel_panel",
        "$screen_bg_content": "common.screen_background"
      },
      {
        "requires": "$pocket_screen",
        "$screen_content": "pocket_containers.barrel_panel"
      }
    ]
  }
}

// #endregion