{
    "namespace": "mob_effect",
    // Controls - Right Handed
    "effect_name": {
        "type": "label",
        "color": "$dark_button_default_text_color",
        "shadow": true,
        "anchor_from": "top_left",
        "anchor_to": "top_left",
        "offset": [
            27,
            5
        ],
        "text_alignment": "left",
        "text": "#mob_effect_name",
        "bindings": [
            {
                "binding_type": "collection",
                "binding_name": "#mob_effect_name",
                "binding_collection_name": "mob_effects_collection",
                "binding_condition": "visible"
            }
        ]
    },
    "effect_timer": {
        "type": "label",
        "anchor_from": "bottom_left",
        "anchor_to": "bottom_left",
        "shadow": true,
        "offset": [
            27,
            -5
        ],
        "text": "#mob_effect_timer",
        "color": "$dark_button_secondary_default_text_color",
        "text_alignment": "left",
        "bindings": [
            {
                "binding_type": "collection",
                "binding_name": "#mob_effect_timer",
                "binding_collection_name": "mob_effects_collection",
                "binding_condition": "always_when_visible"
            }
        ]
    },
    "effect_icon": {
        "type": "image",
        "size": [
            "60%",
            "60%"
        ],
        "offset": [
            -105,
            -1
        ],
        "texture": "#texture",
        "bindings": [
            {
                "binding_type": "collection",
                "binding_name": "#texture",
                "binding_collection_name": "mob_effects_collection",
                "binding_condition": "visible"
            }
        ]
    },
    "mob_effect_grid_panel": {
        "type": "stack_panel",
        "orientation": "vertical",
        "anchor_from": "left_middle",
        "anchor_to": "left_middle",
        "size": [
            "90%",
            "90% - 4px"
        ],
        "offset": [
            0,
            75
        ],
        "clips_children": true,
        "controls": [
            {
                "mob_effect_grid@mob_effect.mob_effect_grid": {}
            }
        ]
    },
    "mob_effect_grid": {
        "type": "grid",
        "size": [
            300,
            "default"
        ],
        "grid_item_template": "mob_effect.mob_effect_grid_item",
        "grid_dimension_binding": "#mob_effect_grid_size",
        "collection_name": "mob_effects_collection",
        "bindings": [
            {
                "binding_name": "#mob_effect_grid_size"
            }
        ]
    },
    // Controls - Left Handed
    "effect_name_left_handed": {
        "type": "label",
        "color": "$dark_button_default_text_color",
        "shadow": true,
        "anchor_from": "top_right",
        "anchor_to": "top_right",
        "offset": [
            -27,
            5
        ],
        "text_alignment": "left",
        "text": "#mob_effect_name",
        "bindings": [
            {
                "binding_type": "collection",
                "binding_name": "#mob_effect_name",
                "binding_collection_name": "mob_effects_collection",
                "binding_condition": "visible"
            }
        ]
    },
    "effect_timer_left_handed": {
        "type": "label",
        "anchor_from": "bottom_right",
        "anchor_to": "bottom_right",
        "shadow": true,
        "offset": [
            -27,
            -5
        ],
        "text": "#mob_effect_timer",
        "color": "$light_button_secondary_default_text_color",
        "text_alignment": "left",
        "bindings": [
            {
                "binding_type": "collection",
                "binding_name": "#mob_effect_timer",
                "binding_collection_name": "mob_effects_collection",
                "binding_condition": "always_when_visible"
            }
        ]
    },
    "effect_icon_left_handed": {
        "type": "image",
        "size": [
            "60%",
            "60%"
        ],
        "offset": [
            45,
            -1
        ],
        "texture": "#texture",
        "bindings": [
            {
                "binding_type": "collection",
                "binding_name": "#texture",
                "binding_collection_name": "mob_effects_collection",
                "binding_condition": "visible"
            }
        ]
    },
    "mob_effect_grid_panel_left_handed": {
        "type": "stack_panel",
        "orientation": "vertical",
        "anchor_from": "left_middle",
        "anchor_to": "left_middle",
        "size": [
            "90%",
            "90% - 4px"
        ],
        "offset": [
            0,
            75
        ],
        "clips_children": true,
        "controls": [
            {
                "mob_effect_grid@mob_effect.mob_effect_grid_left_handed": {}
            }
        ]
    },
    "mob_effect_grid_left_handed": {
        "type": "grid",
        "size": [
            150,
            "default"
        ],
        "grid_item_template": "mob_effect.mob_effect_grid_item",
        "grid_dimension_binding": "#mob_effect_grid_size",
        "collection_name": "mob_effects_collection",
        "bindings": [
            {
                "binding_name": "#mob_effect_grid_size"
            }
        ]
    },
    // CONTENT - General
    "mob_effect_grid_item": {
        "type": "panel",
        "size": [
            240,
            30
        ],
        "controls": [
            {
                "name@mob_effect.effect_name": {
                    "layer": 5
                }
            },
            {
                "timer@mob_effect.effect_timer": {
                    "layer": 5
                }
            },
            {
                "icon@mob_effect.effect_icon": {
                    "layer": 5
                }
            }
        ]
    },
    // Screen
    "main_screen": {
        "type": "panel",
        "variables": [
            {
                "requires": "(not $is_left_handed)",
                "$main_panel": "mob_effect.mob_effect_grid_panel"
            },
            {
                "requires": "$is_left_handed",
                "$main_panel": "mob_effect.mob_effect_grid_panel_left_handed"
            }
        ],
        "controls": [
            {
                "main_screen@$main_panel": {}
            }
        ]
    },
    "mob_effect_screen@common.base_screen": {
        "close_on_player_hurt": false,
        "should_steal_mouse": true,
        "is_modal": false,
        "always_accepts_input": false,
        "absorbs_input": false,
        "is_showing_menu": false,
        "low_frequency_rendering": true,
        "render_only_when_topmost": false,
        "render_game_behind": true,
        "force_render_below": true,
        "$screen_animations": [],
        "$screen_content": "mob_effect.main_screen"
    }
}