{
	"namespace": "pause_luconia",
	"exit@common_buttons_luconia.main_button": {
		"$pressed_button_name": "button.menu_quit",
		"anchor_from": "top_right",
		"anchor_to": "top_right",
		"$button_content": "luconia_textures_common.luconia_exit_icon",
		"offset": [
			-5,
			5
		],
		"size": [
			22,
			22
		]
	},
	"mods_button@common_buttons_luconia.main_toggle": {
		"anchor_from": "bottom_right",
		"anchor_to": "bottom_right",
		"$button_text": "M O D S",
    "$toggle_name": "mods_button",
    "$toggle_group_forced_index": 1,
    "$checked_control": "common_buttons_luconia.toggle",
    "$unchecked_control": "common_buttons_luconia.toggle_unchecked",
    "$checked_hover_control": "common_buttons_luconia.toggle_hover",
    "$unchecked_hover_control": "common_buttons_luconia.toggle_unchecked_hover",
		"offset": [
			-5,
			-30
		],
		"size": [
			66,
			22
		]
	},
	"toggleourbuttons@common_buttons_luconia.main_toggle": {
		"anchor_from": "bottom_right",
		"anchor_to": "bottom_right",
		"$button_text": "M E N U",
    "$toggle_name": "toggleourbuttons",
    "$toggle_group_forced_index": 1,
    "$checked_control": "common_buttons_luconia.toggle",
    "$unchecked_control": "common_buttons_luconia.toggle_unchecked",
    "$checked_hover_control": "common_buttons_luconia.toggle_hover",
    "$unchecked_hover_control": "common_buttons_luconia.toggle_unchecked_hover",
		"offset": [
			-5,
			-54
		],
		"size": [
			66,
			22
		]
	},
  "mods":{
    "type": "panel",
    "anchor_from": "center",
    "anchor_to": "center",
    "controls":[
      {
        "text": {
          "type": "label",
          "layer": 150,
          "text": "M O D S",
          "anchor_from": "center",
					"anchor_to": "center",
          "offset": [0,0],
					"font_type": "smooth"
        }
      },
      {
        "panel": {
					"anchor_from": "center",
					"anchor_to": "center",
					"type": "image",
					"texture": "ui/textures/60",
					"offset": [
						0,
						30
					],
					"size": [
						250,
						120
					]
        }
      }
    ],
    "bindings": [
        {
          "binding_type": "view",
          "source_control_name": "mods_button",
          "source_property_name": "#toggle_state",
          "target_property_name": "#visible"
      }
    ]
  },
  "buttons_1": {
    "type": "panel",
    "controls": [
      {
        "resume_button@common_buttons_luconia.main_button": {
					"offset": [
						-5,
						-150
					],
					"size": [
						66,
						22
					],
          "$pressed_button_name": "button.menu_exit",
					"anchor_from": "bottom_right",
					"anchor_to": "bottom_right",
          "$button_text": "Resume"
        }
      },
      {
        "options_button@common_buttons_luconia.main_button": {
					"offset": [
						-5,
						-126
					],
					"size": [
						66,
						22
					],
          "$pressed_button_name": "button.menu_settings",
					"anchor_from": "bottom_right",
					"anchor_to": "bottom_right",
          "$button_text": "Settings"
        }
      },
      {
        "cosmetic_button@common_buttons_luconia.main_button": {
					"offset": [
						-5,
						-102
					],
					"size": [
						66,
						22
					],
          "$pressed_button_name": "button.to_profile_or_skins_screen",
					"anchor_from": "bottom_right",
					"anchor_to": "bottom_right",
          "$button_text": "Skins"
        }
      },
      {
        "store_button@common_buttons_luconia.main_button": {
					"offset": [
						-5,
						-78
					],
					"size": [
						66,
						22
					],
          "$pressed_button_name": "button.menu_store",
					"anchor_from": "bottom_right",
					"anchor_to": "bottom_right",
          "$button_text": "Store"
        }
      }
    ],
    "bindings": [
        {
          "binding_type": "view",
          "source_control_name": "toggleourbuttons",
          "source_property_name": "#toggle_state",
          "target_property_name": "#visible"
      }
    ]
  },
  "buttons_2": {
    "type": "stack_panel",
    "orientation": "vertical",
    "anchor_from": "left_middle",
    "anchor_to": "left_middle",
    "size": [ "100%c", 20 ],
    "offset": [ 20, 0 ],
    "controls": [
      { "players@pause_luconia.players": { } },
      { "panel_0": { "type": "panel", "size": [ 20, 3 ] } },
      { "invite@pause_luconia.invite": { } }
    ]
  },
    "players@common_buttons_luconia.main_button": {
      "size": [ 23, 23 ],
      "offset": [ 0, 0 ],
      "$button_content": "luconia_textures_common.luconia_players_icon",
			"$button_tts_header": "accessibility.pause_luconia.permissions",
			"$pressed_button_name": "button.menu_permission",
			"bindings": [
				{
					"binding_type": "collection_details",
					"binding_collection_name": "players_collection"
				}
			]
},
    "invite@common_buttons_luconia.main_button": {
      "size": [ 23, 23 ],
      "offset": [ 0, 28 ],
      "$pressed_button_name": "button.menu_invite_players",
      "$button_content": "luconia_textures_common.luconia_invite_icon"
},
"player_grid_item_content": {
	"type": "panel",
	"controls": [
		{
			"player_button_panel": {
				"type": "stack_panel",
				"orientation": "horizontal",
				"anchor_from": "top_middle",
				"anchor_to": "top_middle",
				"size": [
					"100%",
					"100% + 1px"
				],
				"controls": [
					{
						"player_button_banner": {
							"type": "panel",
							"size": [
								"fill",
								"100%"
							],
							"controls": [
								{
									"player_button@pause_luconia.player_button": {
									}
								},
								{
									"player_banner@pause_luconia.player_banner": {
									}
								}
							]
						}
					},
					{
						"player_permission_button_padding": {
							"type": "panel",
							"size": [
								27,
								"100%"
							],
							"bindings": [
								{
									"binding_name": "#permissions_button_visible",
									"binding_name_override": "#visible"
								}
							]
						}
					}
				]
			}
		},
		{
			"player_permission_button_panel": {
				"type": "panel",
				"anchor_to": "top_right",
				"anchor_from": "top_right",
				"size": [
					"100%c",
					"100% + 1px"
				],
				"controls": [
					{
						"player_permission_button@pause_luconia.player_permission_button": {
						}
					}
				],
				"bindings": [
					{
						"binding_name": "#permissions_button_visible",
						"binding_name_override": "#visible"
					}
				]
			}
		}
	]
},
"player_permission_button@common_buttons.dark_content_button": {
	"size": [
		28,
		"100%"
	],
	"$button_content": "pause_luconia.player_permission_button_content",
	"$button_tts_header": "accessibility.pause_luconia.permissions",
	"button_mappings": [
		{
			"from_button_id": "button.menu_select",
			"to_button_id": "button.menu_permission",
			"mapping_type": "pressed"
		},
		{
			"from_button_id": "button.menu_ok",
			"to_button_id": "button.menu_permission",
			"mapping_type": "focused"
		}
	],
	"bindings": [
		{
			"binding_type": "collection_details",
			"binding_collection_name": "players_collection"
		}
	]
},
"player_permission_button_content": {
	"type": "panel",
	"size": [
		15,
		15
	],
	"controls": [
		{
			"permission_icon_image": {
				"type": "image",
				"texture": "#player_permission_level_icon_texture",
				"size": [
					15,
					15
				],
				"bindings": [
					{
						"binding_name": "#player_permission_level_icon_texture",
						"binding_name_override": "#texture",
						"binding_type": "collection",
						"binding_collection_name": "players_collection"
					}
				]
			}
		}
	]
},
"player_list": {
	"type": "panel",
	"size": [
		180,
		"100%"
	],
	"anchor_from": "right_middle",
	"anchor_to": "right_middle",
	"controls": [
		{
			"player_list_scrolling_panel@common.scrolling_panel": {
				"size": [
					"100% - 4px",
					"100%"
				],
				"offset": [
					2,
					0
				],
				"anchor_from": "top_right",
				"anchor_to": "top_right",
				"$show_background": false,
				"$scroll_track_size": [
					5,
					"100% - 4px"
				],
				"$scroll_track_offset|default": [
					-4,
					2
				],
				"$scrolling_content": "pause_luconia.player_list_content"
			}
		},
		{
			"player_list_content": {
				"type": "grid",
				"size": [
					"100%",
					"default"
				],
				"grid_item_template": "pause_luconia.player_grid_item",
				"grid_dimension_binding": "#players_grid_dimension",
				"collection_name": "players_collection",
				"anchor_to": "top_left",
				"anchor_from": "top_left",
				"bindings": [
					{
						"binding_name": "#players_grid_dimension",
						"binding_condition": "always"
					}
				]
			}
		}
	]
},
"img": {
	"type":"image",
	"anchor_from": "bottom_right",
	"anchor_to": "bottom_right",
	"texture": "ui/textures/text",
	"offset": [
		-15,
		0
	],
	"size": [
		145,
		145
	]
},
	"pause_screen_content": {
		"type": "panel",
		"size": [
			"100%",
			"100%"
		],
		"anchor_from": "center",
		"anchor_to": "center",
		"controls": [
			{
				"exit@pause_luconia.exit": {
				}
			},
			{ "textlogo@profile_screen_luconia.textlogo": { } },
			{
				"buttons_1@pause_luconia.buttons_1": {
				}
			},
			{
				"buttons_2@pause_luconia.buttons_2": {
				}
			},
			{
				"mods@pause_luconia.mods": {
				}
			},
			{
				"mods_button@pause_luconia.mods_button": {
				}
			},
			{
				"toggleourbuttons@pause_luconia.toggleourbuttons": {
				}
			}
		]
	}
}