{
  "namespace": "organized_section",
  "player_button@settings_common.section_toggle_base": {
    "$toggle_view_binding_name": "player_button_toggle",
    "$glyph_texture": "textures/mainmenu/playersettings_glyph",
    "$glyph_color_texture": "textures/mainmenu/playersettings_glyph_color",
    "$glyph_size": [
      16,
      16
    ],
    "$button_text": "panel.player",
    "$toggle_property_bag": {
      "#panel_title": "panel.player"
    }
  },
  "player_section": {
    "type": "stack_panel",
    "size": [
      "100%",
      "100%c"
    ],
    "anchor_from": "top_left",
    "anchor_to": "top_left",
    "bindings": [
      {
        "binding_type": "view",
        "source_control_name": "player_button_toggle",
        "source_property_name": "#toggle_state",
        "target_property_name": "#visible"
      }
    ],
    "controls": [
      {
        "player_section_options@assets.player_section_options": {}
      }
    ]
  },
  "gameplay_button@settings_common.section_toggle_base": {
    "$toggle_view_binding_name": "gameplay_button_toggle",
    "$glyph_texture": "textures/mainmenu/gameplay_glyph",
    "$glyph_color_texture": "textures/mainmenu/gameplay_glyph_color",
    "$glyph_size": [
      16,
      16
    ],
    "$button_text": "options.category.graphics",
    "$toggle_property_bag": {
      "#panel_title": "options.category.graphics"
    }
  },
  "gameplay_section": {
    "type": "stack_panel",
    "size": [
      "100%",
      "100%c"
    ],
    "anchor_from": "top_left",
    "anchor_to": "top_left",
    "bindings": [
      {
        "binding_type": "view",
        "source_control_name": "gameplay_button_toggle",
        "source_property_name": "#toggle_state",
        "target_property_name": "#visible"
      }
    ],
    "controls": [
      {
        "gameplay_section_options@assets.gameplay_section_options": {}
      }
    ]
  },
  "video_button@settings_common.section_toggle_base": {
    "$toggle_view_binding_name": "video_button_toggle",
    "$glyph_texture": "textures/mainmenu/video_glyph",
    "$glyph_color_texture": "textures/mainmenu/video_glyph_color",
    "$glyph_size": [
      15,
      12
    ],
    "$button_text": "npcscreen.advancedsettings",
    "$toggle_property_bag": {
      "#panel_title": "npcscreen.advancedsettings"
    }
  },
  "video_section": {
    "type": "stack_panel",
    "size": [
      "100%",
      "100%c"
    ],
    "anchor_from": "top_left",
    "anchor_to": "top_left",
    "bindings": [
      {
        "binding_type": "view",
        "source_control_name": "video_button_toggle",
        "source_property_name": "#toggle_state",
        "target_property_name": "#visible"
      }
    ],
    "controls": [
      {
        "video_section_options@assets.video_section_options": {}
      }
    ]
  },
  "info_button@settings_common.section_toggle_base": {
    "$toggle_view_binding_name": "info_button_toggle",
    "$glyph_texture": "textures/mainmenu/info_glyph",
    "$glyph_color_texture": "textures/mainmenu/info_glyph_color",
    "$glyph_size": [
      17,
      17
    ],
    "$button_text": "options.viewSubscriptions.button.info",
    "$toggle_property_bag": {
      "#panel_title": "options.viewSubscriptions.button.info"
    }
  },
  "info_section": {
    "type": "stack_panel",
    "size": [
      "100%",
      "100%c"
    ],
    "anchor_from": "top_left",
    "anchor_to": "top_left",
    "bindings": [
      {
        "binding_type": "view",
        "source_control_name": "info_button_toggle",
        "source_property_name": "#toggle_state",
        "target_property_name": "#visible"
      }
    ],
    "controls": [
      {
        "info_section_options@assets.info_section_options": {}
      }
    ]
  },
  "rec_button@settings_common.section_toggle_base": {
    "$toggle_view_binding_name": "rec_button_toggle",
    "$glyph_texture": "textures/mainmenu/recommendations_glyph",
    "$glyph_color_texture": "textures/mainmenu/recommendations_glyph_color",
    "$glyph_size": [
      17,
      17
    ],
    "$button_text": "Recommendations",
    "$toggle_property_bag": {
      "#panel_title": "Recommendations"
    }
  },
  "rec_section": {
    "type": "stack_panel",
    "size": [
      "100%",
      "100%c"
    ],
    "anchor_from": "top_left",
    "anchor_to": "top_left",
    "bindings": [
      {
        "binding_type": "view",
        "source_control_name": "rec_button_toggle",
        "source_property_name": "#toggle_state",
        "target_property_name": "#visible"
      }
    ],
    "controls": [
      {
        "rec_section_options@assets.rec_section_options": {}
      }
    ]
  }
}