{
	"format_version": "1.12.0",
	"minecraft:geometry": [
		{
			"description": {
				"identifier": "geometry.shield",
				"texture_width": 64,
				"texture_height": 64,
				"visible_bounds_width": 2,
				"visible_bounds_height": 3,
				"visible_bounds_offset": [0, 1.5, 0]
			},
			"bones": [
				{
					"name": "shield",
					"pivot": [1, 15.5, 3],
					"cubes": [
						{"origin": [0, 25, 0], "size": [2, 6, 6], "uv": [28, 0]},
						{"origin": [-5, 21, -1], "size": [12, 17, 1], "uv": [0, 0]}
					]
				}
			]
		}
	]
}