{
    "format_version": "1.8.0",
    "animations": {
        "animation.potion_counter": {
            "loop": true,
            "bones": {
                "numbers_1": {
                    "position": [ "variable.potion_counter <= 9 ? 1322.5 : 1325", "(query.is_swimming ? -28.5)", 0 ],
                    "scale": 0.93324
                },
                "numbers_2": {
                    "position": [ "variable.potion_counter <= 9 ? 1320 : 1312", "(query.is_swimming ? -28.5)", 0 ],
                    "scale": 0.93324
                },
                "potion_text": {
                    "position": [ "variable.potion_counter <= 9 ? 1317 : 1320", "(query.is_swimming ? -28.5) + -1.5", 0 ],
                    "scale": 0.936666666
                }
            }
        }
    }
}
