{
  "namespace": "common_toggles_java",
	
  "main_toggle@common.toggle": {
		"$checked_control": "common_toggles_java.toggle",
		"$unchecked_control": "common_toggles_java.toggle_unchecked",
		"$checked_hover_control": "common_toggles_java.toggle_hover",
		"$unchecked_hover_control": "common_toggles_java.toggle_unchecked_hover",
    "$radio_toggle_group": true,
    "$toggle_name": "navigation_tab",
    "$toggle_group_default_selected": "$default_selector_toggle_index",
    "$toggle_view_binding_name|default": "this_toggle",
    "$template_toggle|default": "common_toggles.light_template_toggle",
    "controls": [
      {
        // done as a child to allow for parent bindings
        "$toggle_view_binding_name@$template_toggle": {
        }
      }
    ]
	},
	
	"toggle@luconia_java_buttons.button_panel": {
		"type": "image",
    "size": [ "100%", "100%" ],
		"layer": 40,
		"$text_color": [ 0.8784314, 0.8784314, 0.8784314 ],
    "texture": "textures/java/buttons/main_button_locked"
	},
	
		"toggle_unchecked@luconia_java_buttons.button_panel": {
			"type": "image",
			"size": [ "100%", "100%" ],
			"layer": 40,
			"$text_color": [ 0.8784314, 0.8784314, 0.8784314 ],
 		 	"texture": "textures/java/buttons/main_button_default"
	},
	
	"toggle_hover@luconia_java_buttons.button_panel": {
		"type": "image",
		"size": [ "100%", "100%" ],
		"layer": 40,
		"$text_color": [ 0.8784314, 0.8784314, 0.8784314 ],
	  "texture": "textures/java/buttons/main_button_locked"
	},
	
	"toggle_unchecked_hover@luconia_java_buttons.button_panel": {
		"type": "image",
		"size": [ "100%", "100%" ],
		"layer": 40,
		"$text_color": [ 1.0, 1.0, 0.627451 ],
	  "texture": "textures/java/buttons/main_button_hover"
	}
}