{
  "namespace":"bg_java",
    "login": {
    "type": "image",
    "size":["110%","110%"],
    "texture": "textures/java/ui/login_bg",
    "layer": -100,
		"fill": true
},
   "sexo": {
	  "bilinear": true,
	  "uv_size": [925, 610],
	  "uv": "@bg.background_anim",
    "type": "image",
    "size":["110%","110%"],
    "texture": "textures/ui/background_test",
    "layer": -100,
		"fill": true
},

"background_anim": {
  "anim_type": "flip_book",
  "initial_uv": [0, 0],
  "frame_count": 14150,
  "frame_step": 3,
  "fps": 90,
  "reversible": true,
  "easing": "linear"
},
    "javabg": {
      "type": "image",
      "size":[ "130%", "130%" ],
      "texture": "textures/blocks/dirt",
      "layer": -100,
      "fill": true,
      "tiled": true, 
      "tiled_scale": [ 2, 2 ],
      "color": [ 0.25, 0.25, 0.25 ]
  }
}