{
    "namespace": "luconia_java_buttons",
    
    "java_button@common.button": {
      "locked_control": "locked",
      "controls": [
        { "default@luconia_java_buttons.default": { } },
        { "hover@luconia_java_buttons.hover": { } },
        { "pressed@luconia_java_buttons.pressed": { } },
        { "locked@luconia_java_buttons.locked": { } }
      ]
    },
  
    "default@luconia_java_buttons.button_panel": {
      "$has_hover_text": false,
      "$button_texture": "luconia_java_textures.main_button_default",
      "$text_color": [ 0.8784314, 0.8784314, 0.8784314 ]
    },
  
    "hover@luconia_java_buttons.button_panel": {
      "$has_hover_text": true,
      "$button_texture": "luconia_java_textures.main_button_hover",
      "$text_color": [ 1.0, 1.0, 0.627451 ]
    },
  
    "pressed@luconia_java_buttons.button_panel": {
      "$has_hover_text": true,
      "$button_texture": "luconia_java_textures.main_button_hover",
      "$text_color": [ 1.0, 1.0, 0.627451 ]
    },
  
    "locked@luconia_java_buttons.button_panel": {
      "$has_hover_text": false,
      "$button_texture": "luconia_java_textures.main_button_locked",
      "$text_color": [ 0.627451, 0.627451, 0.627451 ]
    },

    "button_label": {
      "type": "label",
      "shadow": true,
      "font_scale_factor": 1,
      "size": [ "default", "default" ],
      "color": "$text_color",
      "text": "$button_text",
      "bindings": [
        {
          "binding_name": "$button_text"
        }
      ]
    },
      
    "button_panel": {
      "type": "panel",
      "size": [ "100%", "100%" ],
      "layer": 10,
      "$button_content|default": "luconia_java_buttons.button_label",
      "controls": [
        { "button_content@$button_content": { "layer": 3 } },
        { "button_texture@$button_texture": { "layer": 1 } }
      ]
    },
	  "green_button@common.button": {
	    "locked_control": "locked",
	    "controls": [
	      { "default@luconia_java_buttons.green_default": { } },
	      { "hover@luconia_java_buttons.green_hover": { } },
	      { "pressed@luconia_java_buttons.green_pressed": { } },
	      { "locked@luconia_java_buttons.green_locked": { } }
	    ]
	  },

	  "green_default@luconia_java_buttons.green_button_panel": {
	    "$has_hover_text": false,
			"font_type": "MinecraftTen",
			"font_scale_factor": 0.9,
	    "$button_texture": "luconia_java_textures.green_button_default"
	  },

	  "green_hover@luconia_java_buttons.green_button_panel": {
	    "$has_hover_text": true,
			"size": [ "110%", "110%" ],
			"font_type": "MinecraftTen",
			"font_scale_factor": 1.1,
	    "$button_texture": "luconia_java_textures.green_button_default"
	  },

	  "green_pressed@luconia_java_buttons.green_button_panel": {
	    "$has_hover_text": true,
			"font_type": "MinecraftTen",
			"font_scale_factor": 1.1,
	    "$button_texture": "luconia_java_textures.green_button_default"
	  },

	  "green_locked@luconia_java_buttons.green_button_panel": {
	    "$has_hover_text": false,
			"font_type": "MinecraftTen",
			"font_scale_factor": 0.9,
	    "$button_texture": "luconia_java_textures.green_button_default"
	  },
	
	  "green_button_label": {
	    "type": "label",
	    "shadow": true,
	    "font_type": "MinecraftTen",
	    "size": [ "default", "default" ],
	    "color": "$text_color",
			"offset": [ 0, -1.5 ],
	    "$text_color": [ 1.0, 1.0, 1.0 ],
	    "text": "$button_text",
	    "bindings": [
	      {
	        "binding_name": "$button_text"
	      }
	    ]
	  },
	
	  "green_button_panel": {
	    "type": "panel",
	    "size": [ "100%", "100%" ],
	    "layer": 10,
	    "$button_content|default": "luconia_java_buttons.green_button_label",
	    "controls": [
	      { "button_content@$button_content": { "layer": 3 } },
	      { "button_texture@$button_texture": { "layer": 1 } }
	    ]
	  }
  }
