{
    "namespace": "luconia_java_textures",
		
		//Buttons

    "main_button_default": {
        "type": "image",
        "size": [ "100%", "100%" ],
        "tiled": true,
        "texture": "textures/java/buttons/main_button_default"
    },
		
    "main_button_hover": {
        "texture": "textures/java/buttons/main_button_hover",
        "type": "image",
        "size": [ "100%", "100%" ],
        "tiled": true
    },

    "main_button_locked": {
        "texture": "textures/java/buttons/main_button_locked",
        "type": "image",
        "size": [ "100%", "100%" ],
        "tiled": true
    },
		
	  "green_button_default": {
	    "type": "image",
	    "size": [ "100%", "100%" ],
	    "texture": "textures/java/buttons/green_button"
	  },
		
		//Screen Assets

    "title": {
        "type": "image",
        "size": [ "95%", "97%" ],
        "texture": "textures/java/ui/title"
    },

    "border_middle": {
        "type": "image",
        "size":[ "130%", "72%" ],
        "texture": "textures/java/ui/java_middle_bg_border"
    },
		
		//Icons
    "earth_icon": {
        "type": "image",
        "size": [ 13, 13 ],
				"offset": [ 0.2, 0.5 ],
        "texture": "textures/java/ui/earth"
    }
}