{
  "namespace": "luconia_buttons",
  
  "clean_button@common.button": {
    "locked_control": "locked",
    "controls": [
      { "default@luconia_buttons.clean_default": { } },
      { "hover@luconia_buttons.clean_hover": { } },
      { "pressed@luconia_buttons.clean_hover": { } },
      { "locked@luconia_buttons.clean_locked": { } }
    ]
  },
  
  "invis_button@common.button": {
    "locked_control": "locked",
    "controls": [
      { "default@luconia_buttons.clean_default": {"$button_texture": "luconia_textures.dfsfsfsfsfsf" } },
      { "hover@luconia_buttons.clean_hover": {"$button_texture": "luconia_textures.fsdfsfd" } },
      { "pressed@luconia_buttons.clean_hover": {"$button_texture": "luconia_textures.sfddsfs" } },
      { "locked@luconia_buttons.clean_locked": {"$button_texture": "luconia_textures.sdfsfsf" } }
    ]
  },

  "clean_default@luconia_buttons.button_panel": {
    "$has_hover_text": false,
    "$button_texture": "luconia_textures.clean_button_default"
  },

  "clean_hover@luconia_buttons.button_panel": {
    "$has_hover_text": true,
    "$button_texture": "luconia_textures.clean_button_hover"
  },

  "clean_locked@luconia_buttons.button_panel": {
    "$has_hover_text": false,
    "$button_texture": "luconia_textures.clean_button_locked"
  },
	
  "button_label": {
    "type": "label",
    "shadow": false,
    "font_type": "smooth",
    "font_scale_factor": 1,
    "size": [ "default", "default" ],
    "color": "$text_color",
    "$text_color": [ 1.0, 1.0, 1.0 ],
    "text": "$button_text",
    "bindings": [
      {
        "binding_name": "$button_text"
      }
    ]
  },
	
  "button_panel": {
    "type": "panel",
    "size": [ "100%", "100%" ],
    "layer": 10,
    "$button_content|default": "luconia_buttons.button_label",
    "controls": [
      { "button_content@$button_content": { "layer": 3 } },
      { "button_texture@$button_texture": { "layer": 1 } }
    ]
  }
}