{
  "namespace": "luconia_textures",
  
  "clean_button_default": {
    "type": "image",
    "size": [ "100%", "100%" ],
    "texture": "assets/luconia/ui/button_default"
  },
  
  "clean_button_hover": {
    "type": "image",
    "size": [ "100%", "100%" ],
    "texture": "assets/luconia/ui/button_hover"
  },
  
  "clean_button_locked": {
    "type": "image",
    "size": [ "100%", "100%" ],
    "texture": "assets/luconia/ui/button_default"
  },
  
  "exit": {
    "type": "image",
    "size": [ 12, 12 ],
    "texture": "assets/luconia/icons/exit"
  },
  "store": {
    "type": "image",
    "size": [ 12, 12 ],
    "texture": "assets/luconia/icons/store"
  },
  "left": {
    "type": "image",
    "size": [ 12, 12 ],
    "texture": "assets/luconia/icons/left"
  },
  "right": {
    "type": "image",
    "size": [ 12, 12 ],
    "texture": "assets/luconia/icons/right"
  },
  "edit": {
    "type": "image",
    "size": [ 12, 12 ],
    "texture": "assets/luconia/icons/edit"
  },
  "reload": {
    "type": "image",
    "size": [ 12, 12 ],
    "texture": "assets/luconia/icons/reload"
  },
  "create": {
    "type": "image",
    "size": [ 12, 12 ],
    "texture": "assets/luconia/icons/create"
  }
}