{
  "namespace": "luconia_toggles",
  
	"clean_toggle@common.toggle": {
		"$checked_control": "luconia_toggles.default",
		"$unchecked_control": "luconia_toggles.unchecked",
		"$checked_hover_control": "luconia_toggles.default_hover",
		"$unchecked_hover_control": "luconia_toggles.unchecked_hover"
	},

	"default@luconia_buttons.button_panel": {
		"type": "image",
		"$button_texture": "luconia_textures.clean_button_default"
	},
	"unchecked@luconia_buttons.button_panel": {
		"type": "image",
		"$button_texture": "luconia_textures.clean_button_default"
	},
	"default_hover@luconia_buttons.button_panel": {
		"type": "image",
		"$button_texture": "luconia_textures.clean_button_hover"
	},
	"unchecked_hover@luconia_buttons.button_panel": {
		"type": "image",
		"$button_texture": "luconia_textures.clean_button_hover"
	}
}
