
{
  "namespace": "graphics_settings",
  "graphics_button@settings_common.section_toggle_base": {
    "$toggle_view_binding_name": "graphics_button_toggle",
    "$glyph_texture": "textures/ui/settings/graphics",
    "$glyph_color_texture": "textures/ui/settings/graphics",
    "$glyph_size": [ 17, 17 ],
    "$button_text": "Graphics",
    "$toggle_property_bag": {
      "#panel_title": "Graphics Settings"
    }
  },
    
  "graphics_settings": {
    "type": "stack_panel",
    "size": [ "100%", "100%c" ],
    "anchor_from": "top_left",
    "anchor_to": "top_left",
    "bindings": [
      {
        "binding_type": "view",
        "source_control_name": "graphics_button_toggle",
        "source_property_name": "#toggle_state",
        "target_property_name": "#visible"
      }
    ],
    "controls": [
      {
 "fancy_leaves_toggle@settings_common.option_toggle": {
          "$option_label": "options.transparentleaves",
          "$option_binding_name": "#transparent_leaves",
          "$option_enabled_binding_name": "#transparent_leaves_enabled",
          "$toggle_name": "transparent_leaves"
        }
      },
      { 

        "fancy_bubbles_toggle@settings_common.option_toggle": {
          "$option_label": "options.bubbleparticles",
          "$option_binding_name": "#bubble_particles",
          "$option_enabled_binding_name": "#bubble_particles_enabled",
          "$toggle_name": "bubble_particles"
        }
      },
      {
        "render_clouds_toggle@settings_common.option_toggle": {
          "$option_label": "options.renderclouds",
          "$option_binding_name": "#render_clouds",
          "$option_enabled_binding_name": "#render_clouds_enabled",
          "$toggle_name": "render_clouds"
        }
      },
      {

        "smooth_lighting_toggle@settings_common.option_toggle": {
          "ignored": "($is_holographic)",
          "$option_label": "options.smooth_lighting",
          "$option_binding_name": "#smooth_lighting",
          "$option_enabled_binding_name": "#smooth_lighting_enabled",
          "$toggle_name": "smooth_lighting"
        }
      },
      { 

        "graphics_toggle@settings_common.option_toggle": {
          "ignored": "($is_holographic)",
          "$option_label": "options.graphics",
          "$option_binding_name": "#graphics_toggle",
          "$option_enabled_binding_name": "#graphics_toggle_enabled",
          "$toggle_name": "graphics_toggle"
        }
      },
      {
        "selector_group_lable_1@settings_common.selector_group_label":{
          "text":" Profile Rendering"
        }
      },
      {
        "rendering_profile_option_slider@settings_common.option_slider": {
          "$option_label": "#rendering_profile_slider_label",
          "$slider_name": "rendering_profile",
          "$slider_value_binding_name": "#rendering_profile",
          "$slider_tts_text_value": "#rendering_profile_text_value",
          "$option_enabled_binding_name": "#rendering_profile_slider_enabled",
          "$slider_steps_binding_name": "#rendering_profile_steps",
          "$label_bindings": [
            {
              "binding_name": "$option_label"
            }
          ]
        }
      },
      {
                  "filewatcher_rendering_toggle@settings_common.option_toggle": {
          "$option_label": "options.dev_file_watcher",
          "$option_binding_name": "#file_watcher",
          "$option_enabled_binding_name": "#file_watcher_enabled",
          "$toggle_name": "file_watcher"
        }
      },
      {
        "multithreaded_rendering_toggle@settings_common.option_toggle": {
          "$option_label": "options.dev_multithreadedRendering",
          "$option_binding_name": "#multithreaded_rendering",
          "$option_enabled_binding_name": "#multithreaded_rendering_enabled",
          "$toggle_name": "multithreaded_rendering",
          "bindings": [
            {
              "binding_name": "#show_multithreaded_rendering",
              "binding_name_override": "#visible"
            }
          ]
        }
      },
      {
        "async_texture_loads_toggle@settings_common.option_toggle": {
          "$option_label": "options.dev_asyncTextureLoads",
          "$option_binding_name": "#async_texture_loads",
          "$option_enabled_binding_name": "#async_texture_loads_enabled",
          "$toggle_name": "async_texture_loads",
          "bindings": [
            {
              "binding_name": "#show_async_texture_loads",
              "binding_name_override": "#visible"
            }
          ]
        }
      },
      {
        "show_async_missing_texture_toggle@settings_common.option_toggle": {
          "$option_label": "options.dev_showAsyncMissingTexture",
          "$option_binding_name": "#async_missing_texture",
          "$option_enabled_binding_name": "#async_missing_texture_enabled",
          "$toggle_name": "async_missing_texture",
          "bindings": [
            {
              "binding_name": "#show_async_missing_texture",
              "binding_name_override": "#visible"
            }
          ]
        }
      },
      {

        "vr_brightness_slider@settings_common.option_slider": {
          "$option_label": "#vr_gamma_slider_label",
          "$slider_name": "vr_gamma",
          "$slider_value_binding_name": "#vr_gamma",
          "$slider_tts_text_value": "#vr_gamma_text_value",
          "$option_enabled_binding_name": "#vr_gamma_enabled",
          "$label_bindings": [
            {
              "binding_name": "$option_label"
            }
          ]
        }
      },
      {

        "option_toggle_vrhidehand@settings_common.option_toggle": {
          "$option_label": "options.vrHideHand",
          "$option_binding_name": "#vr_hide_hand",
          "$option_enabled_binding_name": "#vr_hide_hand_enabled",
          "$toggle_name": "vr_hide_hand"
        }
      },
      {
        "field_of_view_toggle@settings_common.option_toggle": {
          "$option_label": "options.fov.toggle",
          "$option_binding_name": "#field_of_view_toggle",
          "$option_enabled_binding_name": "#field_of_view_toggle_enabled",
          "$toggle_name": "field_of_view_toggle"
        }
      },
      {
        "super_fancy_panel": {
          "type": "panel",
          "size": [ "100%", "100%c + 4px" ],

          "controls": [
            {
              "super_fancy_section": {
                "type": "image",
                "anchor_from": "top_middle",
                "anchor_to": "top_middle",
                "size": [ "100% - 4px", "100%c + 6px" ],
                "alpha": 0.5,
                "texture": "textures/ui/Banners",
                "controls": [
                  {
                    "super_fancy_contents": {
                      "type": "stack_panel",
                      "size": [ "100% - 6px", "100%c - 4px" ],
                      "controls": [
                        {
                          "atmospherics_toggle@settings_common.option_toggle": {
                            "$option_label": "options.atmosphericsEnable",
                            "$option_binding_name": "#atmospherics",
                            "$option_enabled_binding_name": "#atmospherics_enabled",
                            "$toggle_name": "atmospherics"
                          }
                        },
                        {
                          "edge_highlight_toggle@settings_common.option_toggle": {
                            "$option_label": "options.edgeHighlightEnable",
                            "$option_binding_name": "#edge_highlight",
                            "$option_enabled_binding_name": "#edge_highlight_enabled",
                            "$toggle_name": "edge_highlight"
                          }
                        },
                        {
                          "bloom_toggle@settings_common.option_toggle": {
                            "$option_label": "options.bloomEnable",
                            "$option_binding_name": "#bloom",
                            "$option_enabled_binding_name": "#bloom_enabled",
                            "$toggle_name": "bloom"
                          }
                        },
                        {
                          "terrain_shadows_toggle@settings_common.option_toggle": {
                            "$option_label": "options.terrainShadowsEnable",
                            "$option_binding_name": "#terrain_shadows",
                            "$option_enabled_binding_name": "#terrain_shadows_enabled",
                            "$toggle_name": "terrain_shadows"
                          }
                        },
                        {
                          "super_fancy_water_toggle@settings_common.option_toggle": {
                            "$option_label": "options.superFancyWaterEnable",
                            "$option_binding_name": "#super_fancy_water",
                            "$option_enabled_binding_name": "#super_fancy_water_enabled",
                            "$toggle_name": "super_fancy_water"
                          }
                        }
                      ]
                    }
                  }
                ]
              }
            }
          ]
        }
      },
      { 
        "vr_render_distance_slider@settings_common.option_slider": {
          "ignored": "($is_holographic)",
          "$option_label": "#vr_render_distance_slider_label",
          "$slider_name": "vr_render_distance",
          "$slider_value_binding_name": "#vr_render_distance",
          "$slider_tts_text_value": "#vr_render_distance_text_value",
          "$option_enabled_binding_name": "#vr_render_distance_enabled",
          "$slider_steps_binding_name": "#vr_render_distance_steps",
          "$label_bindings": [
            {
              "binding_name": "$option_label"
            }
          ]
        }
      },
      { 
        "selector_group_lable_1@settings_common.selector_group_label":{
          "text":" Particle Render Distance"
        }
      },
      {           
        "particle_render_distance_slider@settings_common.option_slider": {
          "$option_label": "#particle_render_distance_slider_label",
          "$slider_name": "particle_render_distance",
          "$slider_value_binding_name": "#particle_render_distance",
          "$slider_tts_text_value": "#particle_render_distance_text_value",
          "$option_enabled_binding_name": "#particle_render_distance_enabled",
          "$label_bindings": [
            {
              "binding_name": "$option_label"
            }
          ]
        }
      },
      {
        "selector_group_lable_1@settings_common.selector_group_label":{
          "text":" Entity Render Distance"
        }
      },
      { 
        "vr_particle_render_distance_slider@settings_common.option_slider": {
          "$option_label": "#entity_render_distance_slider_label",
          "$slider_name": "entity_render_distance",
          "$slider_value_binding_name": "#entity_render_distance",
          "$slider_tts_text_value": "#entity_render_distance_text_value",
          "$option_enabled_binding_name": "#entity_render_distance_enabled",
          "$label_bindings": [
            {
              "binding_name": "$option_label"
            }
          ]
        }
      },
      { 
        "msaa_slider@settings_common.option_slider": {
          "$option_label": "#msaa_slider_label",
          "$slider_name": "msaa",
          "$slider_value_binding_name": "#msaa",
          "$slider_tts_text_value": "#msaa_text_value",
          "$option_enabled_binding_name": "#msaa_enabled",
          "$slider_steps_binding_name": "#msaa_steps",
          "$label_bindings": [
            {
              "binding_name": "$option_label"
            }
          ]
        }
      },
      {
        "vr_msaa_slider@settings_common.option_slider": {
          "$option_label": "#vr_msaa_slider_label",
          "$slider_name": "vr_msaa",
          "$slider_value_binding_name": "#vr_msaa",
          "$slider_tts_text_value": "#vr_msaa_text_value",
          "$option_enabled_binding_name": "#vr_msaa_enabled",
          "$slider_steps_binding_name": "#vr_msaa_steps",
          "$label_bindings": [
            {
              "binding_name": "$option_label"
            }
          ]
        }
      },
      {
        "texel_anti_aliasing_toggle@settings_common.option_toggle": {
          "$option_label": "options.texelAA",
          "$option_binding_name": "#texel_aa",
          "$option_enabled_binding_name": "#texel_aa_enabled",
          "$toggle_name": "texel_aa"
        }
      },
      {
        "vr_3d_rendering@settings_common.option_toggle": {
          "ignored": "($is_holographic)",
          "$option_label": "options.3DRendering",
          "$option_binding_name": "#vr_3d_rendering",
          "$option_enabled_binding_name": "#vr_3d_rendering_enabled",
          "$toggle_name": "vr_3d_rendering"
        }
      },
      {
        "vr_mirror_texture@settings_common.option_toggle": {
          "ignored": "($is_holographic)",
          "$option_label": "options.vrMirrorTexture",
          "$option_binding_name": "#vr_mirror_texture",
          "$option_enabled_binding_name": "#vr_mirror_texture_enabled",
          "$toggle_name": "vr_mirror_texture"
        }
      },
      {
        "enable_coin_debug_switch_toggle@settings_common.option_toggle": {
          "$option_label": "options.dev_switch_coin_debug",
          "$option_binding_name": "#switch_coin_debug",
          "$option_enabled_binding_name": "#switch_coin_debug_enabled",
          "$toggle_name": "switch_coin_debug",
          "bindings": [
            {
              "binding_name": "#show_switch_coin_debug",
              "binding_name_override": "#visible"
            }
          ]
        }
      },
      {
                  "vsync_dropdown@settings_common.option_dropdown": {
          "$option_label": "options.vsync",
          "$dropdown_content": "general_section.vysnc_dropdown_content",
          "$dropdown_area": "content_area",
          "$dropdown_name": "vsync_dropdown",
          "$options_dropdown_toggle_label_binding": "#vsync_dropdown_toggle_label",
          "$option_enabled_binding_name": "#vsync_dropdown_enabled",
          "$dropdown_scroll_content_size": [ "100%", "200%" ]
        }
      },
      { 
        "reset_button@settings_common.action_button": {
          "$pressed_button_name": "button.reset_settings",
          "$button_text": "options.resetSettings",
          "property_bag": {
            "reset_group": "graphics"
          }
        }
      }
    ]
  },

  "ui_profile_dropdown_content@settings_common.option_radio_dropdown_group": {
    "$radio_buttons": [
      {
        "@settings_common.radio_with_label": {
          "$toggle_state_binding_name": "#ui_profile_radio_classic",
          "$radio_label_text": "options.uiprofile.classic"
        }
      },
      {
        "@settings_common.radio_with_label": {
          "$toggle_state_binding_name": "#ui_profile_radio_pocket",
          "$radio_label_text": "options.uiprofile.pocket"
        }
      }
    ]
  },

  "split_screen_dropdown_content@settings_common.option_radio_dropdown_group": {
    "$radio_buttons": [
      {
        "@settings_common.radio_with_label": {
          "$toggle_state_binding_name": "#split_screen_radio_horizontal",
          "$radio_label_text": "options.splitscreen.horizontal"
        }
      },
      {
        "@settings_common.radio_with_label": {
          "$toggle_state_binding_name": "#split_screen_radio_vertical",
          "$radio_label_text": "options.splitscreen.vertical"
        }
      }
    ]
  },

  "third_person_dropdown_content@settings_common.option_radio_dropdown_group": {
    "$radio_buttons": [
      {
        "@settings_common.radio_with_label": {
          "$toggle_state_binding_name": "#thirdperson_radio_first",
          "$radio_label_text": "options.thirdperson.firstperson"
        }
      },
      {
        "@settings_common.radio_with_label": {
          "$toggle_state_binding_name": "#thirdperson_radio_third_back",
          "$radio_label_text": "options.thirdperson.thirdpersonback"
        }
      },
      {
        "@settings_common.radio_with_label": {
          "$toggle_state_binding_name": "#thirdperson_radio_third_front",
          "$radio_label_text": "options.thirdperson.thirdpersonfront"
        }
      }
    ]
  },

  "file_storage_location_content@settings_common.option_radio_dropdown_group": {
    "$radio_buttons": [
      {
        "file_storage_location_option_external@settings_common.radio_with_label": {
          "$toggle_state_binding_name": "#storage_location_radio_external",
          "$radio_label_text": "options.filelocation.external"
        }
      },
      {
        "file_storage_location_option_appdata@settings_common.radio_with_label": {
          "$toggle_state_binding_name": "#storage_location_radio_package",
          "$radio_label_text": "options.filelocation.appdata"
        }
      }
    ]
  },

      }
    ]
  },
