{
  "namespace": "mods_settings",
  "mods_button@settings_common.section_toggle_base": {
    "$toggle_view_binding_name": "mods_button_toggle",
    "$glyph_texture": "textures/ui/automation_glyph",
    "$glyph_color_texture": "textures/ui/automation_glyph_color",
    "$glyph_size": [ 17, 17 ],
    "$button_text": "Mods",
    "$toggle_property_bag": {
      "#panel_title": "Mods"
    }
  },
    
  "mods_settings": {
    "type": "stack_panel",
    "size": [ "100%", "100%c" ],
    "anchor_from": "top_left",
    "anchor_to": "top_left",
    "bindings": [
      {
        "binding_type": "view",
        "source_control_name": "mods_button_toggle",
        "source_property_name": "#toggle_state",
        "target_property_name": "#visible"
      }
    ],
    "controls": [
      {
 "header@how_to_play_common.header": {
"$text": "Mods Settings"
        }
      },
{ 
"togglecrouchcontroller@settings_common.option_toggle": { 
"$option_label": "Toggle Crouch For Controller", 
"$option_binding_name": "#controller_toggle_crouch", 
"$option_enabled_binding_name": "#controller_toggle_crouch_enabled", 
"$toggle_name": "controller_toggle_crouch", 
"$focus_override_right": "FOCUS_OVERRIDE_STOP" 
} 
},
{ 
"keyboardtogglecrouch@settings_common.option_toggle": { 
"$option_label": "Toggle Crouch For Pc", 
"$option_binding_name": "#keyboard_mouse_toggle_crouch", 
"$option_enabled_binding_name": "#keyboard_mouse_toggle_crouch_enabled", 
"$toggle_name": "keyboard_mouse_toggle_crouch" 
} 
},
{
 "view_bobbing_toggle@settings_common.option_toggle": {
          "ignored": "($is_holographic and $is_reality_mode and not $is_pregame)",
          "$option_label": "keystroke animation",
          "$option_binding_name": "#view_bobbing",
          "$option_enabled_binding_name": "#view_bobbing_enabled",
          "$toggle_name": "view_bobbing"
        }
      },
                {
        "fullscreen_toggle@settings_common.option_toggle": {
          "$show_fullscreen_toggle|default": true,
          "$option_label": "Full Screen",
          "$option_binding_name": "#full_screen",
          "$option_enabled_binding_name": "#full_screen_enabled",
          "$toggle_name": "full_screen"
        }
      },
      { 
        "graphics_toggle@settings_common.option_toggle": {
          "ignored": "($is_holographic)",
          "$option_label": "Realistic trees",
          "$option_binding_name": "#graphics_toggle",
          "$option_enabled_binding_name": "#graphics_toggle_enabled",
          "$toggle_name": "graphics_toggle"
        }
      },
      {
             "outline_selection_toggle@settings_common.option_toggle": {
          "$option_label": "Rgb Block hit",
          "$option_binding_name": "#classic_box_selection",
          "$option_enabled_binding_name": "#classic_box_selection_enabled",
          "$toggle_name": "classic_box_selection"
        }
      },
   {
 "fancy_clouds_toggle@settings_common.option_toggle": {
          "$option_label": "Cool Skies",
          "$option_binding_name": "#fancy_skies",
          "$option_enabled_binding_name": "#fancy_skies_enabled",
          "$toggle_name": "fancy_skies"
}
},
{
"section_divider_0": {
"type": "image",
"size": [ "100%", 2 ],
"anchor_from": "left",
"anchor_to": "left",
"layer": 3,
"texture": "textures/ui/list_item_divider_line_light"
}
},
{
"section_divider_1": {
"type": "image",
"size": [ "100%", 10 ],
"anchor_from": "left",
"anchor_to": "left",
"layer": 3,
"texture": "textures/ui/control"
}
},
{
"max_framerate_slider@settings_common.option_slider": {
"ignored": "($is_holographic)",
"$option_label": "#max_framerate_slider_label",
"$slider_name": "max_framerate",
"$slider_value_binding_name": "#max_framerate",
"$slider_tts_text_value": "#max_framerate_text_value",
"$option_enabled_binding_name": "#max_framerate_enabled",
"$slider_steps_binding_name": "#max_framerate_steps",
"$label_bindings": [
{
"binding_name": "$option_label"
          }
        }
      }
    ]
  },