
{
  "namespace": "music_settings",
  
"music_button@settings_common.section_toggle_base": {
    "$toggle_view_binding_name": "music_button_toggle",
    "$glyph_texture": "textures/ui/settings/creator_glyph",
    "$glyph_color_texture": "textures/ui/settings/music",
    "$glyph_size": [ 17, 17 ],
    "$button_text": "Music",
    "$toggle_property_bag": {
      "#panel_title": "Music"
    }
  },
    
  "music_settings": {
    "type": "stack_panel",
    "size": [ "100%", "100%c" ],
    "anchor_from": "top_left",
    "anchor_to": "top_left",
    "bindings": [
      {
        "binding_type": "view",
        "source_control_name": "music_button_toggle",
        "source_property_name": "#toggle_state",
        "target_property_name": "#visible"
      }
    ],
    "controls": [
      {
 "header@how_to_play_common.header": {
"$text": "Music Settings"
        }
      },
      {
          "music@settings_common.link_button": {
          "$button_text": "§lMusic 1 (Boom Music)",
          "sound_name": "phone.music.1"
          }
          },
          {
         "music@settings_common.link_button": {
          "$button_text": "§lMusic 2 (Boom Music)",
          "sound_name": "phone.music.2"
          }
          },
          {
         "music@settings_common.link_button": {
          "$button_text": "§lMusic 3 (Boom Music)",
          "sound_name": "phone.music.3"
          }
          },
          {
         "music@settings_common.link_button": {
          "$button_text": "§lMusic 4 (Boom Music)",
          "sound_name": "phone.music.4"
          }
          },
          {
         "music@settings_common.link_button": {
          "$button_text": "§lMusic 5 (Boom Music)",
          "sound_name": "phone.music.5"
          }
          },
      {
 "header@how_to_play_common.header": {
"$text": "Music Volume"
        }
      },
                {
       "option_slider_2@settings_common.option_slider": {
          "$slider_name": "sound_volume",
          "$slider_value_binding_name": "#sound_volume",
          "$slider_tts_text_value": "#sound_volume_text_value",
          "$option_enabled_binding_name": "#sound_volume_enabled",
          "$label_bindings": [
            {
              "binding_name": "$option_label"
        }
      }
    ]
  }
}