{
  "namespace": "quick_settings",
  "quick_button@settings_common.section_toggle_base": {
    "$toggle_view_binding_name": "quick_button_toggle",
    "$glyph_texture": "textures/ui/settings/quick",
    "$glyph_color_texture": "textures/ui/settings/quick",
    "$glyph_size": [ 17, 17 ],
    "$button_text": "Quick Settings",
    "$toggle_property_bag": {
      "#panel_title": "Quick Settings"
    }
  },
    
  "quick_settings": {
    "type": "stack_panel",
    "size": [ "100%", "100%c" ],
    "anchor_from": "top_left",
    "anchor_to": "top_left",
    "bindings": [
      {
        "binding_type": "view",
        "source_control_name": "quick_button_toggle",
        "source_property_name": "#toggle_state",
        "target_property_name": "#visible"
      }
    ],
    "controls": [
      {
                   "field_of_view_slider@settings_common.option_slider": {
         "$ignored": "($is_holographic and $is_reality_mode and not $is_pregame)",
          "$option_label": "#field_of_view_slider_label",
          "$slider_name": "field_of_view",
          "$slider_value_binding_name": "#field_of_view",
          "$option_enabled_binding_name": "#field_of_view_enabled",
          "$label_bindings": [
            {
               "binding_name": "#field_of_view_slider_label"
            }
          ]
        }
      },
      {
                  "perspective_dropdown@settings_common.option_dropdown": {
          "$option_label": "options.thirdperson",
          "ignored": "($is_holographic and $is_reality_mode)",
          "$dropdown_content": "general_section.third_person_dropdown_content",
          "$dropdown_area": "content_area",
          "$dropdown_name": "third_person_dropdown",
          "$option_enabled_binding_name": "#third_person_dropdown_enabled",
          "$options_dropdown_toggle_label_binding": "#third_person_dropdown_toggle_label",
          "$dropdown_scroll_content_size": [ "100%", "200%" ]
        }
      },
      {
        "option_toggle_3@settings_common.option_toggle": {
          "ignored": "($is_holographic and $is_reality_mode and not $is_pregame)",
          "$option_label": "options.viewBobbing",
          "$option_binding_name": "#view_bobbing",
          "$option_enabled_binding_name": "#view_bobbing_enabled",
          "$toggle_name": "view_bobbing"
        }
      },
      {
        "option_toggle_4@settings_common.option_toggle": {
          "$option_label": "options.hidepaperdoll",
          "$option_binding_name": "#hide_paperdoll",
          "$option_enabled_binding_name": "#hide_paperdoll_enabled",
          "$toggle_name": "hide_paperdoll"
        }
      },
      {
        "option_toggle_5@settings_common.option_toggle": {
          "$option_label": "options.ingamePlayerNames",
          "$option_binding_name": "#ingame_player_names",
          "$option_enabled_binding_name": "#ingame_player_names_enabled",
          "$toggle_name": "ingame_player_names"
        }
      },
      {
        "option_toggle_6@settings_common.option_toggle": {
          "$option_label": "options.splitscreenIngamePlayerNames",
          "$option_binding_name": "#splitscreen_ingame_player_names",
          "$option_enabled_binding_name": "#splitscreen_ingame_player_names_enabled",
          "$toggle_name": "splitscreen_ingame_player_names"
        }
      },
      {
        "field_of_view_toggle_7@settings_common.option_toggle": {
          "$option_label": "options.fov.toggle",
          "$option_binding_name": "#field_of_view_toggle",
          "$option_enabled_binding_name": "#field_of_view_toggle_enabled",
          "$toggle_name": "field_of_view_toggle"
              }
            ]
          }
        },
        {
        "selector_group_lable_1@settings_common.selector_group_label": {
          "text": " "
          }
        }
      }
    ]
  },