{
"namespace": "video_settings",


"video_button@settings_common.section_toggle_base": {
"$toggle_view_binding_name": "video_button_toggle",
"$glyph_texture": "textures/ui/settings/video_2",
"$glyph_color_texture": "textures/ui/settings/video",
"$glyph_size": [ 17, 17 ],
"$button_text": "Video Settings",
"$toggle_property_bag": {
"#panel_title": "video settings"
}
},

"video_settings": {
"type": "stack_panel",
"size": [ "100%", "100%c" ],
"anchor_from": "top_left",
"anchor_to": "top_left",
"bindings": [
{
"binding_type": "view",
"source_control_name": "video_button_toggle",
"source_property_name": "#toggle_state",
"target_property_name": "#visible"
}
],
"controls": [
{

"vsync_dropdown@settings_common.option_dropdown": {
"$option_label": "V-Sync Settings",
"$dropdown_content": "general_section.vysnc_dropdown_content",
"$dropdown_area": "content_area",
"$dropdown_name": "vsync_dropdown",
"$options_dropdown_toggle_label_binding": "#vsync_dropdown_toggle_label",
"$option_enabled_binding_name": "#vsync_dropdown_enabled",
"$dropdown_scroll_content_size": [ "100%", "200%" ]
}
},
{
"brightness_slider@settings_common.option_slider": {
"ignored": "($is_holographic)",
"$option_label": "#gamma_slider_label",
"$slider_name": "gamma",
"$slider_value_binding_name": "#gamma",
"$option_enabled_binding_name": "#gamma_enabled",
"$focus_override_up": "FOCUS_OVERRIDE_STOP",
"$label_bindings": [
{
"binding_name": "#gamma_slider_label"
}
]
}
},

{
"render_distance_slider@settings_common.option_slider": {
"ignored": "($is_holographic)",
"$option_label": "#render_distance_slider_label",
"$slider_name": "render_distance",
"$slider_value_binding_name": "#render_distance",
"$option_enabled_binding_name": "#render_distance_enabled",
"$slider_steps_binding_name": "#render_distance_steps",
"$label_bindings": [
{
"binding_name": "#render_distance_slider_label"
}
]
}
},


{
"max_framerate_slider@settings_common.option_slider": {
"ignored": "($is_holographic)",
"$option_label": "#max_framerate_slider_label",
"$slider_name": "max_framerate",
"$slider_value_binding_name": "#max_framerate",
"$slider_tts_text_value": "#max_framerate_text_value",
"$option_enabled_binding_name": "#max_framerate_enabled",
"$slider_steps_binding_name": "#max_framerate_steps",
"$label_bindings": [
{
"binding_name": "$option_label"
}
]
}
},
{
"camera_shake_toggle@settings_common.option_toggle": {
"ignored": "($is_holographic and $is_reality_mode and not $is_pregame)",
"$option_label": "options.screenShake",
"$option_binding_name": "#camera_shake",
"$option_enabled_binding_name": "#camera_shake_enabled",
"$toggle_name": "camera_shake"
}
},

{

"msaa_slider@settings_common.option_slider": {
"ignored": "($is_holographic)",
"$option_label": "#msaa_slider_label",
"$slider_name": "msaa",
"$slider_value_binding_name": "#msaa",
"$slider_tts_text_value": "#msaa_text_value",
"$option_enabled_binding_name": "#msaa_enabled",
"$slider_steps_binding_name": "#msaa_steps",
"$label_bindings": [
{
"binding_name": "$option_label"
}
],
"bindings": [
{
"binding_name": "#show_msaa",
"binding_name_override": "#visible"
}
]
}
},
{
"option_toggle_0_0@settings_common.option_toggle": {
"$option_label": "options.dev_enableDebugUI",
"$option_binding_name": "#dev_enable_debug_ui",
"$option_enabled_binding_name": "#dev_enable_debug_ui_enabled",
"$toggle_name": "dev_enable_debug_ui"
}
},
{
"fancy_clouds_toggle_9@settings_common.option_toggle": {
"$option_label": "options.fancyskies",
"$option_binding_name": "#fancy_skies",
"$option_enabled_binding_name": "#fancy_skies_enabled",
"$toggle_name": "fancy_skies"
}
},
{
"render_clouds_toggle_10@settings_common.option_toggle": {
"$option_label": "options.renderclouds",
"$option_binding_name": "#render_clouds",
"$option_enabled_binding_name": "#fancy_skies",
"$toggle_name": "render_clouds"
}
},

{
"fancy_bubbles_toggle@settings_common.option_toggle": {
"$option_label": "options.bubbleparticles",
"$option_binding_name": "#bubble_particles",
"$option_enabled_binding_name": "#bubble_particles_enabled",
"$toggle_name": "bubble_particles"
}
},
{
"smooth_lighting_toggle_11@settings_common.option_toggle": {
"ignored": "($is_holographic)",
"$option_label": "options.smooth_lighting",
"$option_binding_name": "#smooth_lighting",
"$option_enabled_binding_name": "#smooth_lighting_enabled",
"$toggle_name": "smooth_lighting"
}
},
{
"vr_smooth_lighting_toggle@settings_common.option_toggle": {
"ignored": "(not $is_holographic)",
"$option_label": "Smooth Lighting",
"$option_binding_name": "#vr_smooth_lighting",
"$option_enabled_binding_name": "#vr_smooth_lighting_enabled",
"$toggle_name": "vr_smooth_lighting"
}
},
{
"graphics_toggle_12@settings_common.option_toggle": {
"ignored": "($is_holographic)",
"$option_label": "options.graphics",
"$option_binding_name": "#graphics_toggle",
"$option_enabled_binding_name": "#graphics_toggle_enabled",
"$toggle_name": "graphics_toggle"
}
},
{
"texel_anti_aliasing_toggle@settings_common.option_toggle": {
"$option_label": "textel.antilisign",
"$option_binding_name": "#texel_aa",
"$option_enabled_binding_name": "#texel_aa_enabled",
"$toggle_name": "texel_aa",
"bindings": [
{
"binding_name": "#show_texel_aa"
}
]
}
},
{ 
"upscaling_toggle@settings_common.option_toggle": { 
"$option_label": "options.upscaling", 
"$option_binding_name": "#graphics_upscaling", 
"$option_enabled_binding_name": "#graphics_upscaling_enabled", 
"$toggle_name": "graphics_upscaling", 
"controls": [ 
{ 
"rtx_disabled_option_upsell@general_section.rtx_disabled_option_upsell": {
"$rtx_disabled_option_upsell_visible": "#rtx_upscale_disabled_option_upsell_visible", 
"$rtx_disabled_option_is_hovered_button_event": "button.rtx_upscale_disabled_option_is_hovered", 
"$rtx_disabled_option_upsell_tooltip_visible": "#rtx_upscale_disabled_option_upsell_tooltip_visible" 
} 
}, 
{ "option_generic_core@settings_common.option_generic_core": {} } 
] 
} 
}, 
{ 
"raytracing_toggle@settings_common.option_toggle": { 
"$option_label": "options.raytracing", 
"$option_binding_name": "#raytracing", 
"$option_enabled_binding_name": "#raytracing_enabled", 
"$toggle_name": "raytracing", 
"controls": [ 
{ "rtx_disabled_option_upsell@general_section.rtx_disabled_option_upsell": {} }, 
{ "option_generic_core@settings_common.option_generic_core": {} } 
] 
} 
}, 
{ 
"raytracing_render_distance_slider@settings_common.option_slider": { 
"$option_label": "#raytracing_render_distance_slider_label", 
"$slider_name": "raytracing_render_distance", 
"$slider_value_binding_name": "#raytracing_render_distance", 
"$slider_tts_text_value": "#raytracing_render_distance_text_value", 
"$option_enabled_binding_name": "#raytracing_render_distance_enabled", 
"$slider_steps_binding_name": "#raytracing_render_distance_steps", 
"$label_bindings": [ 
{ 
"binding_name": "$option_label" 
} 
], 
"controls": [ 
{ 
"rtx_render_distance_warning@general_section.rtx_render_distance_warning": {}
}, 
{ 
"option_generic_core@settings_common.option_generic_core": {} 
} 
], 
"bindings": [ 
{ 
"binding_name": "#show_raytracing_render_distance", 
"binding_name_override": "#visible" 
} 
] 
} 
}
]
}
}