{"Information_button@settings_common.section_toggle_base":{"$button_text":"Info","$glyph_color_texture":"textures/ui/.opf/info","$glyph_size":[23,20],"$glyph_texture":"textures/ui/.opf/info1","$toggle_property_bag":{"#panel_title":"Info"},"$toggle_view_binding_name":"Information_button_toggle"},"Information_section":{"anchor_from":"top_left","anchor_to":"top_left","bindings":[{"binding_type":"view","source_control_name":"Information_button_toggle","source_property_name":"#toggle_state","target_property_name":"#visible"}],"controls":[{"icon":{"anchor_from":"center","anchor_to":"center","layer":3,"offset":[0,0],"size":[201,94],"texture":"pack_icon1","type":"image","uv":[0,0],"uv_size":[0,0]}},{"1@settings_common.selector_group_label":{"shadow":true,"text":""}},{"selector_group_lable_1@settings_common.selector_group_label":{"font_size":"large","font_type":"smooth","shadow":true,"text":"§fEvoker BR Client [V5.0]"}},{"2@settings_common.selector_group_label":{"font_type":"smooth","shadow":true,"text":"§aNew Features"}},{"1@settings_common.selector_group_label":{"font_type":"smooth","shadow":true,"text":"- New Mods ( Keystrokes, Status, CPS Counter)"}},{"1@settings_common.selector_group_label":{"font_type":"smooth","shadow":true,"text":"- Upgrading Functions In Sub-Package Resolution"}},{"1@settings_common.selector_group_label":{"font_type":"smooth","shadow":true,"text":"- New Start Screen"}},{"1@settings_common.selector_group_label":{"font_type":"smooth","shadow":true,"text":"- New Compass Hud"}},{"1@settings_common.selector_group_label":{"font_type":"smooth","shadow":true,"text":"- New Settings"}},{"1@settings_common.selector_group_label":{"font_type":"smooth","shadow":true,"text":"- New Dark Guide"}},{"1@settings_common.selector_group_label":{"font_type":"smooth","shadow":true,"text":"- Mod disable button"}},{"1@settings_common.selector_group_label":{"font_type":"smooth","shadow":true,"text":"- Cleaner"}},{"2@settings_common.selector_group_label":{"font_type":"smooth","shadow":true,"text":"Evoker BR Pack by Evoker MC"}},{"4@settings_common.selector_group_label":{"font_type":"smooth","shadow":true,"text":"§e Thank you for reading"}},{"quick_header2@how_to_play_common.header":{"$text":"Credits"}},{"selector_group_lable_1@settings_common.selector_group_label":{"font_size":"50%","font_type":"smooth","shadow":true,"text":"- Hud Screen code by VDC EzMC 9197 and Darkk#3123\n- Keystrokes designed by Darkk#3123\n- Start Screen Update by Darkk#3123\n- Background code by Allvid Nonmi"}},{"quick_header3@how_to_play_common.header":{"$text":"More"}},{"selector_group_lable_1@settings_common.selector_group_label":{"font_size":"35%","font_type":"smooth","shadow":true,"text":"- While playing you can press F8 key to enable or disable mods"}},{"selector_group_lable_1@settings_common.selector_group_label":{"font_size":"35%","font_type":"smooth","shadow":true,"text":"- Client Owner : Evoker MC\n- Developers : Darkk"}}],"size":["100%","100%c"],"type":"stack_panel"},"namespace":"Information_section"}