{"mods_setup_button@settings_common.section_toggle_base":{"$button_text":"Mods","$glyph_color_texture":"textures/ui/.opf/mods_icon","$glyph_size":[23,20],"$glyph_texture":"textures/ui/.opf/mods_icon1","$toggle_property_bag":{"#panel_title":"Mods"},"$toggle_view_binding_name":"mods_setup_button_toggle"},"mods_setup_section":{"anchor_from":"top_left","anchor_to":"top_left","bindings":[{"binding_type":"view","source_control_name":"mods_setup_button_toggle","source_property_name":"#toggle_state","target_property_name":"#visible"}],"controls":[{"outline_selection_toggle@settings_common.option_toggle":{"$option_binding_name":"#classic_box_selection","$option_enabled_binding_name":"#classic_box_selection_enabled","$option_label":"options.classic_box_selection","$toggle_name":"classic_box_selection"}},{"mods_toggle@settings_common.option_toggle":{"$option_binding_name":"#hide_paperdoll","$option_enabled_binding_name":"#hide_paperdoll_enabled","$option_label":"D I S A B L E   M O D S","$toggle_name":"hide_paperdoll"}},{"view_bobbing_toggle@settings_common.option_toggle":{"$option_binding_name":"#view_bobbing","$option_enabled_binding_name":"#view_bobbing_enabled","$option_label":"Walking animation","$toggle_name":"view_bobbing","ignored":"($is_holographic and $is_reality_mode and not $is_pregame)"}},{"1@settings_common.selector_group_label":{"font_size":"60%","font_type":"smooth","shadow":true,"text":"Please only press once the music can play after a few seconds"}},{"2@settings_common.selector_group_label":{"font_size":"60%","font_type":"smooth","shadow":true,"text":"Currently there is no button to turn off the music, so when you have played the music, you must listen to the entire song then the music will turn off."}},{"2@settings_common.selector_group_label":{"font_size":"60%","font_type":"smooth","shadow":true,"text":"When you haven't finished listening to this song, but you have played another song, there will be a sound error that overlaps"}},{"3@settings_common.selector_group_label":{"font_type":"smooth","shadow":true,"text":"§aMusic [ 1 ]"}},{"play_sounds1@common_buttons.light_text_button":{"$button_text":"Play music ( Press only once )","$pressed_button_name":"button.play_sound","size":[180,24],"sound_name":"evoker.client1","sound_pitch":1,"sound_volume":1}},{"3@settings_common.selector_group_label":{"font_type":"smooth","shadow":true,"text":"§aMusic [ 2 ]"}},{"play_sounds2@common_buttons.light_text_button":{"$button_text":"Play music ( Press only once )","$pressed_button_name":"button.play_sound","size":[180,24],"sound_name":"evoker.client2","sound_pitch":1,"sound_volume":1}},{"3@settings_common.selector_group_label":{"font_type":"smooth","shadow":true,"text":"§aMusic [ 3 ]"}},{"play_sounds3@common_buttons.light_text_button":{"$button_text":"Play music ( Press only once )","$pressed_button_name":"button.play_sound","size":[180,24],"sound_name":"evoker.client3","sound_pitch":1,"sound_volume":1}},{"3@settings_common.selector_group_label":{"font_type":"smooth","shadow":true,"text":"You can change to another song as long as the song format is .ogg and make sure the song filename matches the song filename you want to replace"}}],"size":["100%","100%c"],"type":"stack_panel"},"namespace":"mods_setup_section"}