{"namespace":"performance_section","performance_button@settings_common.section_toggle_base":{"$button_text":"FPS ✓","$glyph_color_texture":"textures/ui/.opf/z","$glyph_size":[20,20],"$glyph_texture":"textures/ui/.opf/z","$toggle_property_bag":{"#panel_title":"Performance"},"$toggle_view_binding_name":"performance_button_toggle"},"performance_section":{"anchor_from":"top_left","anchor_to":"top_left","bindings":[{"binding_type":"view","source_control_name":"performance_button_toggle","source_property_name":"#toggle_state","target_property_name":"#visible"}],"controls":[{"msaa_slider@settings_common.option_slider":{"$label_bindings":[{"binding_name":"$option_label"}],"$option_enabled_binding_name":"#msaa_enabled","$option_label":"#msaa_slider_label","$slider_name":"msaa","$slider_steps_binding_name":"#msaa_steps","$slider_tts_text_value":"#msaa_text_value","$slider_value_binding_name":"#msaa"}},{"max_framerate_slider@settings_common.option_slider":{"$label_bindings":[{"binding_name":"$option_label"}],"$option_enabled_binding_name":"#max_framerate_enabled","$option_label":"#max_framerate_slider_label","$slider_name":"max_framerate","$slider_steps_binding_name":"#max_framerate_steps","$slider_tts_text_value":"#max_framerate_text_value","$slider_value_binding_name":"#max_framerate"}},{"texel_anti_aliasing_toggle@settings_common.option_toggle":{"$option_binding_name":"#texel_aa","$option_enabled_binding_name":"#texel_aa_enabled","$option_label":"options.texelAA","$toggle_name":"texel_aa"}},{"vr_3d_rendering@settings_common.option_toggle":{"$option_binding_name":"#vr_3d_rendering","$option_enabled_binding_name":"#vr_3d_rendering_enabled","$option_label":"options.3DRendering","$toggle_name":"vr_3d_rendering"}},{"vsync_dropdown@settings_common.option_dropdown":{"$dropdown_area":"content_area","$dropdown_content":"general_section.vysnc_dropdown_content","$dropdown_name":"vsync_dropdown","$dropdown_scroll_content_size":["100%","200%"],"$option_enabled_binding_name":"#vsync_dropdown_enabled","$option_label":"options.vsync","$options_dropdown_toggle_label_binding":"#vsync_dropdown_toggle_label"}},{"section_divider3":{"anchor_from":"center","anchor_to":"center","layer":3,"size":["100%",1],"texture":"textures/ui/list_item_divider_line_light","type":"image"}},{"1@settings_common.selector_group_label":{"font_size":"15%","font_type":"smooth","shadow":true,"text":"For good game performance you should do the following"}},{"1@settings_common.selector_group_label":{"font_size":"15%","font_type":"smooth","shadow":true,"text":"- Should turn off some graphics"}},{"1@settings_common.selector_group_label":{"font_size":"15%","font_type":"smooth","shadow":true,"text":"- Optimize ram, close applications and software running in the background"}},{"1@settings_common.selector_group_label":{"font_size":"15%","font_type":"smooth","shadow":true,"text":"- Install common resource packs with some other resource packs."}}],"size":["95%","100%c"],"type":"stack_panel"}}