{"namespace":"screen_section","screen_mode_setting_button@settings_common.section_toggle_base":{"$button_text":"View Settings","$glyph_color_texture":"textures/ui/.opf/view","$glyph_size":[16,16],"$glyph_texture":"textures/ui/.opf/view_hover","$toggle_property_bag":{"#panel_title":"View Settings"},"$toggle_view_binding_name":"screen_mode_setting_button_toggle"},"screen_mode_setting_section":{"anchor_from":"top_left","anchor_to":"top_left","bindings":[{"binding_type":"view","source_control_name":"screen_mode_setting_button_toggle","source_property_name":"#toggle_state","target_property_name":"#visible"}],"controls":[{"brightness_slider@settings_common.option_slider":{"$focus_override_up":"FOCUS_OVERRIDE_STOP","$label_bindings":[{"binding_name":"$option_label"}],"$option_enabled_binding_name":"#gamma_enabled","$option_label":"#gamma_slider_label","$slider_name":"gamma","$slider_tts_text_value":"#gamma_text_value","$slider_value_binding_name":"#gamma","ignored":"($is_holographic)"}},{"vr_brightness_slider@settings_common.option_slider":{"$label_bindings":[{"binding_name":"$option_label"}],"$option_enabled_binding_name":"#vr_gamma_enabled","$option_label":"#vr_gamma_slider_label","$slider_name":"vr_gamma","$slider_tts_text_value":"#vr_gamma_text_value","$slider_value_binding_name":"#vr_gamma","ignored":"(not $is_holographic)"}},{"fullscreen_toggle@settings_common.option_toggle":{"$option_binding_name":"#full_screen","$option_enabled_binding_name":"#full_screen_enabled","$option_label":"options.fullscreen","$show_fullscreen_toggle|default":true,"$toggle_name":"full_screen"}},{"option_toggle_hidehand@settings_common.option_toggle":{"$option_binding_name":"#hide_hand","$option_enabled_binding_name":"#hide_hand_enabled","$option_label":"options.hidehand","$toggle_name":"hide_hand","ignored":"($is_holographic)"}},{"option_toggle_vrhidehand@settings_common.option_toggle":{"$option_binding_name":"#vr_hide_hand","$option_enabled_binding_name":"#vr_hide_hand_enabled","$option_label":"options.vrHideHand","$toggle_name":"vr_hide_hand","ignored":"(not $is_holographic)"}},{"option_toggle_hidehud@settings_common.option_toggle":{"$option_binding_name":"#hide_hud","$option_enabled_binding_name":"#hide_hud_enabled","$option_label":"options.hidehud","$toggle_name":"hide_hud","ignored":"($is_holographic)"}},{"option_toggle_vrhidehud@settings_common.option_toggle":{"$option_binding_name":"#vr_hide_hud","$option_enabled_binding_name":"#vr_hide_hud_enabled","$option_label":"options.vrHideHud","$toggle_name":"vr_hide_hud","ignored":"(not $is_holographic)"}},{"option_toggle_screen_animations@settings_common.option_toggle":{"$option_binding_name":"#screen_animations","$option_enabled_binding_name":"#screen_animations_enabled","$option_label":"options.screenAnimations","$toggle_name":"screen_animations","bindings":[{"binding_name":"#screen_animations_visible","binding_name_override":"#visible"}],"ignored":"($is_holographic)"}},{"hud_opacity_slider@settings_common.option_slider":{"$label_bindings":[{"binding_name":"$option_label"}],"$option_enabled_binding_name":"#interface_opacity_enabled","$option_label":"#interface_opacity_slider_label","$slider_name":"interface_opacity","$slider_tts_text_value":"#interface_opacity_text_value","$slider_value_binding_name":"#interface_opacity"}},{"splitscreen_hud_opacity_slider@settings_common.option_slider":{"$label_bindings":[{"binding_name":"$option_label"}],"$option_enabled_binding_name":"#splitscreen_interface_opacity_enabled","$option_label":"#splitscreen_interface_opacity_slider_label","$slider_name":"splitscreen_interface_opacity","$slider_tts_text_value":"#splitscreen_interface_opacity_text_value","$slider_value_binding_name":"#splitscreen_interface_opacity","ignored":"(not $can_splitscreen)"}},{"setup_safe_zone":{"controls":[{"action_button@settings_common.action_button":{"$button_text":"options.safeZone.title","$pressed_button_name":"setup_safe_zone_button","anchor_from":"top_right","anchor_to":"top_right"}}],"ignored":"(not $supports_user_configured_safezone or (not $is_pregame))","size":["100%",32],"type":"panel"}},{"split_screen_dropdown@settings_common.option_dropdown":{"$dropdown_area":"content_area","$dropdown_content":"general_section.split_screen_dropdown_content","$dropdown_name":"split_screen_dropdown","$dropdown_scroll_content_size":["100%","145%"],"$option_enabled_binding_name":"#split_screen_dropdown_enabled","$option_label":"options.splitscreen","$options_dropdown_toggle_label_binding":"#split_screen_dropdown_toggle_label"}},{"option_toggle_15@settings_common.option_toggle":{"$option_binding_name":"#vr_classic_box_selection","$option_enabled_binding_name":"#vr_classic_box_selection_enabled","$option_label":"options.vr_classic_box_selection","$toggle_name":"vr_classic_box_selection","ignored":"(not $is_holographic)"}},{"player_names_toggle@settings_common.option_toggle":{"$option_binding_name":"#ingame_player_names","$option_enabled_binding_name":"#ingame_player_names_enabled","$option_label":"options.ingamePlayerNames","$toggle_name":"ingame_player_names"}},{"splitscreen_player_names_toggle@settings_common.option_toggle":{"$option_binding_name":"#splitscreen_ingame_player_names","$option_enabled_binding_name":"#splitscreen_ingame_player_names_enabled","$option_label":"options.splitscreenIngamePlayerNames","$toggle_name":"splitscreen_ingame_player_names"}},{"ui_profile_dropdown@settings_common.option_dropdown":{"$dropdown_area":"content_area","$dropdown_content":"general_section.ui_profile_dropdown_content","$dropdown_name":"ui_profile_dropdown","$dropdown_scroll_content_size":["100%","145%"],"$option_enabled_binding_name":"#ui_profile_dropdown_enabled","$option_label":"options.uiprofile","$options_dropdown_toggle_label_binding":"#ui_profile_dropdown_toggle_label","ignored":"($console_edition)"}},{"gui_scale_slider@settings_common.option_slider":{"$label_bindings":[{"binding_name":"$option_label"}],"$option_enabled_binding_name":"#gui_scale_enabled","$option_label":"#gui_scale_slider_label","$slider_name":"gui_scale","$slider_steps_binding_name":"#gui_scale_steps","$slider_tts_text_value":"#gui_scale_text_value","$slider_value_binding_name":"#gui_scale","bindings":[{"binding_name":"#gui_scale_visible","binding_name_override":"#visible"}]}}],"size":["100%","100%c"],"type":"stack_panel"}}