{"achievement_icon":{"anchor_from":"top_left","anchor_to":"top_left","layer":6,"offset":[3,27],"size":[16,16],"texture":"textures/ui/achievement_icon","type":"image"},"button_label":{"bindings":"$button_bindings","color":"white","font_type":"smooth","layer":8,"max_size":["100% - 4px","100% - 4px"],"shadow":true,"text":"$button_text","type":"label"},"client_button":{"controls":[{"play_button@EV_start_gui.play_root_button":{"$button_text":"Play","$pressed_button_name":"button.menu_play","anchor_from":"bottom_middle","anchor_to":"bottom_middle","layer":4,"offset":[0,-2],"size":[130,30]}},{"cre@EV_start_gui.options_root_button":{"$button_text":"Info","$hover_button_texture|default":"textures/ui/evoker_br_client/options_hover","$pressed_button_name":"button.menu_buy_game","$pressed_button_texture|default":"textures/ui/evoker_br_client/options_hover","anchor_from":"top_left","anchor_to":"top_left","layer":4,"offset":[105,3],"size":[80,20]}},{"multiplayer@EV_start_gui.options_root_button":{"$button_text":"Multiplayer","$hover_button_texture|default":"textures/ui/evoker_br_client/options_hover","$pressed_button_name":"button.menu_play","$pressed_button_texture|default":"textures/ui/evoker_br_client/options_hover","anchor_from":"top_left","anchor_to":"top_left","layer":4,"offset":[195,3],"size":[80,20]}},{"Settings_button@EV_start_gui.options_root_button":{"$button_text":"Options","$pressed_button_name":"button.menu_settings","anchor_from":"bottom_left","anchor_to":"bottom_left","layer":4,"offset":[0,-2],"offset":[5,-3],"size":[80,20]}},{"exit@EV_start_gui.play_root_button":{"$button_text":"X","$pressed_button_name":"button.menu_exit","anchor_from":"top_right","anchor_to":"top_right","layer":4,"offset":[0,0],"offset":[0,0],"size":[25,25]}},{"nametags_panel@EV_start_gui.nametags":{}},{"Welcome_text@EV_start_gui.Welcome_text":{}}],"type":"panel"},"client_version":{"anchor_from":"bottom_right","anchor_to":"bottom_right","bindings":[{"binding_name":"#version"}],"font_type":"smooth","layer":7,"max_size":["100%","100%"],"offset":[-5,-6.5],"size":["default",10],"text":"Evoker BR Client v5.0","type":"label"},"content@light_button_content":{"$middle_content":"EV_start_gui.start_screen_menu_panel","$top_content":"EV_start_gui.top_menu_panel"},"cosmetics_icon":{"anchor_from":"top_left","anchor_to":"top_left","layer":6,"offset":[3,76],"size":[18,18],"texture":"textures/ui/cosmetics","type":"image"},"development_version":{"anchor_from":"center","anchor_to":"center","bindings":[{"binding_name":"#development_version"}],"color":"$main_header_text_color","layer":2,"max_size":["100%","100%"],"size":["default",10],"text":"#development_version","type":"label"},"icon":{"anchor_from":"left_middle","anchor_to":"left_middle","layer":1,"offset":[-295,0],"size":[520,840],"texture":"textures/BG/bg","type":"image"},"icon2":{"anchor_from":"bottom_middle","anchor_to":"bottom_middle","layer":1,"offset":[2,17],"size":[972,52],"texture":"textures/BG/bg(1)","type":"image"},"icon3":{"anchor_from":"top_middle","anchor_to":"top_middle","layer":1,"offset":[2,-19],"size":[972,52],"texture":"textures/BG/bg(1)","type":"image"},"labels_pnl":{"anchor_from":"bottom_right","anchor_to":"bottom_right","controls":[{"version@EV_start_gui.version":{}},{"client_version@EV_start_gui.client_version":{}}],"offset":[0,-2],"size":["100%-2px",10],"type":"panel"},"light_button_content":{"$has_borders|default":true,"controls":[{"light_content":{"controls":[{"middle_panel":{"controls":[{"clips_children_panel":{"clips_children":true,"controls":[{"middle_content@$middle_content":{"disable_anim_fast_forward":true,"propagate_alpha":true}}],"type":"panel"}}],"size":"$middle_content_size","type":"panel"}}],"size":["100%","100%"],"type":"stack_panel"}}],"size":["100%","100%"],"type":"panel"},"market_icon":{"anchor_from":"top_left","anchor_to":"top_left","layer":6,"offset":[3,50],"size":[20,20],"texture":"textures/ui/market_icon","type":"image"},"namespace":"EV_start_gui","nametags":{"anchor_from":"top_left","anchor_to":"top_left","controls":[{"stacked_column":{"controls":[{"gamertag_pic_and_label":{"controls":[{"gamerpic_with_border":{"controls":[{"gamerpic":{"bindings":[{"binding_name":"#gamerpic_texture_path","binding_name_override":"#texture"},{"binding_name":"#gamerpic_texture_location_type","binding_name_override":"#texture_file_system"}],"layer":8,"offset":[0,2],"size":[14,13],"type":"image"}}],"size":["100%c","100%"],"type":"panel"}},{"spacer":{"size":[1,0],"type":"panel"}},{"label_panel":{"controls":[{"gamertag_label":{"alpha":0.8,"bindings":[{"binding_name":"#gamertag_label"}],"color":[1,1,1],"font_type":"smooth","layer":2,"offset":[0,"25%"],"shadow":true,"size":["default","110%"],"text":"#gamertag_label","type":"label"}}],"size":["100%c","100%"],"type":"panel"}}],"orientation":"horizontal","size":[10,10],"type":"stack_panel"}}],"offset":[-20,5],"orientation":"horizontal","size":["100%","100%"],"type":"stack_panel"}},{"nametagtextures":{"layer":7,"offset":[-1,-1],"size":[85,102],"texture":"textures/ui/evoker_br_client/name","type":"image"}}],"offset":[25,6],"size":[55,26],"type":"panel"},"options":{"$button_bindings|default":[],"$custom_content|default":"","$default|default":false,"$hover|default":false,"$locked|default":false,"$pressed|default":false,"controls":[{"button_custom_content@$custom_content":{}},{"default_button_content@EV_start_gui.button_label":{"visible":"($custom_content = '')"}}],"type":"image"},"options_icon":{"anchor_from":"bottom_left","anchor_to":"bottom_left","layer":6,"offset":[3,-3],"size":[20,20],"texture":"textures/ui/options_icon","type":"image"},"options_root_button@common.button":{"controls":[{"default@EV_start_gui.options":{"$default":true,"$default_alpha|default":1,"alpha":"$default_alpha","texture":"textures/ui/evoker_br_client/options"}},{"hover@EV_start_gui.options":{"$hover":true,"$hover_button_texture|default":"textures/ui/evoker_br_client/options_hover","disable_anim_fast_forward":true,"propagate_alpha":true,"texture":"$hover_button_texture"}},{"pressed@EV_start_gui.options":{"$pressed":true,"$pressed_button_texture|default":"textures/ui/evoker_br_client/options_hover","size":["100%","100%"],"texture":"$pressed_button_texture"}}]},"pack_icon_image":{"controls":[{"title_image":{"anchor_from":"center","anchor_to":"center","layer":4,"offset":[-1,-66],"size":["22%",62],"texture":"textures/ui/optifine","type":"image"}}],"type":"panel"},"play":{"$button_bindings|default":[],"$custom_content|default":"","$default|default":false,"$hover|default":false,"$locked|default":false,"$pressed|default":false,"controls":[{"button_custom_content@$custom_content":{}},{"default_button_content@EV_start_gui.button_label":{"visible":"($custom_content = '')"}}],"type":"image"},"play_root_button@common.button":{"controls":[{"default@EV_start_gui.play":{"$default":true,"$default_alpha|default":1,"alpha":"$default_alpha","texture":"textures/ui/evoker_br_client/light_button"}},{"hover@EV_start_gui.play":{"$hover":true,"$hover_button_texture|default":"textures/ui/evoker_br_client/light_button_hover","disable_anim_fast_forward":true,"propagate_alpha":true,"texture":"$hover_button_texture"}},{"pressed@EV_start_gui.play":{"$pressed":true,"$pressed_button_texture|default":"textures/ui/evoker_br_client/light_button_hover","size":["100%","100%"],"texture":"$pressed_button_texture"}}]},"root_section":{"font_type":"smooth","layer":-33,"size":[132,23],"text":"$button_text","type":"label"},"spacer_panel":{"size":["100%",5],"type":"panel"},"start_screen_buttons_light":{"anchor_from":"top_left","anchor_to":"top_left","controls":[{"achievements_button@options_root_button":{"$button_text":"§f          Achievements","$hover_button_texture|default":"textures/ui/evoker_br_client/options_hover","$pressed_button_name":"button.menu_achievements","$pressed_button_texture|default":"textures/ui/evoker_br_client/options_hover","size":[80,20]}},{"spacer_1@spacer_panel":{}},{"marketplace_button@options_root_button":{"$button_text":"§f       Marketplace","$hover_button_texture|default":"textures/ui/evoker_br_client/options_hover","$pressed_button_name":"button.menu_store","$pressed_button_texture|default":"textures/ui/evoker_br_client/options_hover","size":[80,20]}},{"spacer_1@spacer_panel":{}},{"profile_button@options_root_button":{"$button_text":"§f     Cosmetics","$hover_button_texture|default":"textures/ui/evoker_br_client/options_hover","$pressed_button_name":"button.to_profile_screen","$pressed_button_texture|default":"textures/ui/evoker_br_client/options_hover","size":[80,20]}}],"offset":[3,25],"size":["15","default"],"type":"stack_panel"},"start_screen_menu_panel":{"controls":[{"start_screen_menu_panel_content":{"anchor_from":"center","anchor_to":"center","controls":[{"start_screen_buttons_panel_center":{"controls":[{"start_screen_buttons_light@start_screen_buttons_light":{"layer":4}},{"client_button@client_button":{}},{"pack_icon_image@pack_icon_image":{}},{"icon_background@icon":{}},{"Vs@version_icon":{}},{"icon_background2@icon2":{}},{"icon_background3@icon3":{}},{"market@market_icon":{}},{"cosmetics@cosmetics_icon":{}},{"achievement_icon@achievement_icon":{}},{"options_icon@options_icon":{}},{"labels_pnl@labels_pnl":{}}],"size":["100%","100%"],"type":"panel"}}],"orientation":"horizontal","size":["100%","100%"],"type":"stack_panel"}}],"type":"panel"},"version":{"anchor_from":"bottom_left","anchor_to":"bottom_left","bindings":[{"binding_name":"#version"}],"font_type":"smooth","layer":6,"max_size":["100%","100%"],"offset":[147,-6.5],"text":"#version","type":"label"},"version_icon":{"anchor_from":"bottom_left","anchor_to":"bottom_left","layer":6,"offset":[115,-3],"size":[20,20],"texture":"textures/ui/version_icon","type":"image"},"Welcome_text":{"alpha":0.8,"anchor_from":"top_left","anchor_to":"top_left","font_type":"smooth","layer":2,"offset":[5,0],"shadow":true,"text":"Welcome","type":"label"}}