{"chat_header@common_store.store_top_bar":{"$back_button_text":"controller.buttonTip.back","anchor_from":"top_left","anchor_to":"top_left","controls":[{"title_panel":{"controls":[{"title@chat.title_text":{"bindings":[{"binding_name":"#chat_title_visible","binding_name_override":"#visible"}]}},{"popup_dialog_factory":{"control_ids":{"toast_message":"@chat.popup_toast"},"type":"factory"}},{"chat_header_content_area":{"anchor_from":"top_middle","anchor_to":"top_middle","bindings":[{"binding_name":"#chat_coordinate_dropdown_visible","binding_name_override":"#visible","binding_type":"global"}],"controls":[{"coordinate_dropdown@chat.coordinate_dropdown":{"size":[100,20]}},{"coordinates_panel":{"controls":[{"coordinates_background_image":{"anchor_from":"center","anchor_to":"center","controls":[{"coordinates_text":{"bindings":[{"binding_name":"#coordinates_text","binding_name_override":"#text"}],"color":"$main_header_text_color","layer":2,"size":["default",10],"text":"#text","type":"label"}}],"layer":1,"min_size":[160,12],"size":["100%c + 14px",12],"texture":"textures/ui/lightgreybars","type":"image"}}],"size":["100%c",16],"type":"panel"}},{"copy_coordinate_button@chat.copy_coordinate_button":{"size":[16,16]}},{"paste_button@chat.paste_button":{"size":[16,16]}}],"offset":[0,1],"orientation":"horizontal","size":["100%c",60],"type":"stack_panel"}}],"size":["100%",20],"type":"panel"}}]},"chat_screen@common.base_screen":{"$screen_bg_content":"chat.chat_background","$screen_content":"chat.chat_screen_content_dlx","button_mappings":[{"from_button_id":"button.menu_exit","mapping_type":"global","to_button_id":"button.chat_menu_cancel"},{"from_button_id":"button.menu_cancel","mapping_type":"global","to_button_id":"button.chat_menu_cancel"}],"close_on_player_hurt":false},"chat_screen_content":{"controls":[{"messages_panel@chat.messages_scrolling_panel":{}},{"chat_bottom_panel@chat.chat_bottom_panel":{"layer":2}},{"chat_top_panel@chat.chat_header":{"layer":2}},{"autocomplete_commands_panel@chat.commands_panel":{"layer":3}},{"host_main_panel@host_options.host_panel":{"layer":4}},{"popup_factory@chat_settings.popup_factory":{}},{"autofill@common_buttons.light_text_button":{"$button_text":"Complete","$pressed_button_name":"button.chat_autocomplete","anchor_from":"bottom_right","anchor_to":"bottom_right","offset":[0,-28],"size":[85,20]}},{"autofill1@common_buttons.light_text_button":{"$button_text":"Previous","$pressed_button_name":"button.chat_previous_message","anchor_from":"bottom_right","anchor_to":"bottom_right","offset":[0,-50],"size":[85,20]}}],"type":"panel"},"chat_screen_content_dlx@common_dialogs.main_panel_no_buttons":{"$child_control":"chat.chat_screen_content","$show_close_button":true,"$text_name":"Chat","layer":25,"size":["95%","95%"]},"namespace":"chat"}