{"large_chest_panel":{"controls":[{"container_gamepad_helpers@common.container_gamepad_helpers":{}},{"flying_item_renderer@common.flying_item_renderer":{"layer":11}},{"selected_item_details_factory@common.selected_item_details_factory":{"control_name":"@chest.selected_item_details"}},{"item_lock_notification_factory@common.item_lock_notification_factory":{"control_name":"@common.item_lock_notification"}},{"root_panel@common.root_panel":{"controls":[{"common_panel@common.common_panel":{}},{"chest_panel":{"bindings":[{"binding_type":"view","source_control_name":"asa_auto_place_mode","source_property_name":"(not #toggle_state)","target_property_name":"#visible"}],"controls":[{"large_chest_panel_top_half@chest.large_chest_panel_top_half":{}},{"inventory_panel_bottom_half_with_label@common.inventory_panel_bottom_half_with_label":{}},{"hotbar_grid@common.hotbar_grid_template":{}},{"inventory_take_progress_icon_button@common.inventory_take_progress_icon_button":{}}],"layer":5,"type":"panel"}},{"inventory_selected_icon_button@common.inventory_selected_icon_button":{}},{"gamepad_cursor@common.gamepad_cursor_button":{}},{"asa_auto_place_toggle@ev_template_toggles.inventory_mode":{"$button_text":"Auto Place","$toggle_group_forced_index":3,"$toggle_view_binding_name":"asa_auto_place_mode","anchor_from":"top_right","anchor_to":"top_right","offset":[72,5],"size":[70,20]}},{"chest_panel_with_auto_plc":{"$button_ref":"asa_auto_place.asa_auto_place_slot","bindings":[{"binding_type":"view","source_control_name":"asa_auto_place_mode","source_property_name":"#toggle_state","target_property_name":"#visible"}],"controls":[{"large_chest_panel_top_half@chest.large_chest_panel_top_half":{}},{"inventory_panel_bottom_half_with_label@common.inventory_panel_bottom_half_with_label":{}},{"hotbar_grid@common.hotbar_grid_template":{}},{"inventory_take_progress_icon_button@common.inventory_take_progress_icon_button":{}}],"layer":5,"type":"panel"}},{"drop_one_faster_button_mapping":{"$button_ref":"crafting.dr_bt_mp","bindings":[{"binding_type":"view","source_control_name":"dr_faster_pnl","source_property_name":"#toggle_state","target_property_name":"#visible"}],"controls":[{"large_chest_panel_top_half@chest.large_chest_panel_top_half":{}},{"inventory_panel_bottom_half_with_label@common.inventory_panel_bottom_half_with_label":{}},{"hotbar_grid@common.hotbar_grid_template":{}},{"inventory_take_progress_icon_button@common.inventory_take_progress_icon_button":{}}],"layer":6,"type":"panel"}},{"drop_one_faster@ev_template_toggles.inventory_mode":{"$button_text":"Drop One","$toggle_group_forced_index":2,"$toggle_view_binding_name":"dr_faster_pnl","anchor_from":"top_right","anchor_to":"top_right","offset":[72,27],"size":[70,20]}},{"df_mode@ev_template_toggles.inventory_mode":{"$button_text":"Default","$toggle_default_state":true,"$toggle_group_forced_index":0,"$toggle_view_binding_name":"null","anchor_from":"top_right","anchor_to":"top_right","offset":[72,50],"size":[70,20]}},{"paperdoll_render_img":{"anchor_from":"bottom_right","anchor_to":"bottom_right","controls":[{"hud_player":{"layer":2,"offset":[0,-9],"renderer":"live_player_renderer","size":[26,26],"type":"custom"}}],"layer":2,"offset":[72,0],"size":[70,85],"texture":"textures/ui/dialog_background_hollow_4_thin","type":"image"}},{"paperdoll_render_imgx":{"anchor_from":"bottom_right","anchor_to":"bottom_right","layer":1,"offset":[67,-5],"size":[60,75],"texture":"textures/ui/banners_dark","type":"image"}}],"layer":1,"size":[176,220]}}],"type":"panel"},"namespace":"chest","small_chest_panel":{"controls":[{"container_gamepad_helpers@common.container_gamepad_helpers":{}},{"flying_item_renderer@common.flying_item_renderer":{"layer":14}},{"selected_item_details_factory@common.selected_item_details_factory":{}},{"item_lock_notification_factory@common.item_lock_notification_factory":{}},{"root_panel@common.root_panel":{"controls":[{"common_panel@common.common_panel":{}},{"chest_panel":{"bindings":[{"binding_type":"view","source_control_name":"asa_auto_place_mode","source_property_name":"(not #toggle_state)","target_property_name":"#visible"}],"controls":[{"small_chest_panel_top_half@chest.small_chest_panel_top_half":{}},{"inventory_panel_bottom_half_with_label@common.inventory_panel_bottom_half_with_label":{}},{"hotbar_grid@common.hotbar_grid_template":{}},{"inventory_take_progress_icon_button@common.inventory_take_progress_icon_button":{}}],"layer":5,"type":"panel"}},{"chest_panel_with_auto_plc":{"$button_ref":"asa_auto_place.asa_auto_place_slot","bindings":[{"binding_type":"view","source_control_name":"asa_auto_place_mode","source_property_name":"#toggle_state","target_property_name":"#visible"}],"controls":[{"small_chest_panel_top_half@chest.small_chest_panel_top_half":{}},{"inventory_panel_bottom_half_with_label@common.inventory_panel_bottom_half_with_label":{}},{"hotbar_grid@common.hotbar_grid_template":{}},{"inventory_take_progress_icon_button@common.inventory_take_progress_icon_button":{}}],"layer":5,"type":"panel"}},{"inventory_selected_icon_button@common.inventory_selected_icon_button":{}},{"gamepad_cursor@common.gamepad_cursor_button":{}},{"asa_auto_place_toggle@ev_template_toggles.inventory_mode":{"$button_text":"Auto Place","$toggle_group_forced_index":3,"$toggle_view_binding_name":"asa_auto_place_mode","anchor_from":"top_right","anchor_to":"top_right","offset":[72,5],"size":[70,20]}},{"drop_one_faster_button_mapping":{"$button_ref":"crafting.dr_bt_mp","bindings":[{"binding_type":"view","source_control_name":"dr_faster_pnl","source_property_name":"#toggle_state","target_property_name":"#visible"}],"controls":[{"small_chest_panel_top_half@chest.small_chest_panel_top_half":{}},{"inventory_panel_bottom_half_with_label@common.inventory_panel_bottom_half_with_label":{}},{"hotbar_grid@common.hotbar_grid_template":{}},{"inventory_take_progress_icon_button@common.inventory_take_progress_icon_button":{}}],"layer":6,"type":"panel"}},{"drop_one_faster@ev_template_toggles.inventory_mode":{"$button_text":"Drop One","$toggle_group_forced_index":2,"$toggle_view_binding_name":"dr_faster_pnl","anchor_from":"top_right","anchor_to":"top_right","offset":[72,27],"size":[70,20]}},{"df_mode@ev_template_toggles.inventory_mode":{"$button_text":"Default","$toggle_default_state":true,"$toggle_group_forced_index":0,"$toggle_view_binding_name":"null","anchor_from":"top_right","anchor_to":"top_right","offset":[72,50],"size":[70,20]}},{"paperdoll_render_img":{"anchor_from":"bottom_right","anchor_to":"bottom_right","controls":[{"hud_player":{"layer":2,"offset":[0,-9],"renderer":"live_player_renderer","size":[26,26],"type":"custom"}}],"layer":2,"offset":[72,0],"size":[70,85],"texture":"textures/ui/dialog_background_hollow_4_thin","type":"image"}},{"paperdoll_render_imgx":{"anchor_from":"bottom_right","anchor_to":"bottom_right","layer":1,"offset":[67,-5],"size":[60,75],"texture":"textures/ui/banners_dark","type":"image"}}],"layer":1}}],"type":"panel"}}