{"header2":{"controls":[{"header@how_to_play_common.header_background2":{}}],"size":["100%","28px"],"type":"panel"},"header_background2":{"anchor_from":"bottom_middle","anchor_to":"bottom_middle","anims":["background.ev_anims_color"],"controls":[{"header_label":{"anchor_from":"center","anchor_to":"center","color":"$body_text_color","layer":1,"max_size":["95%",10],"text":"$text","text_alignment":"center","type":"label"}}],"offset":[0,"-2px"],"size":["100%","20px"],"texture":"textures/ui/light_button_banner","type":"image"},"namespace":"how_to_play_common"}