{"chat_panel":{"anchor_from":"top_left","anchor_to":"top_left","bindings":[{"binding_type":"view","source_control_name":"chat_pnl","source_property_name":"(not #toggle_state)","target_property_name":"#visible"}],"controls":[{"stack_panel":{"anchor_from":"bottom_left","anchor_to":"bottom_left","factory":{"control_ids":{"chat_item":"chat_item@hud.chat_grid_item"},"max_children_size":50,"name":"chat_item_factory"},"type":"stack_panel"}}],"max_size":["100%","50%"],"size":["100%","100%c"],"type":"panel"},"content_panel":{"controls":[{"utilities":{"anchor_from":"top_left","anchor_to":"top_left","bindings":[{"binding_type":"view","source_control_name":"utilities_settings","source_property_name":"#toggle_state","target_property_name":"#visible"}],"controls":[{"armor_hud@common_toggles.light_text_toggle1":{"$button_text":"Armor Hud","$toggle_view_binding_name":"v_armor_hud_tg","size":[25,20]}},{"space_1":{"size":[4,4],"type":"panel"}},{"cp_cl@common_toggles.light_text_toggle1":{"$button_text":"Compass & Clock","$toggle_view_binding_name":"v_toolbox_tg","size":[25,20]}},{"space_2":{"size":[4,4],"type":"panel"}},{"i_pr@common_toggles.light_text_toggle1":{"$button_text":"§f       Durability Percent Item","$checked_locked_texture":"textures/ui/toggle_on","$default_texture":"textures/ui/button_texture/toggle_off","$hover_texture":"textures/ui/button_texture/toggle_on","$pressed_no_hover_texture":"textures/ui/button_texture/toggle_on_hover","$pressed_texture":"textures/ui/button_texture/toggle_off_hover","$toggle_view_binding_name":"endurance_counter","$unchecked_locked_texture":"textures/ui/button_texture/toggle_off","size":[25,20]}},{"space_3":{"size":[4,4],"type":"panel"}},{"anti@common_toggles.light_text_toggle1":{"$button_text":"Recovery Compass","$checked_locked_texture":"textures/ui/toggle_on","$default_texture":"textures/ui/button_texture/toggle_off","$hover_texture":"textures/ui/button_texture/toggle_on","$pressed_no_hover_texture":"textures/ui/button_texture/toggle_on_hover","$pressed_texture":"textures/ui/button_texture/toggle_off_hover","$toggle_view_binding_name":"anti_crash","$unchecked_locked_texture":"textures/ui/button_texture/toggle_off","size":[25,20]}},{"space_4":{"size":[4,4],"type":"panel"}},{"paper_doll@common_toggles.light_text_toggle1":{"$button_text":"Paper Doll","$checked_locked_texture":"textures/ui/toggle_on","$default_texture":"textures/ui/button_texture/toggle_off","$hover_texture":"textures/ui/button_texture/toggle_on","$pressed_no_hover_texture":"textures/ui/button_texture/toggle_on_hover","$pressed_texture":"textures/ui/button_texture/toggle_off_hover","$toggle_view_binding_name":"paper_doll_panel","$unchecked_locked_texture":"textures/ui/button_texture/toggle_off","size":[25,20]}},{"pp_dll":{"bindings":[{"binding_type":"view","source_control_name":"paper_doll_panel","source_property_name":"#toggle_state","target_property_name":"#visible"}],"controls":[{"space_5":{"size":[4,4],"type":"panel"}},{"2d@common_toggles.multi_toggle":{"$button_text":"Paper Doll [ 2D ]","$checked_locked_texture":"textures/ui/toggle_on","$default_texture":"textures/ui/button_texture/toggle_off","$hover_texture":"textures/ui/button_texture/toggle_on","$pressed_no_hover_texture":"textures/ui/button_texture/toggle_on_hover","$pressed_texture":"textures/ui/button_texture/toggle_off_hover","$toggle_group_forced_index":0,"$toggle_name":"paper_doll","$toggle_view_binding_name":"2d_paper_doll","$unchecked_locked_texture":"textures/ui/button_texture/toggle_off","size":[25,20]}},{"space_6":{"size":[4,4],"type":"panel"}},{"3d@common_toggles.multi_toggle":{"$button_text":"Paper Doll [ 3D ]","$checked_locked_texture":"textures/ui/toggle_on","$default_texture":"textures/ui/button_texture/toggle_off","$hover_texture":"textures/ui/button_texture/toggle_on","$pressed_no_hover_texture":"textures/ui/button_texture/toggle_on_hover","$pressed_texture":"textures/ui/button_texture/toggle_off_hover","$toggle_group_forced_index":2,"$toggle_name":"paper_doll","$toggle_view_binding_name":"3d_paper_doll","$unchecked_locked_texture":"textures/ui/button_texture/toggle_off","size":[25,20]}}],"type":"stack_panel"}},{"space_5":{"size":[4,4],"type":"panel"}}],"type":"stack_panel"}},{"display":{"anchor_from":"top_left","anchor_to":"top_left","bindings":[{"binding_type":"view","source_control_name":"display_settings","source_property_name":"#toggle_state","target_property_name":"#visible"}],"controls":[{"chat@common_toggles.light_text_toggle1":{"$button_text":"Chat","$toggle_view_binding_name":"chat_pnl","size":[25,20]}},{"space_1":{"size":[4,4],"type":"panel"}},{"bg_ic@common_toggles.light_text_toggle1":{"$button_text":"Vignette","$toggle_view_binding_name":"vignette_tg","size":[25,20]}},{"space_2":{"size":[4,4],"type":"panel"}},{"ef_ic@common_toggles.light_text_toggle1":{"$button_text":"Effect Icon","$toggle_view_binding_name":"v_mob_ef_tg","size":[25,20]}},{"space_3":{"size":[4,4],"type":"panel"}},{"boss_bar@common_toggles.light_text_toggle1":{"$button_text":"Boss Bar","$toggle_view_binding_name":"v_boss_tg","size":[25,20]}},{"space_4":{"size":[4,4],"type":"panel"}},{"item_bg@common_toggles.light_text_toggle1":{"$button_text":"Item Background","$toggle_view_binding_name":"v_item_background","size":[25,20]}}],"type":"stack_panel"}},{"crosshair":{"anchor_from":"top_left","anchor_to":"top_left","bindings":[{"binding_type":"view","source_control_name":"crosshair_edit","source_property_name":"#toggle_state","target_property_name":"#visible"}],"controls":[{"crosshair@common_toggles.light_text_toggle":{"$button_text":"Crosshair","$toggle_view_binding_name":"v_crosshair_tg","size":[126,30]}},{"crosshair1@common_toggles.light_text_toggle_sw_5":{"$button_text":"Crosshair White","$button_type_panel":"common_toggles.template_toggle_txt","$checked_locked_texture":"textures/ui/toggle_on","$default_texture":"textures/ui/button_texture/toggle_off","$hover_texture":"textures/ui/button_texture/toggle_on","$pressed_no_hover_texture":"textures/ui/button_texture/toggle_on_hover","$pressed_texture":"textures/ui/button_texture/toggle_off_hover","$toggle_group_forced_index":0,"$toggle_view_binding_name":"crosshair_white","bindings":[{"binding_type":"view","source_control_name":"v_crosshair_tg","source_property_name":"#toggle_state","target_property_name":"#visible"}],"size":[25,20]}},{"crosshair2@common_toggles.light_text_toggle_sw_5":{"$button_text":"Crosshair Red","$button_type_panel":"common_toggles.template_toggle_txt","$checked_locked_texture":"textures/ui/toggle_on","$default_texture":"textures/ui/button_texture/toggle_off","$hover_texture":"textures/ui/button_texture/toggle_on","$pressed_no_hover_texture":"textures/ui/button_texture/toggle_on_hover","$pressed_texture":"textures/ui/button_texture/toggle_off_hover","$toggle_group_forced_index":2,"$toggle_view_binding_name":"crosshair_red","bindings":[{"binding_type":"view","source_control_name":"v_crosshair_tg","source_property_name":"#toggle_state","target_property_name":"#visible"}],"size":[25,20]}},{"crosshair3@common_toggles.light_text_toggle_sw_5":{"$button_text":"Crosshair Green","$button_type_panel":"common_toggles.template_toggle_txt","$checked_locked_texture":"textures/ui/toggle_on","$default_texture":"textures/ui/button_texture/toggle_off","$hover_texture":"textures/ui/button_texture/toggle_on","$pressed_no_hover_texture":"textures/ui/button_texture/toggle_on_hover","$pressed_texture":"textures/ui/button_texture/toggle_off_hover","$toggle_group_forced_index":3,"$toggle_view_binding_name":"crosshair_green","bindings":[{"binding_type":"view","source_control_name":"v_crosshair_tg","source_property_name":"#toggle_state","target_property_name":"#visible"}],"size":[25,20]}},{"crosshair4@common_toggles.light_text_toggle_sw_5":{"$button_text":"Crosshair Yellow","$button_type_panel":"common_toggles.template_toggle_txt","$checked_locked_texture":"textures/ui/toggle_on","$default_texture":"textures/ui/button_texture/toggle_off","$hover_texture":"textures/ui/button_texture/toggle_on","$pressed_no_hover_texture":"textures/ui/button_texture/toggle_on_hover","$pressed_texture":"textures/ui/button_texture/toggle_off_hover","$toggle_group_forced_index":4,"$toggle_view_binding_name":"crosshair_yellow","bindings":[{"binding_type":"view","source_control_name":"v_crosshair_tg","source_property_name":"#toggle_state","target_property_name":"#visible"}],"size":[25,20]}}],"type":"stack_panel"}},{"music":{"bindings":[{"binding_type":"view","source_control_name":"music_player","source_property_name":"#toggle_state","target_property_name":"#visible"}],"controls":[{"music_1":{"controls":[{"txt_music":{"anchor_from":"left_middle","anchor_to":"left_middle","font_type":"smooth","layer":23,"offset":[4,0],"text":"C418-Sweden","type":"label"}},{"play_music@common_buttons.light_content_button":{"$button_content":"hud.play_music_ic","$pressed_button_name":"button.play_sound","anchor_from":"right_middle","anchor_to":"right_middle","layer":23,"offset":[-26,0],"size":[25,25],"sound_name":"music.pl.x1","sound_volume":1}},{"stop_music@common_buttons.light_content_button":{"$button_content":"hud.stop_music_ic","$pressed_button_name":"button.play_sound","anchor_from":"right_middle","anchor_to":"right_middle","layer":23,"offset":[0,0],"size":[25,25],"sound_name":"music.pl.x1","sound_volume":1.0E-7}}],"size":["100%",26],"texture":"textures/ui/banners_dark","type":"image"}},{"space_1":{"size":[4,4],"type":"panel"}},{"music_2":{"controls":[{"txt_music":{"anchor_from":"left_middle","anchor_to":"left_middle","font_type":"smooth","layer":23,"offset":[4,0],"text":"Đoạn Tuyệt Nàng Đi\n [Không Lời]","type":"label"}},{"play_music@common_buttons.light_content_button":{"$button_content":"hud.play_music_ic","$pressed_button_name":"button.play_sound","anchor_from":"right_middle","anchor_to":"right_middle","layer":23,"offset":[-26,0],"size":[25,25],"sound_name":"music.pl.x2","sound_volume":1}},{"stop_music@common_buttons.light_content_button":{"$button_content":"hud.stop_music_ic","$pressed_button_name":"button.play_sound","anchor_from":"right_middle","anchor_to":"right_middle","layer":23,"offset":[0,0],"size":[25,25],"sound_name":"music.pl.x2","sound_volume":1.0E-7}}],"size":["100%",26],"texture":"textures/ui/banners_dark","type":"image"}},{"space_2":{"size":[4,4],"type":"panel"}},{"music_3":{"controls":[{"txt_music":{"anchor_from":"left_middle","anchor_to":"left_middle","font_type":"smooth","layer":23,"offset":[4,0],"text":"C418-Clark","type":"label"}},{"play_music@common_buttons.light_content_button":{"$button_content":"hud.play_music_ic","$pressed_button_name":"button.play_sound","anchor_from":"right_middle","anchor_to":"right_middle","layer":23,"offset":[-26,0],"size":[25,25],"sound_name":"music.pl.x3","sound_volume":1}},{"stop_music@common_buttons.light_content_button":{"$button_content":"hud.stop_music_ic","$pressed_button_name":"button.play_sound","anchor_from":"right_middle","anchor_to":"right_middle","layer":23,"offset":[0,0],"size":[25,25],"sound_name":"music.pl.x3","sound_volume":1.0E-7}}],"size":["100%",26],"texture":"textures/ui/banners_dark","type":"image"}}],"orientation":"vertical","type":"stack_panel"}}],"size":["100%","100%c"],"type":"panel"},"content_scroll@common.scrolling_panel":{"$scrolling_content":"hud.content_panel","$show_background":false},"hud_content":{"$hud_player_rend_desktop_offset|default":[15,15],"$hud_size":["100%","100%"],"controls":[{"root_panel@hud.root_panel":{}},{"camera_renderer@camera_renderer":{}},{"select_dialog@common_dialogs.v_main_panel_no_buttons":{"$child_control":"hud.select_scroll","$fill_alpha":0,"$show_close_button":false,"$text_name":"§fSelect","anchor_from":"top_left","anchor_to":"top_left","bindings":[{"binding_type":"view","source_control_name":"open_mod_menu","source_property_name":"#toggle_state","target_property_name":"#visible"}],"layer":30,"size":[144,"100% - 22px"]}},{"content_dialog@common_dialogs.v_main_panel_no_buttons":{"$child_control":"hud.content_scroll","$fill_alpha":0,"$show_close_button":false,"$text_name":"§fOptions","anchor_from":"top_right","anchor_to":"top_right","bindings":[{"binding_type":"view","source_control_name":"open_mod_menu","source_property_name":"#toggle_state","target_property_name":"#visible"}],"layer":30,"size":[145,"100%"]}},{"mods_panel":{"controls":[{"mod@common_toggles.light_text_toggle_sw_2":{"$button_text":"","$default_border_visible":false,"$default_texture":"textures/ui/clear_ui","$hover_texture":"textures/ui/clear_ui","$locked_texture":"textures/ui/clear_ui","$pressed_no_hover_texture":"textures/ui/clear_ui","$pressed_texture":"textures/ui/clear_ui","$toggle_group_forced_index":55,"$toggle_view_binding_name":"open_mod_menu","anchor_from":"bottom_left","anchor_to":"bottom_left","layer":8,"size":[20,20]}},{"close_mod@common_toggles.light_text_toggle_sw_2":{"$button_text":"[X] Close","$default_border_visible":false,"$default_texture":"textures/ui/clear_ui","$hover_texture":"textures/ui/clear_ui","$locked_texture":"textures/ui/clear_ui","$pressed_no_hover_texture":"textures/ui/clear_ui","$pressed_texture":"textures/ui/clear_ui","$toggle_group_forced_index":60,"$toggle_view_binding_name":"open_mod_menu","anchor_from":"top_middle","anchor_to":"top_middle","bindings":[{"binding_type":"view","source_control_name":"open_mod_menu","source_property_name":"#toggle_state","target_property_name":"#visible"}],"layer":8,"offset":[0,5],"size":[75,20]}},{"close_img":{"alpha":4,"anchor_from":"bottom_left","anchor_to":"bottom_left","bindings":[{"binding_type":"view","source_control_name":"open_mod_menu","source_property_name":"#toggle_state","target_property_name":"#visible"}],"controls":[{"label":{"font_type":"MinecraftTen","layer":30,"text":"Evoker UI Pack","type":"label"}}],"layer":25,"size":[144,22],"texture":"textures/ui/v_dark_dialog","type":"image"}}],"type":"panel"}}],"size":"$hud_size","type":"panel","variables":[{"$hud_player_rend_desktop_offset":[100,50],"requires":"($is_holographic and not $is_living_room_mode)"},{"$hud_size":["90%","100%"],"requires":"($compress_hud_width)"}]},"hud_player_renderer":{"controls":[{"3d":{"bindings":[{"binding_type":"view","source_control_name":"paper_doll_panel","source_property_name":"#toggle_state","target_property_name":"#visible"}],"controls":[{"hud_player":{"animation_reset_name":"screen_animation_reset","anims":["@common.screen_exit_size_animation_push","@common.screen_exit_size_animation_pop","@common.screen_entrance_size_animation_push","@common.screen_entrance_size_animation_pop"],"bindings":[{"binding_type":"view","source_control_name":"3d_paper_doll","source_property_name":"#toggle_state","target_property_name":"#visible"}],"layer":1,"renderer":"hud_player_renderer","type":"custom"}}],"size":[15,15],"type":"panel"}},{"2d":{"bindings":[{"binding_type":"view","source_control_name":"paper_doll_panel","source_property_name":"#toggle_state","target_property_name":"#visible"}],"controls":[{"hud_player":{"animation_reset_name":"screen_animation_reset","anims":["@common.screen_exit_size_animation_push","@common.screen_exit_size_animation_pop","@common.screen_entrance_size_animation_push","@common.screen_entrance_size_animation_pop"],"bindings":[{"binding_type":"view","source_control_name":"2d_paper_doll","source_property_name":"#toggle_state","target_property_name":"#visible"}],"layer":1,"renderer":"live_player_renderer","type":"custom"}}],"size":[15,15],"type":"panel"}}],"type":"panel"},"hud_screen@common.base_screen":{"$screen_animations":["@common.screen_exit_animation_push_fade","@common.screen_exit_animation_pop_fade","@common.screen_entrance_animation_push_fade","@common.screen_entrance_animation_pop_fade"],"$screen_content":"hud.hud_content","absorbs_input":false,"always_accepts_input":true,"button_mappings":[{"from_button_id":"button.scoreboard","mapping_type":"global","to_button_id":"button.scoreboard"},{"from_button_id":"button.inventory_left","mapping_type":"global","to_button_id":"button.hotbar_inventory_left"},{"from_button_id":"button.inventory_right","mapping_type":"global","to_button_id":"button.hotbar_inventory_right"},{"from_button_id":"button.hide_gui","mapping_type":"global","to_button_id":"button.hide_gui_all"},{"from_button_id":"button.hide_tooltips","mapping_type":"global","to_button_id":"button.hide_tooltips_hud"},{"from_button_id":"button.hide_paperdoll","mapping_type":"global","to_button_id":"button.hide_paperdoll_hud"},{"from_button_id":"button.slot1","mapping_type":"global","to_button_id":"button.slot_1"},{"from_button_id":"button.slot2","mapping_type":"global","to_button_id":"button.slot_2"},{"from_button_id":"button.slot3","mapping_type":"global","to_button_id":"button.slot_3"},{"from_button_id":"button.slot4","mapping_type":"global","to_button_id":"button.slot_4"},{"from_button_id":"button.slot5","mapping_type":"global","to_button_id":"button.slot_5"},{"from_button_id":"button.slot6","mapping_type":"global","to_button_id":"button.slot_6"},{"from_button_id":"button.slot7","mapping_type":"global","to_button_id":"button.slot_7"},{"from_button_id":"button.slot8","mapping_type":"global","to_button_id":"button.slot_8"},{"from_button_id":"button.slot9","mapping_type":"global","to_button_id":"button.slot_9"},{"from_button_id":"button.slot0","mapping_type":"global","to_button_id":"button.slot_0"}],"is_showing_menu":false,"low_frequency_rendering":true,"send_telemetry":false,"should_steal_mouse":true},"item_name_text_root":{"$destroy_id|default":"item_name_text","$show_interact_padding|default":false,"$show_survival_padding|default":false,"$show_text_background|default":false,"$text_binding|default":"#item_text","$text_color|default":"$tool_tip_text","$wait_duration|default":1,"anchor_from":"bottom_middle","anchor_to":"bottom_middle","controls":[{"item_text_aligner":{"controls":[{"item_text_control":{"controls":[{"item_text_background":{"alpha":"@hud.anim_item_name_background_alpha_in","bindings":[{"binding_type":"view","source_control_name":"v_item_background","source_property_name":"(not #toggle_state)","target_property_name":"#visible"}],"ignored":"(not $show_text_background)","size":["100%sm + 12px","100%sm + 5px"],"texture":"textures/ui/hud_tip_text_background","type":"image"}},{"item_text_label":{"alpha":"@hud.anim_item_name_text_alpha_in","bindings":[{"binding_name":"$text_binding","binding_name_override":"#text"}],"color":"$text_color","layer":31,"max_size":[200,"default"],"text":"#text","text_alignment":"center","type":"label"}}],"size":["100%cm","100%cm"],"type":"panel"}},{"interact_padding@common.empty_panel":{"bindings":[{"binding_condition":"always","binding_name":"#interact_visible","binding_name_override":"#visible"}],"size":["100%sm",18],"visible":"$show_interact_padding"}},{"survival_buffer@common.empty_panel":{"bindings":[{"binding_name":"#show_survival_ui","binding_name_override":"#visible"}],"size":["100%sm",17],"visible":"$show_survival_padding"}},{"armor_buffer@common.empty_panel":{"bindings":[{"binding_name":"#is_in_classic_ui_mode_with_visible_armor","binding_name_override":"#visible"}],"size":["100%sm",8],"visible":false}}],"size":["100%cm","100%c"],"type":"stack_panel"}}],"size":["100%cm","100%cm"],"type":"panel"},"namespace":"hud","play_music_ic":{"size":[13,13],"texture":"textures/ui/play_music_ic","type":"image"},"root_panel":{"$xp_control_offset|default":[0,-13],"bindings":[{"binding_name":"#hud_visible","binding_name_override":"#visible","binding_type":"global"},{"binding_name":"#hud_alpha","binding_name_override":"#alpha","binding_type":"global"},{"binding_name":"#hud_propagate_alpha","binding_name_override":"#propagateAlpha","binding_type":"global"}],"controls":[{"left_helpers@$left_helpers":{}},{"right_helpers@hud.right_helpers":{}},{"centered_gui_elements@centered_gui_elements":{}},{"centered_gui_elements_at_bottom_middle@centered_gui_elements_at_bottom_middle":{}},{"centered_ridingvr_gui_elements@centered_gui_elements_at_bottom_middle":{"anchor_from":"top_middle","anchor_to":"top_middle","bindings":[{"binding_name":"#hud_visible_centered_ridingvr","binding_name_override":"#visible","binding_type":"global"}],"offset":[0,60],"size":[180,50]}},{"not_centered_gui_elements@not_centered_gui_elements":{}},{"gamertag_label_for_splitscreen":{"anchor_from":"top_right","anchor_to":"top_right","bindings":[{"binding_name":"#gamertag"}],"color":"$hud_gamertag_color","offset":[-4,4],"size":["default","default"],"text":"#gamertag","text_alignment":"right","type":"label"}},{"exp_rend@exp_progress_bar_and_hotbar":{"anchor_from":"bottom_middle","anchor_to":"bottom_middle","bindings":[{"binding_name":"#hotbar_visible_not_centered","binding_name_override":"#visible","binding_type":"global"}]}},{"hud_tip_text_factory":{"control_name":"@hud.hud_tip_text","type":"factory"}},{"hud_actionbar_text_area":{"factory":{"control_ids":{"hud_actionbar_text":"hud_actionbar_text@hud.hud_actionbar_text"},"name":"hud_actionbar_text_factory"},"type":"panel"}},{"hud_title_text_area":{"factory":{"control_ids":{"hud_title_text":"hud_title_text@hud.hud_title_text"},"name":"hud_title_text_factory"},"type":"panel"}},{"mob_effects_renderer@mob_effects_renderer":{"anchor_from":"center","anchor_to":"center","bindings":[{"binding_type":"view","source_control_name":"v_mob_ef_tg","source_property_name":"(not #toggle_state)","target_property_name":"#visible"}],"offset":[0,24],"size":["100%","75%"]}},{"vignette_rend@vignette_renderer":{"bindings":[{"binding_type":"view","source_control_name":"vignette_tg","source_property_name":"(not #toggle_state)","target_property_name":"#visible"}]}},{"curor_rend@cursor_renderer":{}},{"game_tip@game_tip.game_tip_panel":{"$offset":[0,"-90px"],"offset":"$offset","variables":[{"$offset":[0,"-60px"],"requires":"$pocket_screen"}]}},{"sidebar@scoreboard.scoreboard_sidebar":{"bindings":[{"binding_type":"view","source_control_name":"v_scoreboard_tg","source_property_name":"(not #toggle_state)","target_property_name":"#visible"}]}},{"progress_rend@progress_indicator_renderer":{"offset":["50%","50%"]}},{"boss_health_panel":{"bindings":[{"binding_type":"view","source_control_name":"v_boss_tg","source_property_name":"(not #toggle_state)","target_property_name":"#visible"}],"controls":[{"boss_hud_padding":{"bindings":[{"binding_name":"#boss_hud_padding","binding_name_override":"#visible"}],"size":["100%",20],"type":"panel","visible":"#boss_hud_padding"}},{"boss_hud_panel":{"controls":[{"boss_health_grid@boss_health_grid":{"offset":[0,2]}}],"type":"panel"}}],"orientation":"vertical","size":["100%","100%"],"type":"stack_panel"}},{"save_icon@hud.auto_save":{}},{"armor_hud":{"anchor_from":"bottom_right","anchor_to":"bottom_right","bindings":[{"binding_type":"view","source_control_name":"v_armor_hud_tg","source_property_name":"(not #toggle_state)","target_property_name":"#visible"}],"controls":[{"hud_player":{"layer":1,"renderer":"live_player_renderer","size":[24,24],"type":"custom"}}],"offset":[0,1620],"size":[20,20],"type":"panel"}},{"input_pnl":{"anchor_from":"bottom_left","anchor_to":"bottom_left","controls":[{"touch ":{"bindings":[{"binding_condition":"always","binding_name":"#inventory_touch_button","binding_name_override":"#visible","binding_type":"global"}],"layer":2,"shadow":true,"text":"§eInput : §fTouch","type":"label"}},{"controller":{"bindings":[{"binding_condition":"always","binding_name":"#gamepad_helper_visible","binding_name_override":"#visible","binding_type":"global"}],"layer":2,"shadow":true,"text":"§eInput : §fController","type":"label"}},{"keyboard_mouse":{"bindings":[{"binding_condition":"always","binding_name":"#keyboard_helper_visible","binding_name_override":"#visible","binding_type":"global"}],"layer":2,"shadow":true,"text":"§eInput : §fKeyboard & Mouse","type":"label"}}],"layer":1,"size":["100%c + 6px","100%c + 2px"],"texture":"textures/ui/banners_dark","type":"image"}},{"Toolbox":{"anchor_from":"bottom_left","anchor_to":"bottom_left","bindings":[{"binding_type":"view","source_control_name":"v_toolbox_tg","source_property_name":"(not #toggle_state)","target_property_name":"#visible"}],"controls":[{"recovery_compass":{"bindings":[{"binding_type":"view","source_control_name":"anti_crash","source_property_name":"#toggle_state","target_property_name":"#visible"}],"controls":[{"show_survival_tools_compass2":{"$item":42336256,"property_bag":{"#item_id_aux":"$item"},"renderer":"inventory_item_renderer","size":[16,16],"type":"custom"}}],"size":[16,16],"type":"panel"}},{"show_survival_tools_compass":{"property_bag":{"#item_id_aux":22609920},"renderer":"inventory_item_renderer","size":[16,16],"type":"custom"}},{"show_survival_tools_clocks":{"property_bag":{"#item_id_aux":22740992},"renderer":"inventory_item_renderer","size":[14,14],"type":"custom"}}],"layer":2,"offset":[0,-9],"orientation":"horizontal","size":[45,17],"type":"stack_panel"}},{"chat_stack":{"anchor_from":"top_left","anchor_to":"top_left","controls":[{"paper_doll_padding":{"bindings":[{"binding_name":"#paper_doll_visible","binding_name_override":"#visible"}],"size":["100%",50],"type":"panel"}},{"paper_doll_padding_living_room":{"bindings":[{"binding_name":"#paper_doll_visible_living_room","binding_name_override":"#visible"}],"size":["100%",30],"type":"panel"}},{"vr_riding_chat_padding":{"bindings":[{"binding_name":"#vr_riding","binding_name_override":"#visible"}],"size":["100%",132],"type":"panel","visible":"#vr_riding"}},{"vr_chat_padding":{"bindings":[{"binding_name":"#vr_non_riding","binding_name_override":"#visible"}],"size":["100%",30],"type":"panel","visible":"#vr_non_riding"}},{"non_centered_gui_padding":{"bindings":[{"binding_name":"#hud_visible_not_centered","binding_name_override":"#visible","binding_type":"global"}],"size":["100%",32],"type":"panel"}},{"player_position@hud.player_position":{}},{"chat_panel@hud.chat_panel":{}}],"orientation":"vertical","size":["40%","100%"],"type":"stack_panel"}},{"welcome_to_control_panel_trick":{"bindings":[{"binding_name":"#control_customization_visible","binding_name_override":"#visible","binding_type":"global"}],"controls":[{"lets_go_button@hud.Control_customization_trick_panel":{}},{"welcome_to_control_background_panel@hud.welcome_to_control_background_panel":{}}],"offset":[0,-20],"size":[100,100],"type":"panel"}},{"v_percent":{"bindings":[{"binding_type":"view","source_control_name":"endurance_counter","source_property_name":"#toggle_state","target_property_name":"#visible"}],"controls":[{"percent@hud.v_percent":{}}],"type":"panel"}},{"crosshair_color":{"bindings":[{"binding_type":"view","source_control_name":"v_crosshair_tg","source_property_name":"#toggle_state","target_property_name":"#visible"}],"controls":[{"Crosshair":{"anchor_from":"center","anchor_to":"center","bindings":[{"binding_type":"view","source_control_name":"crosshair_white","source_property_name":"#toggle_state","target_property_name":"#visible"}],"font_type":"smooth","offset":[0,-0.5],"shadow":false,"text":"+","type":"label"}},{"Crosshair1":{"anchor_from":"center","anchor_to":"center","bindings":[{"binding_type":"view","source_control_name":"crosshair_green","source_property_name":"#toggle_state","target_property_name":"#visible"}],"color":"green","font_type":"smooth","offset":[0,-0.5],"shadow":false,"text":"+","type":"label"}},{"Crosshair2":{"anchor_from":"center","anchor_to":"center","bindings":[{"binding_type":"view","source_control_name":"crosshair_yellow","source_property_name":"#toggle_state","target_property_name":"#visible"}],"color":"yellow","font_type":"smooth","offset":[0,-0.5],"shadow":false,"text":"+","type":"label"}},{"Crosshair3":{"anchor_from":"center","anchor_to":"center","bindings":[{"binding_type":"view","source_control_name":"crosshair_red","source_property_name":"#toggle_state","target_property_name":"#visible"}],"color":"red","font_type":"smooth","offset":[0,-0.5],"shadow":false,"text":"+","type":"label"}}],"type":"panel"}}],"type":"panel","variables":[{"$xp_control_offset":[0,-11],"requires":"(not $desktop_screen)"},{"$left_helpers":"hud.left_helpers_edu","requires":"$education_edition"},{"$left_helpers":"hud.left_helpers","requires":"(not $education_edition)"}]},"select_panel":{"anchor_from":"top_left","anchor_to":"top_left","controls":[{"utilities@common_toggles.light_text_toggle_sw":{"$button_text":"Utilities","$default_border_visible":false,"$default_texture":"textures/ui/v_better_gui","$hover_texture":"textures/ui/v_better_gui_hover","$locked_texture":"textures/ui/v_better_gui_hover","$pressed_no_hover_texture":"textures/ui/v_better_gui_hover","$pressed_texture":"textures/ui/v_better_gui_hover","$toggle_group_forced_index":0,"$toggle_view_binding_name":"utilities_settings","layer":8,"size":[126,25]}},{"display@common_toggles.light_text_toggle_sw":{"$button_text":"Display","$default_border_visible":false,"$default_texture":"textures/ui/v_better_gui","$hover_texture":"textures/ui/v_better_gui_hover","$locked_texture":"textures/ui/v_better_gui_hover","$pressed_no_hover_texture":"textures/ui/v_better_gui_hover","$pressed_texture":"textures/ui/v_better_gui_hover","$toggle_group_forced_index":22,"$toggle_view_binding_name":"display_settings","layer":8,"size":[126,25]}},{"Crosshair@common_toggles.light_text_toggle_sw":{"$button_text":"Crosshair","$default_border_visible":false,"$default_texture":"textures/ui/v_better_gui","$hover_texture":"textures/ui/v_better_gui_hover","$locked_texture":"textures/ui/v_better_gui_hover","$pressed_no_hover_texture":"textures/ui/v_better_gui_hover","$pressed_texture":"textures/ui/v_better_gui_hover","$toggle_group_forced_index":25,"$toggle_view_binding_name":"crosshair_edit","layer":8,"size":[126,25]}},{"Music@common_toggles.light_text_toggle_sw":{"$button_text":"Music","$default_border_visible":false,"$default_texture":"textures/ui/v_better_gui","$hover_texture":"textures/ui/v_better_gui_hover","$locked_texture":"textures/ui/v_better_gui_hover","$pressed_no_hover_texture":"textures/ui/v_better_gui_hover","$pressed_texture":"textures/ui/v_better_gui_hover","$toggle_group_forced_index":27,"$toggle_view_binding_name":"music_player","layer":8,"size":[126,25]}}],"type":"stack_panel"},"select_scroll@common.scrolling_panel":{"$scrolling_content":"hud.select_panel","$show_background":false},"stop_music_ic":{"size":[13,13],"texture":"textures/ui/stop_music_ic","type":"image"},"v_percent@asa_hud_content.asa_main_hand_durability_percent":{"anchor_from":"bottom_middle","anchor_to":"bottom_middle","offset":[135,-13]}}