{"dr_bt_mp@common.container_slot_button_prototype":{"button_mappings":[{"from_button_id":"button.menu_select","mapping_type":"pressed","to_button_id":"button.drop_one"},{"from_button_id":"button.menu_ok","mapping_type":"pressed","to_button_id":"button.drop_one"},{"from_button_id":"button.menu_secondary_select","mapping_type":"pressed","to_button_id":"button.drop_one"},{"from_button_id":"button.controller_select","mapping_type":"pressed","to_button_id":"button.drop_one"},{"from_button_id":"button.controller_secondary_select","mapping_type":"pressed","to_button_id":"button.drop_one"},{"mapping_type":"pressed","to_button_id":"button.shape_drawing"},{"mapping_type":"pressed","to_button_id":"button.container_slot_hovered"}]},"fast_crafting@common_buttons.light_content_button":{"$button_type_panel":"note_pnl.toggle_label","$hover_text":"Quick Craft","$texture":"textures/ui/quick_craft_ic","anchor_from":"top_right","anchor_to":"top_right","button_mappings":[{"from_button_id":"button.menu_select","mapping_type":"pressed","to_button_id":"button.crafting_output_tertiary"}],"offset":[20,45],"property_bag":{"#collection_index":0,"#collection_name":"crafting_output_items"},"size":[20,20],"type":"button"},"player_armor_panel":{"anchor_from":"top_left","anchor_to":"top_left","controls":[{"player_bg":{"anchor_from":"top_left","anchor_to":"top_left","controls":[{"player_renderer_panel":{"controls":[{"player_renderer":{"anchor_from":"center","anchor_to":"center","animation_reset_name":"screen_animation_reset","layer":8,"property_bag":{"#look_at_cursor":true},"renderer":"live_player_renderer","type":"custom"}}],"offset":[0,-14],"size":[30,30],"type":"panel"}}],"layer":2,"offset":[26,8],"size":[52,70],"texture":"textures/ui/player_preview_border","type":"image"}},{"player_preview_border":{"anchor_from":"top_left","anchor_to":"top_left","layer":1,"offset":[25,7],"size":[54,72],"texture":"textures/ui/player_preview_border","type":"image"}},{"asa_armor_panel@asa_auto_place.asa_armor_panel":{"$button_ref":"crafting.no_coalesce_container_slot_button","bindings":[{"binding_type":"view","source_control_name":"asa_auto_place_mode","source_property_name":"(not #toggle_state)","target_property_name":"#visible"}]}},{"asa_auto_place_armor_slot@asa_auto_place.asa_armor_panel":{"$button_ref":"asa_auto_place.asa_auto_place_slot","bindings":[{"binding_type":"view","source_control_name":"asa_auto_place_mode","source_property_name":"#toggle_state","target_property_name":"#visible"}]}}],"size":[88,83],"type":"panel"},"player_inventory@common.root_panel":{"controls":[{"common_panel@common.common_panel":{"$show_close_button":false,"offset":[0,0]}},{"asa_inventory_panel@asa_auto_place.asa_inventory_panel":{"$button_ref":"crafting.inventory_container_slot_button","bindings":[{"binding_type":"view","source_control_name":"asa_auto_place_mode","source_property_name":"(not #toggle_state)","target_property_name":"#visible"}]}},{"asa__autoplace_inventory_panel@asa_auto_place.asa_inventory_panel":{"$button_ref":"asa_auto_place.asa_auto_place_slot","bindings":[{"binding_type":"view","source_control_name":"asa_auto_place_mode","source_property_name":"#toggle_state","target_property_name":"#visible"}]}},{"asa_auto_place_toggle@asa_auto_place.asa_auto_place_toggle":{"$toggle_group_forced_index":3}},{"drop_one_faster@ev_template_toggles.inventory_mode":{"$button_text":"","$button_type_panel":"asa_auto_place.toggle_label","$hover_text":"Drop One","$texture":"textures/ui/drop_ic","$toggle_group_forced_index":2,"$toggle_view_binding_name":"dr_faster_pnl","anchor_from":"top_right","anchor_to":"top_right","offset":[20,3],"size":[20,20]}},{"df_mode@ev_template_toggles.inventory_mode":{"$button_text":"","$button_type_panel":"asa_auto_place.toggle_label","$hover_text":"Default","$texture":"textures/ui/default_ic","$toggle_default_state":true,"$toggle_group_forced_index":0,"$toggle_view_binding_name":"null","anchor_from":"top_right","anchor_to":"top_right","offset":[20,66],"size":[20,20]}},{"drop_one_faster_button_mapping@crafting.v_drop_pnl":{"$button_ref":"crafting.dr_bt_mp","bindings":[{"binding_type":"view","source_control_name":"dr_faster_pnl","source_property_name":"#toggle_state","target_property_name":"#visible"}]}},{"fast_crafting":{"controls":[{"fast_crafting@crafting.fast_crafting":{}}],"type":"panel"}}],"layer":3},"v_drop_pnl@common.root_panel":{"controls":[{"inventory_panel_top_half@$top_half_variant":{"layer":3}},{"inventory_panel_bottom_half@common.inventory_panel_bottom_half":{"$background_images":"crafting.container_cell_images","layer":3}},{"hotbar_grid@common.hotbar_grid_template":{"$background_images":"crafting.container_cell_images","layer":3}}]}}