{"button_label":{"bindings":"$button_bindings","color":"white","font_type":"smooth","layer":8,"max_size":["100% - 4px","100% - 4px"],"shadow":true,"text":"$button_text","type":"label"},"button_labels":{"$text_color|default":"$light_button_default_text_color","color":"$text_color","layer":8,"shadow":false,"text":"$button_text","type":"label"},"info_panel_content_list":{"anchor_from":"top_right","anchor_to":"top_right","controls":[{"player_list_scrolling_panel@pause.player_list_scrolling_panel":{}},{"vertical_padding@pause.vertical_padding":{"size":[0,8]}}],"orientation":"vertical","type":"stack_panel"},"pause_screen@common.base_screen":{"$screen_animations":["@common.screen_exit_animation_push_fade","@common.screen_exit_animation_pop_fade","@common.screen_entrance_animation_push_fade","@common.screen_entrance_animation_pop_fade"],"button_mappings":[],"cache_screen":true,"force_render_below":true,"variables":[{"$screen_bg_content":"common.screen_background","$screen_content":"pause.pause_screen_content","requires":"$ignore_edu_pause"},{"$screen_content":"edu_pause.pause_screen_content","requires":"(not $ignore_edu_pause)"}]},"pause_screen_content":{"anchor_from":"top_left","anchor_to":"top_left","controls":[{"root_panel":{"bindings":[{"binding_type":"view","source_control_name":"open_mod_menu","source_property_name":"(not #toggle_state)","target_property_name":"#visible"}],"controls":[{"vertical_1@pause.vertical_1":{}},{"vertical_2@pause.vertical_2":{}},{"v_dialog@common_dialogs.main_panel_no_buttons":{"$child_control":"pause.v_info_panel_content_list_scroll","$show_close_button":true,"$text_name":"Player list","anchor_from":"center","anchor_to":"center","bindings":[{"binding_type":"view","source_control_name":"show_player_list_pnl","source_property_name":"#toggle_state","target_property_name":"#visible"}],"layer":22,"size":["85%","70%"]}},{"play_button@pause.play_root_button":{"$button_text":"Continue","$pressed_button_name":"button.menu_continue","anchor_from":"center","anchor_to":"center","layer":4,"offset":[0,-24],"size":[162,20]}},{"quit_button@common_toggles.light_text_toggle_sw_4":{"$button_text":"Save & Quit","$default_texture":"textures/ui/v_better_gui","$hover_texture":"textures/ui/v_better_gui_hover","$locked_texture":"textures/ui/v_better_gui_hover","$pressed_no_hover_texture":"textures/ui/v_better_gui_hover","$pressed_texture":"textures/ui/v_better_gui_hover","$toggle_group_forced_index":9,"$toggle_view_binding_name":"exit_world","anchor_from":"center","anchor_to":"center","layer":4,"offset":[0,65],"size":[162,20]}},{"exit_screen_pnl":{"bindings":[{"binding_type":"view","source_control_name":"exit_world","source_property_name":"#toggle_state","target_property_name":"#visible"}],"controls":[{"exit_confirm":{"anchor_from":"center","anchor_to":"center","controls":[{"exit_confirm_label":{"anchor_from":"center","anchor_to":"center","font_type":"smooth","layer":33,"offset":[8,0],"size":["55%","default"],"text":"Do you want to exit and save the world?","type":"label"}},{"cancel@common_toggles.light_text_toggle_sw_4":{"$button_text":"Cancel","$default_border_visible":false,"$default_texture":"textures/ui/v_better_gui","$hover_border_visible":false,"$hover_texture":"textures/ui/v_better_gui_hover","$locked_texture":"textures/ui/v_better_gui_hover","$pressed_no_hover_texture":"textures/ui/v_better_gui_hover","$pressed_texture":"textures/ui/v_better_gui_hover","$toggle_group_forced_index":10,"$toggle_view_binding_name":"null","anchor_from":"bottom_left","anchor_to":"bottom_left","layer":16,"offset":[8,-5],"size":[82.8,22.8]}},{"quit@pause.play_root_buttons":{"$button_text":"Quit","$default_button_texture":"textures/ui/v_better_gui","$hover_button_texture":"textures/ui/v_better_gui_hover","$pressed_button_name":"button.menu_quit","$pressed_button_texture":"textures/ui/v_better_gui_hover","anchor_from":"bottom_right","anchor_to":"bottom_right","layer":16,"offset":[-8,-5],"size":[82,22]}}],"layer":15,"size":[185,135],"texture":"textures/ui/v_better_gui_x","type":"image"}}],"layer":10,"size":[185,135],"type":"screen"}},{"screenshot_button@pause.play_root_button":{"$button_text":"Screenshot","$pressed_button_name":"button.screenshot","anchor_from":"bottom_left","anchor_to":"bottom_left","layer":4,"offset":[-100,45],"size":[70,20],"sound_name":"random.screenshot"}}],"type":"panel"}},{"mods_panel":{"controls":[{"mod@common_toggles.light_text_toggle_sw_2":{"$button_text":"M","$default_border_visible":false,"$default_texture":"textures/ui/v_better_gui","$hover_texture":"textures/ui/v_better_gui_hover","$locked_texture":"textures/ui/v_better_gui_hover","$pressed_no_hover_texture":"textures/ui/v_better_gui_hover","$pressed_texture":"textures/ui/v_better_gui_hover","$toggle_group_forced_index":55,"$toggle_view_binding_name":"open_mod_menu","anchor_from":"bottom_left","anchor_to":"bottom_left","layer":8,"size":[20,20]}},{"close_mod@common_toggles.light_text_toggle_sw_2":{"$button_text":"[X] Close","$default_border_visible":false,"$default_texture":"textures/ui/v_better_gui","$hover_texture":"textures/ui/v_better_gui_hover","$locked_texture":"textures/ui/v_better_gui_hover","$pressed_no_hover_texture":"textures/ui/v_better_gui_hover","$pressed_texture":"textures/ui/v_better_gui_hover","$toggle_group_forced_index":60,"$toggle_view_binding_name":"open_mod_menu","anchor_from":"top_middle","anchor_to":"top_middle","bindings":[{"binding_type":"view","source_control_name":"open_mod_menu","source_property_name":"#toggle_state","target_property_name":"#visible"}],"layer":8,"offset":[0,5],"size":[75,20]}},{"close_img":{"alpha":5,"anchor_from":"bottom_left","anchor_to":"bottom_left","bindings":[{"binding_type":"view","source_control_name":"open_mod_menu","source_property_name":"#toggle_state","target_property_name":"#visible"}],"controls":[{"label":{"font_type":"MinecraftTen","layer":30,"text":"Evoker UI Pack","type":"label"}}],"layer":25,"size":[144,22],"texture":"textures/ui/v_dark_dialog","type":"image"}}],"type":"panel"}}],"layer":1,"size":["100%","100%"],"type":"panel"},"play":{"$button_bindings|default":[],"$custom_content|default":"","$default|default":false,"$hover|default":false,"$locked|default":false,"$pressed|default":false,"controls":[{"button_custom_content@$custom_content":{}},{"default_button_content@pause.button_label":{"visible":"($custom_content = '')"}}],"type":"image"},"play_root_button@common.button":{"controls":[{"default@pause.play":{"$default":true,"$default_alpha|default":1,"$default_button_texture|default":"textures/ui/default_toggle_button_dark","alpha":"$default_alpha","layer":1,"texture":"$default_button_texture"}},{"hover@pause.play":{"$hover":true,"$hover_button_texture|default":"textures/ui/hover_toggle_button_dark","layer":1,"texture":"$hover_button_texture"}},{"pressed@pause.play":{"$pressed":true,"$pressed_button_texture|default":"textures/ui/hover_toggle_button_dark","layer":1,"texture":"$pressed_button_texture"}}]},"play_root_buttons@common.button":{"controls":[{"default@pause.plays":{"$default":true,"$default_alpha|default":1,"$default_button_texture|default":"textures/ui/default_toggle_button_dark","alpha":"$default_alpha","texture":"$default_button_texture"}},{"hover@pause.plays":{"$hover":true,"$hover_button_texture|default":"textures/ui/hover_toggle_button_dark","texture":"$hover_button_texture"}},{"pressed@pause.plays":{"$pressed":true,"$pressed_button_texture|default":"textures/ui/hover_toggle_button_dark","texture":"$pressed_button_texture"}}]},"plays":{"$button_bindings|default":[],"$custom_content|default":"","$default|default":false,"$hover|default":false,"$locked|default":false,"$pressed|default":false,"controls":[{"button_custom_content@$custom_content":{}},{"default_button_content@pause.button_labels":{"visible":"($custom_content = '')"}}],"type":"image"},"screenshot_ic":{"layer":5,"size":[12,12],"texture":"textures/ui/camera-yo","type":"image"},"v_info_panel_content_list_scroll@common.scrolling_panel":{"$scrolling_content":"pause.info_panel_content_list","$show_background":false},"vertical_1":{"anchor_from":"center","anchor_to":"center","controls":[{"settings_button@pause.play_root_button":{"$button_text":"Settings","$pressed_button_name":"button.menu_settings","anchor_from":"left_middle","anchor_to":"left_middle","layer":4,"size":[80,20]}},{"space_1":{"size":[2,2],"type":"panel"}},{"profile_button@pause.play_root_button":{"$button_text":"Profile","$pressed_button_name":"button.to_profile_or_skins_screen","layer":4,"size":[80,20]}},{"space_2":{"size":[2,2],"type":"panel"}},{"infomation_button@pause.play_root_button":{"$button_text":"Information","$pressed_button_name":"button.menu_buy_game","layer":4,"size":[80,20]}}],"offset":[-41,20],"size":[80,"default"],"type":"stack_panel"},"vertical_2":{"anchor_from":"center","anchor_to":"center","controls":[{"achievements_button@pause.play_root_button":{"$button_text":"Achievements","$pressed_button_name":"button.menu_achievements","layer":4,"size":[80,20]}},{"space_1":{"size":[2,2],"type":"panel"}},{"store_button@pause.play_root_button":{"$button_text":"Store","$pressed_button_name":"button.menu_store","layer":4,"size":[80,20]}},{"space_2":{"size":[2,2],"type":"panel"}},{"player_list_button@common_toggles.light_text_toggle_sw_3":{"$button_text":"Player list","$toggle_view_binding_name":"show_player_list_pnl","layer":4,"size":[80,20]}}],"offset":[41,20],"size":[80,"default"],"type":"stack_panel"}}