{"asa_auto_place_slot@common.container_slot_button_prototype":{"button_mappings":[{"from_button_id":"button.menu_select","mapping_type":"pressed","to_button_id":"button.container_auto_place"},{"from_button_id":"button.menu_ok","mapping_type":"pressed","to_button_id":"button.container_auto_place"},{"from_button_id":"button.menu_secondary_select","mapping_type":"pressed","to_button_id":"button.container_auto_place"},{"from_button_id":"button.controller_select","mapping_type":"pressed","to_button_id":"button.container_auto_place"},{"from_button_id":"button.menu_auto_place","mapping_type":"pressed","to_button_id":"button.container_auto_place"},{"from_button_id":"button.controller_secondary_select","mapping_type":"pressed","to_button_id":"button.container_auto_place"},{"from_button_id":"button.menu_inventory_drop","mapping_type":"pressed","to_button_id":"button.drop_one"},{"from_button_id":"button.menu_inventory_drop_all","mapping_type":"pressed","to_button_id":"button.drop_all"},{"mapping_type":"pressed","to_button_id":"button.shape_drawing"},{"mapping_type":"pressed","to_button_id":"button.container_slot_hovered"}]},"drop_slot@common.container_slot_button_prototype":{"button_mappings":[{"from_button_id":"button.menu_select","mapping_type":"pressed","to_button_id":"button.drop_one"},{"from_button_id":"button.menu_ok","mapping_type":"pressed","to_button_id":"button.drop_one"},{"from_button_id":"button.menu_secondary_select","mapping_type":"pressed","to_button_id":"button.drop_one"},{"from_button_id":"button.controller_select","mapping_type":"pressed","to_button_id":"button.drop_one"},{"from_button_id":"button.controller_secondary_select","mapping_type":"pressed","to_button_id":"button.drop_one"},{"mapping_type":"pressed","to_button_id":"button.shape_drawing"},{"mapping_type":"pressed","to_button_id":"button.container_slot_hovered"}]},"panel":{"controls":[{"container_gamepad_helpers@common.container_gamepad_helpers":{"layer":3}},{"header@header_area":{"layer":2}},{"bg@background_panel":{"layer":0}},{"selected_item_details_factory@common.selected_item_details_factory":{}},{"item_lock_notification_factory@common.item_lock_notification_factory":{"$offset":[0,"85%"]}},{"gamepad_cursor@common.gamepad_cursor_button":{}},{"inventory_selected_icon_button@common.inventory_selected_icon_button":{}},{"hold_icon@common.inventory_take_progress_icon_button":{}},{"flying_item_renderer@common.flying_item_renderer":{}},{"df_mode@ev_template_toggles.inventory_mode":{"$button_text":"","$button_type_panel":"asa_auto_place.toggle_label","$hover_text":"Default","$texture":"textures/ui/default_ic","$toggle_default_state":true,"$toggle_group_forced_index":0,"$toggle_view_binding_name":"null","anchor_from":"top_middle","anchor_to":"top_middle","layer":20,"offset":[-21,3],"size":[20,20]}},{"auto_place_mode@ev_template_toggles.inventory_mode":{"$button_text":"","$button_type_panel":"asa_auto_place.toggle_label","$hover_text":"Auto Place","$texture":"textures/ui/auto_place_ic","$toggle_group_forced_index":2,"$toggle_view_binding_name":"asa_auto_place","anchor_from":"top_middle","anchor_to":"top_middle","layer":20,"offset":[0,3],"size":[20,20]}},{"drop_mode@ev_template_toggles.inventory_mode":{"$button_text":"","$button_type_panel":"asa_auto_place.toggle_label","$hover_text":"Drop item","$texture":"textures/ui/drop_ic","$toggle_group_forced_index":3,"$toggle_view_binding_name":"drop_tg","anchor_from":"top_middle","anchor_to":"top_middle","layer":20,"offset":[21,3],"size":[20,20]}},{"inventory@half_screen":{"$container_size":36,"$pane_collection":"combined_hotbar_and_inventory_items","bindings":[{"binding_type":"view","source_control_name":"asa_auto_place","source_property_name":"(not #toggle_state)","target_property_name":"#visible"}]}},{"inventory_xx@half_screen":{"$button_ref":"pocket_containers.asa_auto_place_slot","$container_size":36,"$pane_collection":"combined_hotbar_and_inventory_items","bindings":[{"binding_type":"view","source_control_name":"asa_auto_place","source_property_name":"#toggle_state","target_property_name":"#visible"}]}},{"inventory_xxx@half_screen":{"$button_ref":"pocket_containers.drop_slot","$container_size":36,"$pane_collection":"combined_hotbar_and_inventory_items","bindings":[{"binding_type":"view","source_control_name":"drop_tg","source_property_name":"#toggle_state","target_property_name":"#visible"}],"layer":5}},{"container@half_screen":{"$pane_collection":"container_items","anchor_from":"top_middle","bindings":[{"binding_type":"view","source_control_name":"asa_auto_place","source_property_name":"(not #toggle_state)","target_property_name":"#visible"}]}},{"container_xx@half_screen":{"$button_ref":"pocket_containers.asa_auto_place_slot","$pane_collection":"container_items","anchor_from":"top_middle","bindings":[{"binding_type":"view","source_control_name":"asa_auto_place","source_property_name":"#toggle_state","target_property_name":"#visible"}]}},{"container_xxx@half_screen":{"$button_ref":"pocket_containers.drop_slot","$pane_collection":"container_items","anchor_from":"top_middle","bindings":[{"binding_type":"view","source_control_name":"drop_tg","source_property_name":"#toggle_state","target_property_name":"#visible"}],"layer":5}}],"type":"panel"}}