{
    "profile_screen@common.base_screen": {
        "$always_show_layer": 200,
        "$default_text_color": "$light_button_default_text_color",
        "$fill_alpha": 0.2,
        "$ignore_home_button": true,
        "$ignore_inventory_button": true,
        "$ignore_search": true,
        "$is_full_screen_layout": true,
        "$manage_options_background": 100,
        "$preset_appearance_back_layer": 5,
        "$preset_appearance_front_layer": 6,
        "$safezone_screen_matrix_layer": 20,
        "$screen_animations": [
            "@common.screen_exit_animation_push_fade",
            "@common.screen_exit_animation_pop_fade",
            "@common.screen_entrance_animation_push_fade",
            "@common.screen_entrance_animation_pop_fade"
        ],
        "$screen_bg_content": "background.BG3",
        "$screen_content": "profile.profile_screen_content_dialog_v",
        "$sidebar_ignore_page_loading": true,
        "button_mappings": [
            {
                "from_button_id": "button.menu_cancel",
                "mapping_type": "global",
                "to_button_id": "button.try_exiting"
            },
            {
                "from_button_id": "button.menu_tab_left",
                "mapping_type": "global",
                "to_button_id": "button.pressedArrowLeft"
            },
            {
                "from_button_id": "button.menu_tab_right",
                "mapping_type": "global",
                "to_button_id": "button.pressedArrowRight"
            },
            {
                "from_button_id": "button.controller_select",
                "mapping_type": "global",
                "to_button_id": "button.coin_wallet"
            }
        ]
    },
    "profile_screen_content": {
        "$ignore_home_button": true,
        "$ignore_search": true,
        "$sidebar_ignore_page_loading": true,
        "controls": [
            {
                "main_panel@profile.profile_screen_main_panel": {}
            },
            {
                "popup_dialog_factory": {
                    "control_ids": {
                        "create_persona": "@profile.popup_dialog__create_persona",
                        "delete_persona": "@profile.popup_dialog__delete_persona",
                        "difference_information": "@profile.popup_dialog__difference_information",
                        "no_store_connection": "@common_store.popup_dialog__no_store_connection",
                        "restore_failed": "@common_store.popup_dialog__restore_failed",
                        "restore_popup": "@common_store.popup_dialog__restore_popup",
                        "toast_message": "@profile.popup_toast"
                    },
                    "type": "factory"
                }
            }
        ],
        "size": [
            "100%",
            "100%"
        ],
        "type": "panel"
    },
    "profile_screen_content_dialog_v@common_dialogs.main_panel_no_buttons": {
        "$child_control": "profile.profile_screen_content",
        "$show_close_button": true,
        "$text_name": "Profile",
        "layer": 8,
        "size": [
            "75%",
            "97%"
        ]
    },
    "skin_model_renderer": {
        "$preset_appearance_alpha|default": 0.2,
        "$preset_appearance_property_bag|default": {},
        "$preset_model_gesteure_bindings|default": [
            {
                "binding_condition": "always",
                "binding_name": "$preset_appearance_binding_name",
                "binding_type": "global"
            },
            {
                "binding_condition": "always",
                "binding_name": "#is_preset_visible",
                "binding_name_override": "#visible"
            }
        ],
        "$preset_model_gesture_rotation|default": "",
        "alpha": "$preset_appearance_alpha",
        "animation_reset_name": "screen_animation_reset",
        "anims": [
            "@common.screen_exit_size_animation_push",
            "@common.screen_exit_size_animation_pop",
            "@common.screen_entrance_size_animation_push",
            "@common.screen_entrance_size_animation_pop"
        ],
        "bindings": "$preset_model_gesteure_bindings",
        "camera_tilt_degrees": -10,
        "layer": "$preset_appearance_layer",
        "property_bag": "$preset_appearance_property_bag",
        "renderer": "paper_doll_renderer",
        "rotation": "$preset_model_gesture_rotation",
        "size": [
            "80%",
            "80%"
        ],
        "offset": [0,12],
        "starting_rotation": 30,
        "type": "custom",
        "use_selected_skin": false,
        "use_skin_gui_scale": true,
        "variables": [
            {
                "$preset_model_gesteure_bindings": [
                    {
                        "binding_condition": "always",
                        "binding_name": "$preset_appearance_binding_name",
                        "binding_type": "global"
                    },
                    {
                        "binding_type": "view",
                        "source_control_name": "$preset_gesture_source_control_name",
                        "source_property_name": "#gesture_delta_source",
                        "target_property_name": "#gesture_delta_source"
                    },
                    {
                        "binding_type": "view",
                        "source_control_name": "$preset_gesture_source_control_name",
                        "source_property_name": "#gesture_mouse_delta_x",
                        "target_property_name": "#gesture_mouse_delta_x"
                    },
                    {
                        "binding_condition": "always",
                        "binding_name": "#is_preset_visible",
                        "binding_name_override": "#visible"
                    }
                ],
                "$preset_model_gesture_rotation": "gesture_x",
                "requires": "$is_preset_appearance_using_gestures"
            }
        ]
    }
}