{"namespace":"redstone","panel":{"controls":[{"container_gamepad_helpers@common.container_gamepad_helpers":{}},{"flying_item_renderer@common.flying_item_renderer":{"layer":11}},{"selected_item_details_factory@common.selected_item_details_factory":{}},{"item_lock_notification_factory@common.item_lock_notification_factory":{}},{"root_panel@common.root_panel":{"controls":[{"common_panel@common.common_panel":{}},{"redstone_screen_inventory":{"bindings":[{"binding_type":"view","source_control_name":"asa_auto_place_mode","source_property_name":"(not #toggle_state)","target_property_name":"#visible"}],"controls":[{"red_panel@redstone.redstone_panel_top_half":{}},{"red_bottom_half@common.inventory_panel_bottom_half_with_label":{}},{"hotbar_grid@common.hotbar_grid_template":{}},{"red_hold_icon@common.inventory_take_progress_icon_button":{}}],"layer":5,"type":"panel"}},{"v_redstone_screen_inventory":{"$button_ref":"asa_auto_place.asa_auto_place_slot","bindings":[{"binding_type":"view","source_control_name":"asa_auto_place_mode","source_property_name":"#toggle_state","target_property_name":"#visible"}],"controls":[{"red_panel@redstone.redstone_panel_top_half":{}},{"red_bottom_half@common.inventory_panel_bottom_half_with_label":{}},{"hotbar_grid@common.hotbar_grid_template":{}},{"red_hold_icon@common.inventory_take_progress_icon_button":{}}],"layer":5,"type":"panel"}},{"red_icon@common.inventory_selected_icon_button":{}},{"gamepad_cursor@common.gamepad_cursor_button":{}},{"$screen_label@$screen_label":{}},{"asa_auto_place_toggle@ev_template_toggles.inventory_mode":{"$button_text":"Auto Place","$toggle_group_forced_index":3,"$toggle_view_binding_name":"asa_auto_place_mode","anchor_from":"top_right","anchor_to":"top_right","offset":[72,5],"size":[70,20]}},{"drop_one_faster_button_mapping":{"$button_ref":"crafting.dr_bt_mp","bindings":[{"binding_type":"view","source_control_name":"dr_faster_pnl","source_property_name":"#toggle_state","target_property_name":"#visible"}],"controls":[{"red_panel@redstone.redstone_panel_top_half":{}},{"red_bottom_half@common.inventory_panel_bottom_half_with_label":{}},{"hotbar_grid@common.hotbar_grid_template":{}},{"red_hold_icon@common.inventory_take_progress_icon_button":{}}],"layer":6,"type":"panel"}},{"drop_one_faster@ev_template_toggles.inventory_mode":{"$button_text":"Drop One","$toggle_group_forced_index":2,"$toggle_view_binding_name":"dr_faster_pnl","anchor_from":"top_right","anchor_to":"top_right","offset":[72,27],"size":[70,20]}},{"df_mode@ev_template_toggles.inventory_mode":{"$button_text":"Default","$toggle_default_state":true,"$toggle_group_forced_index":0,"$toggle_view_binding_name":"null","anchor_from":"top_right","anchor_to":"top_right","offset":[72,51],"size":[70,20]}}],"layer":1,"size":"$screen_dimensions"}}],"type":"panel"}}