{"namespace":"settings","screen_controls_and_settings@settings_screen_base":{"$include_controls_and_settings_sections":true},"screen_realm_controls_and_settings@settings_screen_base":{"$include_controls_and_settings_sections":true,"$include_realm_section":true},"screen_realm_manage@settings_screen_base":{"$_include_world_section":false,"$include_controls_and_settings_sections":false,"$include_realm_section":true,"$realm_no_world_edit":true,"$realms_pack_feature_enabled":false},"screen_realm_settings@settings_screen_base":{"$include_realm_section":true},"screen_template_create@settings_screen_base":{"$_include_world_section":true,"$is_template_create":true,"$is_world_create":false,"$is_world_edit":false},"screen_world_controls_and_settings@settings_screen_base":{"$_include_world_section":true,"$include_controls_and_settings_sections":true},"screen_world_create@settings_screen_base":{"$_include_world_section":true,"$is_template_create":false,"$is_world_create":true,"$is_world_edit":false},"screen_world_edit@settings_screen_base":{"$_include_world_section":true,"$is_template_create":false,"$is_world_create":false,"$is_world_edit":true},"screen_world_slot_edit@settings_screen_base":{"$_include_world_section":false,"$include_realm_section":true,"$is_realm_slot":true},"section_content_panels":{"anchor_from":"top_left","anchor_to":"top_left","controls":[{"world_sections":{"controls":[{"game_section@world_section.game_section":{}},{"classroom_section_panel":{"controls":[{"classroom_section@classroom_settings.classroom_section":{}}],"ignored":"(not $education_edition)","size":["100%","100%c"],"type":"panel"}},{"server_section@world_section.server_section":{}},{"multiplayer_section@world_section.multiplayer_section":{}},{"debug_section@world_section.debug_section":{"ignored":"$is_publish","visible":false}}],"ignored":"(not $include_world_section)","type":"stack_panel"}},{"packs_sections":{"controls":[{"level_texture_pack_section@world_section.level_texture_pack_section":{}},{"addon_section@world_section.addon_section":{}}],"ignored":"(not $include_world_section and (not $include_realm_section or not $realms_pack_feature_enabled))","type":"stack_panel"}},{"section_content_panels@realms_settings.section_content_panels":{"ignored":"(not $include_realm_section)"}},{"general_and_controls_sections":{"controls":[{"accessibility_section@general_section.accessibility_section":{"visible":false}},{"keyboard_and_mouse_section@controls_section.keyboard_and_mouse_section":{"ignored":"(not $keyboard_and_mouse_supported)","visible":false}},{"controller_section@controls_section.controller_section":{"ignored":"(not $gamepad_supported)","visible":false}},{"touch_section@controls_section.touch_section":{"ignored":"($is_holographic or not $touch_supported or $nx_os)","visible":false}},{"profile_section@general_section.profile_section":{"visible":false}},{"global_texture_pack_section@general_section.global_texture_pack_section":{"ignored":"$ignore_global_resources_section","visible":false}},{"storage_management_section@general_section.storage_management_section":{"ignored":"$ignore_storage_section","visible":false}},{"creator_section@general_section.creator_section":{"visible":false}},{"video_section@general_section.video_section":{"visible":false}},{"view_subscriptions_section@general_section.view_subscriptions_section":{"ignored":"$education_edition","visible":false}},{"sound_section@general_section.sound_section":{"visible":false}},{"language_section@general_section.language_section":{"visible":false}}],"ignored":"(not $include_controls_and_settings_sections)","type":"stack_panel"}}],"offset":[2,0],"size":["100% - 4px","100%c + 4px"],"type":"panel"},"section_footer_panels":{"anchor_from":"top_left","anchor_to":"top_left","controls":[{"world_sections":{"controls":[],"ignored":"(not $include_world_section)","type":"stack_panel"}},{"general_and_controls_sections":{"controls":[{"storage_management_footer@general_section.storage_management_footer":{"ignored":"$ignore_storage_section"}}],"ignored":"(not $include_controls_and_settings_sections)","size":["100%","100%c"],"type":"stack_panel"}}],"offset":[2,0],"size":["100%","100%c"],"type":"panel"},"section_header_panels":{"anchor_from":"top_left","anchor_to":"top_left","controls":[{"world_sections":{"controls":[],"ignored":"(not $include_world_section)","type":"stack_panel"}},{"general_and_controls_sections":{"controls":[{"storage_management_header@general_section.storage_management_header":{"ignored":"$ignore_storage_section"}}],"ignored":"(not $include_controls_and_settings_sections)","size":["100%","100%c"],"type":"stack_panel"}}],"offset":[2,0],"size":["100%","100%c"],"type":"panel"},"selector_stack_panel":{"anchor_from":"top_left","anchor_to":"top_left","controls":[{"spacer_0":{"ignored":"(not $include_world_section)","size":[2,2],"type":"panel"}},{"group_label_1@how_to_play_common.header2":{"$text":"Quick Settings","ignored":"(not $include_controls_and_settings_sections)"}},{"f_setting@q_setting.f_setting":{"ignored":"(not $include_controls_and_settings_sections)"}},{"bruh":{"ignored":"(not $include_controls_and_settings_sections)","size":[4,4],"type":"panel"}},{"option_toggle_hidehud_1@settings_common.option_toggle":{"$option_binding_name":"#hide_hud","$option_enabled_binding_name":"#hide_hud_enabled","$option_label":"§fHide Hud","$toggle_name":"hide_hud","ignored":"(not $include_controls_and_settings_sections)"}},{"split_controls@settings_common.option_toggle":{"$option_binding_name":"#split_controls","$option_enabled_binding_name":"#split_controls_enabled","$option_label":"options.usetouchpad","$toggle_name":"split_controls","ignored":"(not $include_controls_and_settings_sections)"}},{"fov_slider@settings_common.option_slider":{"$label_bindings":[{"binding_name":"$option_label"}],"$option_enabled_binding_name":"#field_of_view_enabled","$option_label":"#field_of_view_slider_label","$slider_name":"field_of_view","$slider_tts_text_value":"#field_of_view_text_value","$slider_value_binding_name":"#field_of_view","ignored":"(not $include_controls_and_settings_sections)"}},{"world_selector_pane@world_section.selector_pane_content":{"ignored":"(not $include_world_section)"}},{"realm_selector_pane@realms_settings.selector_panel":{"$backup_toggle_index":"$backup_forced_index","$dev_options_toggle_index":"$dev_options_forced_index","$members_toggle_index":"$members_forced_index","$subscription_toggle_index":"$subscription_forced_index","$world_toggle_index":"$world_forced_index","ignored":"(not $include_realm_section)"}},{"controls_and_settings_selector_pane":{"$controls_section_header":"options.group.input","$general_section_header":"stat.generalButton","controls":[{"header_x1@how_to_play_common.header2":{"$text":"Video & Profile"}},{"stack_pnl1":{"controls":[{"video_button@general_section.video_button":{"$toggle_group_forced_index":365,"$tts_section_header":"$general_section_header"}},{"profile_button@general_section.profile_button":{"$toggle_group_forced_index":"$profile_forced_index","$tts_section_header":"$general_section_header"}}],"orientation":"horizontal","size":["50%",29.332586144452254],"type":"stack_panel"}},{"spacer_1":{"size":[2,2],"type":"panel"}},{"selector_group_label_1@how_to_play_common.header2":{"$text":"Controls"}},{"stack_pnl3":{"controls":[{"controller_button@controls_section.controller_button":{"$toggle_group_forced_index":"$controller_and_switch_forced_index","$tts_section_header":"$controls_section_header","ignored":"(not $gamepad_supported or $nx_os)"}},{"touch_button@controls_section.touch_button":{"$toggle_group_forced_index":"$touch_forced_index","$tts_section_header":"$controls_section_header","ignored":"($is_holographic or not $touch_supported or $nx_os)"}}],"orientation":"horizontal","size":["50%",29.332586144452254],"type":"stack_panel"}},{"keyboard_and_mouse_button@controls_section.keyboard_and_mouse_button":{"$toggle_group_forced_index":"$keyboard_and_mouse_forced_index","$tts_section_header":"$controls_section_header","ignored":"(not $keyboard_and_mouse_supported)"}},{"switch_controller_button@controls_section.controller_button":{"$glyph_color_texture":"textures/ui/controller_glyph_color_switch","$glyph_texture":"textures/ui/controller_glyph_switch","$toggle_group_forced_index":"$controller_and_switch_forced_index","$tts_section_header":"$controls_section_header","ignored":"(not $gamepad_supported or not $nx_os)"}},{"spacer_2":{"size":[2,2],"type":"panel"}},{"selector_group_label_2@how_to_play_common.header2":{"$text":"General"}},{"global_texture_pack_button@general_section.global_texture_pack_button":{"$toggle_group_forced_index":"$global_texture_pack_forced_index","$tts_section_header":"$general_section_header","ignored":"$ignore_global_resources_section","visible":"($is_global_texture_packs_visible)"}},{"stack_pnl2":{"controls":[{"sound_button@general_section.sound_button":{"$toggle_group_forced_index":"$sound_forced_index","$tts_section_header":"$general_section_header"}},{"creator_button@general_section.creator_button":{"$toggle_group_forced_index":"$creator_forced_index","$tts_section_header":"$general_section_header"}}],"orientation":"horizontal","size":["50%",29.332586144452254],"type":"stack_panel"}},{"view_subscriptions_button@general_section.view_subscriptions_button":{"$toggle_group_forced_index":"$view_subscriptions_forced_index","$tts_section_header":"$general_section_header","bindings":[{"binding_name":"#should_show_subscription_tab","binding_name_override":"#visible"}]}},{"header_x2@how_to_play_common.header2":{"$text":"Other"}},{"storage_management_button@general_section.storage_management_button":{"$toggle_group_forced_index":"$storage_management_forced_index","$tts_section_header":"$general_section_header","ignored":"$ignore_storage_section"}},{"language_button@general_section.language_button":{"$toggle_group_forced_index":"$language_forced_index","$tts_section_header":"$general_section_header"}},{"accessibility_button@general_section.accessibility_button":{"$toggle_group_forced_index":200,"ignored":"(not $include_controls_and_settings_sections)"}}],"ignored":"(not $include_controls_and_settings_sections)","type":"stack_panel"}},{"addons_selector_panel@world_section.addons_selector_panel":{"$addon_toggle_index":"$addon_index","$level_texture_pack_toggle_index":"$level_texture_pack_index","ignored":"(not $include_world_section and (not $include_realm_section or not $realms_pack_feature_enabled))"}}],"orientation":"vertical","ttsSectionContainer":true,"type":"stack_panel"},"settings_screen_base@settings_common.screen_base":{"$_include_world_section":false,"$include_controls_and_settings_sections":false,"$include_realm_section":false,"$include_world_section":"($_include_world_section and $may_include_world_section)","$is_global_texture_packs_visible|default":true,"$is_realm_slot|default":false,"$is_template_create":false,"$is_world_create":false,"$is_world_edit":false,"$realm_no_world_edit|default":false,"$section_content_panels":"settings.section_content_panels","$section_footer_panels":"settings.section_footer_panels","$section_header_panels":"settings.section_header_panels","$selector_stack_panel":"settings.selector_stack_panel"}}