{"content_panel":{"controls":[{"Information":{"anchor_from":"top_left","anchor_to":"top_left","bindings":[{"binding_type":"view","source_control_name":"Information_button","source_property_name":"#toggle_state","target_property_name":"#visible"}],"controls":[{"text_1":{"color":"green","font_size":"large","size":["98%","default"],"text":"Evoker UI Pack v1","type":"label"}},{"text_2":{"color":"yellow","size":["98%","default"],"text":"[ Thank you for downloading my pack ]","type":"label"}},{"text_3":{"color":"yellow","size":["98%","default"],"text":"- This is a user interface pack that will make the game's interface better, many convenient features are added to support survival or use in servers","type":"label"}},{"text_4":{"color":"yellow","size":["98%","default"],"text":"- This pack has outstanding features such as quick item toggle or item drop toggle and more..","type":"label"}},{"text_5":{"color":"green","size":["98%","default"],"text":"Author","type":"label"}},{"text_6":{"size":["98%","default"],"text":"- §4You§ftube : Evoker MC","type":"label"}}],"type":"stack_panel"}},{"cre":{"anchor_from":"top_left","anchor_to":"top_left","bindings":[{"binding_type":"view","source_control_name":"cre_button","source_property_name":"#toggle_state","target_property_name":"#visible"}],"controls":[{"text_1":{"color":"green","font_size":"large","size":["98%","default"],"text":"Credits","type":"label"}},{"text_2":{"color":"yellow","size":["98%","default"],"text":"- Background code by Allvid Nonmi","type":"label"}},{"text_3":{"color":"yellow","size":["98%","default"],"text":"- Auto Place by Asaki Zuki","type":"label"}},{"text_4":{"color":"yellow","size":["98%","default"],"text":"- Item percent by Asaki Zuki","type":"label"}},{"text_5":{"color":"yellow","size":["98%","default"],"text":"- Force Coords by Asaki Zuki","type":"label"}}],"type":"stack_panel"}},{"note":{"anchor_from":"top_left","anchor_to":"top_left","bindings":[{"binding_type":"view","source_control_name":"note_button","source_property_name":"#toggle_state","target_property_name":"#visible"}],"controls":[{"text_1":{"color":"green","font_size":"large","size":["98%","default"],"text":"Note","type":"label"}},{"text_2":{"color":"yellow","size":["98%","default"],"text":"- May cause conflicts with other packages","type":"label"}},{"text_3":{"color":"yellow","size":["98%","default"],"text":"- This pack is not a Client and it does not increase FPS","type":"label"}},{"text_4":{"color":"yellow","size":["98%","default"],"text":"- The mod menu will be reset when the progress screen appears","type":"label"}},{"text_5":{"color":"yellow","size":["98%","default"],"text":"- If you find a bug in the package please report it in #fix-bug on my discord server","type":"label"}}],"type":"stack_panel"}},{"inventory":{"anchor_from":"top_left","anchor_to":"top_left","bindings":[{"binding_type":"view","source_control_name":"inv_button","source_property_name":"#toggle_state","target_property_name":"#visible"}],"controls":[{"text_1":{"color":"green","font_size":"large","size":["98%","default"],"text":"Auto Place ( Toggle )","type":"label"}},{"text_2":{"color":"yellow","size":["98%","default"],"text":"- This feature allows you to move items in your inventory and chest faster just by clicking on the item once","type":"label"}},{"text_3":{"color":"green","font_size":"large","size":["98%","default"],"text":"Drop One ( Toggle )","type":"label"}},{"text_4":{"color":"yellow","size":["98%","default"],"text":"- Like Auto Place this feature allows you to drop an item with just one tap on it","type":"label"}},{"text_5":{"color":"green","font_size":"large","size":["98%","default"],"text":"Quick Craft ( Button )","type":"label"}},{"text_6":{"color":"yellow","size":["98%","default"],"text":"- This feature makes it faster to craft bulk items without needing to click multiple times","type":"label"}}],"type":"stack_panel"}},{"mod_menu":{"anchor_from":"top_left","anchor_to":"top_left","bindings":[{"binding_type":"view","source_control_name":"mod_menu_button","source_property_name":"#toggle_state","target_property_name":"#visible"}],"controls":[{"text_1":{"color":"green","font_size":"large","size":["98%","default"],"text":"Mod Menu","type":"label"}},{"text_2":{"color":"yellow","size":["98%","default"],"text":"- Mod Menu helps you toggle other things that appear on the hud","type":"label"}},{"text_3":{"color":"yellow","size":["98%","default"],"text":"- To open the mod menu on your phone, just press the button with the letter M in the right corner of the screen [ Hud Screen ]","type":"label"}},{"text_4":{"color":"yellow","size":["98%","default"],"text":"- If you are using the computer or using the new controls, go to the pause screen and press the button with the letter M in the right corner of the screen","type":"label"}},{"text_5":{"color":"yellow","size":["98%","default"],"text":"- Mod Menu will be reset when progress screen appears","type":"label"}},{"text_6":{"color":"red","size":["98%","default"],"text":"[ ! ] Remember to close the mod menu before continuing the game","type":"label"}}],"type":"stack_panel"}}],"layer":25,"size":["100%","100%c"],"type":"panel"},"info_dialog@common_dialogs.main_panel_no_buttons":{"$child_control":"tabbed_upsell.info_panel","$show_close_button":true,"$text_name":"Information","anchor_from":"center","anchor_to":"center","layer":20,"size":["80%","75%"]},"info_panel":{"controls":[{"select":{"anchor_from":"top_left","anchor_to":"top_left","controls":[{"a@common.scrolling_panel":{"$scrolling_content":"tabbed_upsell.select_panel","$show_background":false}}],"size":["40% - 3px","100% - 2px"],"type":"panel"}},{"content":{"anchor_from":"top_right","anchor_to":"top_right","controls":[{"b@common.scrolling_panel":{"$scrolling_content":"tabbed_upsell.content_panel","$show_background":false}}],"size":["60% - 8px","100% - 2px"],"type":"panel"}},{"section_divider":{"anchor_from":"top_left","anchor_to":"top_left","layer":3,"offset":["40%",0],"size":["4px","100% - 2px"],"texture":"textures/ui/HowToPlayDivider","type":"image"}}],"type":"panel"},"namespace":"tabbed_upsell","select_panel":{"controls":[{"phantomrkgay@how_to_play_common.header2":{"$text":"Evoker UI Pack"}},{"Information@common_toggles.light_text_toggle_sw_2":{"$button_text":"Introduce","$default_border_visible":false,"$default_texture":"textures/ui/v_better_gui","$hover_border_visible":false,"$hover_texture":"textures/ui/v_better_gui_hover","$locked_texture":"textures/ui/v_better_gui_hover","$pressed_no_hover_texture":"textures/ui/v_better_gui_hover","$pressed_texture":"textures/ui/v_better_gui_hover","$toggle_group_forced_index":0,"$toggle_view_binding_name":"Information_button","size":["100%",30]}},{"cre@common_toggles.light_text_toggle_sw_2":{"$button_text":"Credits","$default_border_visible":false,"$default_texture":"textures/ui/v_better_gui","$hover_border_visible":false,"$hover_texture":"textures/ui/v_better_gui_hover","$locked_texture":"textures/ui/v_better_gui_hover","$pressed_no_hover_texture":"textures/ui/v_better_gui_hover","$pressed_texture":"textures/ui/v_better_gui_hover","$toggle_group_forced_index":2,"$toggle_view_binding_name":"cre_button","size":["100%",30]}},{"note@common_toggles.light_text_toggle_sw_2":{"$button_text":"Note","$default_border_visible":false,"$default_texture":"textures/ui/v_better_gui","$hover_border_visible":false,"$hover_texture":"textures/ui/v_better_gui_hover","$locked_texture":"textures/ui/v_better_gui_hover","$pressed_no_hover_texture":"textures/ui/v_better_gui_hover","$pressed_texture":"textures/ui/v_better_gui_hover","$toggle_group_forced_index":3,"$toggle_view_binding_name":"note_button","size":["100%",30]}},{"phantomrkgay_xd@how_to_play_common.header2":{"$text":"Main features of the pack"}},{"inv_mode@common_toggles.light_text_toggle_sw_2":{"$button_text":"Inventory Mode","$default_border_visible":false,"$default_texture":"textures/ui/v_better_gui","$hover_border_visible":false,"$hover_texture":"textures/ui/v_better_gui_hover","$locked_texture":"textures/ui/v_better_gui_hover","$pressed_no_hover_texture":"textures/ui/v_better_gui_hover","$pressed_texture":"textures/ui/v_better_gui_hover","$toggle_group_forced_index":4,"$toggle_view_binding_name":"inv_button","size":["100%",30]}},{"mod_menu@common_toggles.light_text_toggle_sw_2":{"$button_text":"Mod Menu","$default_border_visible":false,"$default_texture":"textures/ui/v_better_gui","$hover_border_visible":false,"$hover_texture":"textures/ui/v_better_gui_hover","$locked_texture":"textures/ui/v_better_gui_hover","$pressed_no_hover_texture":"textures/ui/v_better_gui_hover","$pressed_texture":"textures/ui/v_better_gui_hover","$toggle_group_forced_index":5,"$toggle_view_binding_name":"mod_menu_button","size":["100%",30]}}],"layer":25,"size":["100%","100%c"],"type":"stack_panel"},"tabbed_upsell_screen@common.base_screen":{"$screen_content":"tabbed_upsell.info_dialog","button_mappings":[{"from_button_id":"button.menu_cancel","mapping_type":"global","to_button_id":"button.menu_exit"},{"from_button_id":"button.menu_tab_left","mapping_type":"global","scope":"view","to_button_id":"button.menu_tab_left"},{"from_button_id":"button.menu_tab_right","mapping_type":"global","scope":"view","to_button_id":"button.menu_tab_right"}],"force_render_below":true}}