{"dark_button_assets@common.button":{"$default_button_texture|default":"textures/ui/v_better_gui_dark","$hover_button_texture|default":"textures/ui/v_better_gui_hover","$locked_alpha":1,"$locked_button_texture|default":"textures/ui/v_better_gui_hover","$pressed_button_texture|default":"textures/ui/v_better_gui_hover","locked_control":"locked"},"light_button_assets@common.button":{"$default_button_texture|default":"textures/ui/v_better_gui","$default_content_alpha|default":1,"$default_font|default":"default","$font_type":"$default_font","$hover_button_texture|default":"textures/ui/v_better_gui_hover","$hover_content_alpha|default":1,"$locked_alpha":1,"$locked_button_texture|default":"textures/ui/v_better_gui_locked","$pressed_button_texture|default":"textures/ui/v_better_gui_hover","locked_control":"locked"},"namespace":"common_buttons"}