{"light_template_toggle@common.toggle":{"$button_mappings|default":[{"from_button_id":"button.menu_select","mapping_type":"pressed","to_button_id":"button.menu_select"},{"from_button_id":"button.menu_ok","mapping_type":"focused","to_button_id":"button.menu_ok"},{"from_button_id":"button.controller_back","ignored":"(not $allow_controller_back_button_mapping)","mapping_type":"focused","to_button_id":"button.controller_back"},{"from_button_id":"button.menu_left","ignored":"(not $enable_directional_toggling)","input_mode_condition":"gamepad_and_not_gaze","mapping_type":"pressed","to_button_id":"$toggle_off_button"},{"from_button_id":"button.menu_right","ignored":"(not $enable_directional_toggling)","input_mode_condition":"gamepad_and_not_gaze","mapping_type":"pressed","to_button_id":"$toggle_on_button"},{"ignored":"(not $enable_hover_event_mapping)","mapping_type":"pressed","to_button_id":"$toggle_hover_event_mapping"}],"$checked_control|default":"common_toggles.toggle_checked","$checked_hover_control|default":"common_toggles.toggle_checked_hover","$checked_image|default":"common.empty_panel","$checked_locked_control|default":"common_toggles.toggle_locked","$checked_locked_hover_control|default":"common_toggles.toggle_locked","$custom_toggle_binding_condition|default":"visible","$custom_toggle_binding_type|default":"none","$custom_toggle_state_binding_name_override|default":"","$custom_toggle_state_binding_name|default":"","$default_border_color":"$light_border_toggle_default_color","$default_border_visible|default":true,"$default_checked_glyph_color|default":"$light_glyph_toggle_checked_default_color","$default_checked_text_color|default":"$light_toggle_checked_default_text_color","$default_checked_texture_alpha|default":1,"$default_checked_texture_color|default":"$f_color_format","$default_glyph_color|default":"$light_glyph_toggle_default_color","$default_state|default":false,"$default_text_color|default":"$light_toggle_default_text_color","$default_texture_alpha|default":1,"$default_texture_color|default":"$f_color_format","$default_texture|default":"textures/ui/v_better_gui","$enable_focus_enabled_bind|default":false,"$enable_focus_id_bind|default":false,"$enable_hover_event_mapping|default":false,"$focus_enabled_binding_name|default":"","$focus_id_binding_name|default":"","$hover_border_color":"$light_border_toggle_hover_color","$hover_border_visible|default":true,"$hover_checked_glyph_color|default":"$light_glyph_toggle_checked_hover_color","$hover_checked_text_color|default":"$light_toggle_checked_hover_text_color","$hover_checked_texture_alpha|default":1,"$hover_checked_texture_color|default":"$f_color_format","$hover_glyph_color|default":"$light_glyph_toggle_hover_color","$hover_state|default":false,"$hover_text_color|default":"$light_toggle_hover_text_color","$hover_texture_alpha|default":1,"$hover_texture_color|default":"$f_color_format","$hover_texture|default":"textures/ui/v_better_gui_hover","$locked_alpha":1,"$locked_state|default":false,"$locked_texture|default":"textures/ui/v_better_gui_hover","$pressed_no_hover_texture|default":"textures/ui/v_better_gui_hover","$pressed_state|default":false,"$pressed_texture|default":"textures/ui/v_better_gui_hover","$toggle_binding_type|default":"none","$toggle_checked_hover|default":false,"$toggle_checked|default":false,"$toggle_enabled_binding_type|default":"none","$toggle_focus_magnet_enabled|default":true,"$toggle_focus_wrap_enabled|default":true,"$toggle_hover_event_mapping|default":"","$toggle_on_hover_binding_name|default":"","$toggle_on_hover_binding_type|default":"none","$toggle_parent_collection_details_name|default":"","$toggle_parent_collection_details_prefix|default":"","$toggle_parent_collection_details|default":"none","$toggle_property_bag_binding_condition|default":"visible","$toggle_property_bag_binding_name|default":"#fill_toggle_property_bag","$toggle_property_bag_binding_type|default":"none","$toggle_tab_focus_binding_name|default":"","$toggle_tab_focus_binding_type|default":"none","$toggle_tab_focus_id_binding_name|default":"","$toggle_tab_focus_id_binding_type|default":"none","$toggle_tab_focus_override_down_binding_type|default":"none","$toggle_tab_focus_override_down|default":"#focus_override_down","$toggle_tab_focus_override_left_binding_type|default":"none","$toggle_tab_focus_override_left|default":"#focus_override_left","$toggle_tab_focus_override_right_binding_type|default":"none","$toggle_tab_focus_override_right|default":"#focus_override_right","$toggle_tab_focus_override_up_binding_type|default":"none","$toggle_tab_focus_override_up|default":"#focus_override_up","$toggle_tts_header_binding_collection_name|default":"","$toggle_tts_header_binding_condition|default":"visible","$toggle_tts_header_binding_type|default":"none","$toggle_tts_header|default":"","$toggle_unchecked_hover|default":false,"$toggle_unchecked|default":false,"$unchecked_control|default":"common_toggles.toggle_unchecked","$unchecked_hover_control|default":"common_toggles.toggle_unchecked_hover","$unchecked_image|default":"common.empty_panel","$unchecked_locked_control|default":"common_toggles.toggle_locked","$unchecked_locked_hover_control|default":"common_toggles.toggle_locked","bindings":[{"binding_collection_name":"$toggle_grid_collection_name","binding_condition":"$toggle_binding_condition","binding_name":"$toggle_state_binding_name","binding_name_override":"#toggle_state","binding_type":"$toggle_binding_type"},{"binding_collection_name":"$toggle_grid_collection_name","binding_condition":"$toggle_enabled_binding_condition","binding_name":"$toggle_enabled_binding_name","binding_name_override":"#enabled","binding_type":"$toggle_enabled_binding_type"},{"binding_collection_name":"$toggle_grid_collection_name","binding_type":"collection_details"},{"binding_collection_name":"$toggle_parent_collection_details_name","binding_collection_prefix":"$toggle_parent_collection_details_prefix","binding_type":"$toggle_parent_collection_details"},{"binding_collection_name":"$toggle_grid_collection_name","binding_condition":"$toggle_property_bag_binding_condition","binding_name":"$toggle_property_bag_binding_name","binding_type":"$toggle_property_bag_binding_type"},{"binding_name":"$toggle_tab_focus_binding_name","binding_name_override":"#default_focus_precedence","binding_type":"$toggle_tab_focus_binding_type"},{"binding_collection_name":"$toggle_grid_collection_name","binding_name":"$toggle_tab_focus_id_binding_name","binding_name_override":"#focus_identifier","binding_type":"$toggle_tab_focus_id_binding_type"},{"binding_collection_name":"$toggle_grid_collection_name","binding_name":"$toggle_tab_focus_override_right","binding_name_override":"#focus_change_right","binding_type":"$toggle_tab_focus_override_right_binding_type"},{"binding_collection_name":"$toggle_grid_collection_name","binding_name":"$toggle_tab_focus_override_left","binding_name_override":"#focus_change_left","binding_type":"$toggle_tab_focus_override_left_binding_type"},{"binding_collection_name":"$toggle_grid_collection_name","binding_name":"$toggle_tab_focus_override_down","binding_name_override":"#focus_change_down","binding_type":"$toggle_tab_focus_override_down_binding_type"},{"binding_collection_name":"$toggle_grid_collection_name","binding_name":"$toggle_tab_focus_override_up","binding_name_override":"#focus_change_up","binding_type":"$toggle_tab_focus_override_up_binding_type"},{"binding_name":"$toggle_on_hover_binding_name","binding_name_override":"#toggle_on_hover","binding_type":"$toggle_on_hover_binding_type"},{"binding_collection_name":"$toggle_grid_collection_name","binding_condition":"$custom_toggle_binding_condition","binding_name":"$custom_toggle_state_binding_name","binding_name_override":"$custom_toggle_state_binding_name_override","binding_type":"$custom_toggle_binding_type"},{"binding_collection_name":"$toggle_tts_header_binding_collection_name","binding_condition":"$toggle_tts_header_binding_condition","binding_name":"$toggle_tts_header","binding_type":"$toggle_tts_header_binding_type"},{"binding_name":"$focus_id_binding_name","binding_name_override":"#focus_identifier","ignored":"(not $enable_focus_id_bind)"},{"binding_name":"$focus_enabled_binding_name","binding_name_override":"#focus_enabled","ignored":"(not $enable_focus_enabled_bind)"}],"button_mappings":"$button_mappings","focus_magnet_enabled":"$toggle_focus_magnet_enabled","focus_wrap_enabled":"$toggle_focus_wrap_enabled"},"light_text_toggle1@common_toggles.light_image_toggle":{"$border_visible":false,"$button_type_panel":"common_toggles.template_toggle_txt","$checked_control":"common_toggles.toggle_checked","$checked_hover_control":"common_toggles.toggle_checked_hover","$checked_locked_control":"common_toggles.toggle_checked_locked","$checked_locked_hover_control":"common_toggles.toggle_checked_locked","$checked_locked_texture":"textures/ui/button_texture/toggle_off","$default_border_visible":false,"$default_texture":"textures/ui/button_texture/toggle_on","$hover_texture":"textures/ui/button_texture/toggle_off","$locked_alpha":0.5,"$pressed_no_hover_texture":"textures/ui/button_texture/toggle_off_hover","$pressed_texture":"textures/ui/button_texture/toggle_on_hover","$unchecked_control":"common_toggles.toggle_unchecked","$unchecked_hover_control":"common_toggles.toggle_unchecked_hover","$unchecked_locked_control":"common_toggles.toggle_unchecked_locked","$unchecked_locked_hover_control":"common_toggles.toggle_unchecked_locked","$unchecked_locked_texture":"textures/ui/button_texture/toggle_on"},"light_text_toggle_sw@common_toggles.light_ui_toggle":{"$button_type_panel":"common_toggles.template_toggle_txt_sw","$radio_toggle_group":true,"$toggle_group_default_selected":0,"$toggle_name":"navigation_toggle"},"light_text_toggle_sw_2@common_toggles.light_ui_toggle":{"$button_type_panel":"common_toggles.template_toggle_txt_sw","$radio_toggle_group":true,"$toggle_group_default_selected":0,"$toggle_name":"navigation_tab"},"light_text_toggle_sw_3@common_toggles.light_ui_toggle":{"$button_type_panel":"common_toggles.template_toggle_txt_sww","$default_texture":"textures/ui/default_toggle_button_dark","$hover_texture":"textures/ui/hover_toggle_button_dark","$locked_texture":"textures/ui/hover_toggle_button_dark","$pressed_no_hover_texture":"textures/ui/hover_toggle_button_dark","$pressed_texture":"textures/ui/hover_toggle_button_dark"},"light_text_toggle_sw_4@common_toggles.light_ui_toggle":{"$button_type_panel":"common_toggles.template_toggle_txt_sw","$radio_toggle_group":true,"$toggle_group_default_selected":0,"$toggle_name":"evoker_ui_pack"},"light_text_toggle_sw_5@common_toggles.light_ui_toggle":{"$button_type_panel":"common_toggles.template_toggle_txt_sw","$default_border_visible":false,"$radio_toggle_group":true,"$toggle_group_default_selected":0,"$toggle_name":"v_evoker_toggles"},"multi_toggle@common_toggles.light_ui_toggle":{"$button_type_panel":"common_toggles.template_toggle_txt","$default_border_visible":false,"$radio_toggle_group":true,"$toggle_group_default_selected":0},"namespace":"common_toggles","template_toggle_txt":{"controls":[{"txt":{"font_type":"smooth","layer":5,"offset":[50,0],"shadow":true,"text":"$button_text","type":"label"}}],"type":"panel"},"template_toggle_txt_sw":{"controls":[{"txt":{"color":"$text_color","layer":5,"shadow":false,"text":"$button_text","type":"label"}}],"type":"panel"},"template_toggle_txt_sww":{"controls":[{"txt":{"layer":8,"shadow":false,"text":"$button_text","type":"label"}}],"type":"panel"}}