{"namespace":"common_dialogs","v_dialog_background_hollow_3@common_dialogs.dialog_background_hollow_common":{"size":["100%","100%c"],"texture":"textures/ui/v_dark_dialog"},"v_main_panel_no_buttons":{"$custom_background|default":"v_dialog_background_hollow_3","$panel_indent_size|default":["100% - 16px","100% - 31px"],"$text_name|default":"","anchor_from":"center","anchor_to":"center","controls":[{"common_panel@common.common_panel":{"$dialog_background":"$custom_background"}},{"title_label@common_dialogs.title_label":{}},{"panel_indent":{"anchor_from":"top_middle","anchor_to":"top_middle","controls":[{"inside_header_panel@$child_control":{}}],"offset":[0,23],"size":"$panel_indent_size","type":"panel"}}],"type":"panel"}}