{
    "namespace": "features_section",
    "user_button@settings_common.section_toggle_base": {
        "$toggle_view_binding_name": "user_toggle",
        "$glyph_texture": "textures/settings/user",
        "$glyph_color_texture": "textures/settings/user",
        "$glyph_size": [
            19,
            20
        ],
        "$button_text": "Features",
        "$toggle_property_bag": {
            "#panel_title": "Features"
        }
    },
    "user_section": {
        "type": "stack_panel",
        "size": [
            "100%",
            "100%c"
        ],
        "anchor_from": "top_left",
        "anchor_to": "top_left",
        "bindings": [
            {
                "binding_type": "view",
                "source_control_name": "user_toggle",
                "source_property_name": "#toggle_state",
                "target_property_name": "#visible"
            }
        ],
        "controls": [
            {
                "selector_group_lable_1110@settings_common.selector_group_label": {
                    "text": "[Features]",
                    "font_type": "default"
                }
            },
            {
                "selector_group_lable_1111@settings_common.selector_group_label": {
                    "text": "1.Increase Fps",
                    "font_type": "default"
                }
            },
            {
                "selector_group_lable_1112@settings_common.selector_group_label": {
                    "text": "2.No Particle",
                    "font_type": "default"
                }
            },
            {
                "selector_group_lable_1113@settings_common.selector_group_label": {
                    "text": "3.Quick Settings",
                    "font_type": "default"
                }
            },
            {
                "selector_group_lable_1114@settings_common.selector_group_label": {
                    "text": "4.Quick Loot",
                    "font_type": "default"
                }
            },
            {
                "selector_group_lable_1115@settings_common.selector_group_label": {
                    "text": "5.Quick Crafting",
                    "font_type": "default"
                }
            },
            {
                "selector_group_lable_1116@settings_common.selector_group_label": {
                    "text": "6.Quick Chat",
                    "font_type": "default"
                }
            },
            {
                "selector_group_lable_1117@settings_common.selector_group_label": {
                    "text": "7.Transculent Pumpkin & Spyglass Overlay",
                    "font_type": "default"
                }
            },
            {
                "selector_group_lable_1118@settings_common.selector_group_label": {
                    "text": "8.Transculent ToolTips",
                    "font_type": "default"
                }
            },
            {
                "selector_group_lable_1119@settings_common.selector_group_label": {
                    "text": "9.No How To Play",
                    "font_type": "default"
                }
            },
            {
                "selector_group_lable_1120@settings_common.selector_group_label": {
                    "text": "10.Smooth Font",
                    "font_type": "default"
                }
            },
            {
                "selector_group_lable_1121@settings_common.selector_group_label": {
                    "text": "11.Low Shield",
                    "font_type": "default"
                }
            },
            {
                "selector_group_lable_1122@settings_common.selector_group_label": {
                    "text": "12.Low Fire",
                    "font_type": "default"
                }
            },
            {
                "selector_group_lable_1123@settings_common.selector_group_label": {
                    "text": "13.Outline Ores",
                    "font_type": "default"
                }
            },
            {
                "selector_group_lable_1124@settings_common.selector_group_label": {
                    "text": "14.Clean Glass",
                    "font_type": "default"
                }
            },
            {
                "selector_group_lable_1125@settings_common.selector_group_label": {
                    "text": "15.Softer Wool",
                    "font_type": "default"
                }
            },
            {
                "selector_group_lable_1126@settings_common.selector_group_label": {
                    "text": "16.Low Chunk",
                    "font_type": "default"
                }
            },
            {
                "selector_group_lable_1127@settings_common.selector_group_label": {
                    "text": "And More+",
                    "font_type": "default"
                }
            }
        ]
    }
}