{
   "namespace": "spy_renderer",
   
   "logo": {
   "type": "image",
   "anchor_from": "$anchor_from",
   "anchor_to": "$anchor_to",
   "texture": "_SPY/textures/renderer/logo"
   },
   
   "kala": {
   "type": "image",
   "texture": "_SPY/kala"
   },
   
   "clock_compass":{
      "type":"custom",
      "renderer":"inventory_item_renderer",
      "size":[
         16,
         16
      ]
   },
    
   "anim_logo": {
   "type": "panel",
   "controls": [
   {
     "1@spy_renderer.anim_logo_1": {}
   },
   {
     "1@spy_renderer.anim_logo_2": {}
   }
   ]
   },
   
   "anim_logo_1": {
   "type": "image",
   "layer": 100,
   "texture": "_SPY/textures/renderer/anim_1"
   },
   "anim_logo_2": {
   "type": "image",
   "layer": 101,
   "alpha": "@spy_renderer.logo_animation",
   "texture": "_SPY/textures/renderer/anim_2"
   },
   "logo_animation": {
    "anim_type":"alpha",
    "easing":"in_out_sine",
    "duration":2,
    "from": 0.0,
    "to": 0.8,
    "next":"@spy_renderer.logo_animation_1"
},
"logo_animation_1": {
    "anim_type":"wait",
    "duration":2,
    "next":"@spy_renderer.logo_animation_2"
},
"logo_animation_2": {
    "anim_type":"alpha",
    "easing":"in_out_sine",
    "duration":2,
    "from": 0.8,
    "to": 0.0,
    "next":"@spy_renderer.logo_animation_3"
},
"logo_animation_3": {
    "anim_type":"wait",
    "duration":2,
    "next":"@spy_renderer.logo_animation"
}
   
   
   }