{
   "namespace":"clock_compass",
   "organization":{
      "type":"stack_panel",
      "anchor_from":"right_middle",
      "anchor_to":"right_middle",
      "orientation":"vertical",
      "size":[
         16,
         32
      ],
      "bindings":[
         {
            "binding_type":"view",
            "source_control_name":"spy_cc",
            "source_property_name":"#toggle_state",
            "target_property_name":"#visible"
         }
      ],
      "controls":[
         {
            "compass@spy_renderer.clock_compass":{
               "property_bag":{
                  "#item_id_aux":22609920
               }
            }
         },
         {
            "clock@spy_renderer.clock_compass":{
               "property_bag":{
                  "#item_id_aux":22740992
               }
            },
         {
            "r_compass@spy_renderer.clock_compass":{
               "property_bag":{
                  "#item_id_aux":42401792
               }
            }
         }
      ]
   }
}