{
    "format_version": "1.12.0",
    "minecraft:geometry": [
        {
            "description": {
                "identifier": "geometry.boots",
                "texture_width": 16,
                "texture_height": 16
            },
            "bones": [
                {
                    "name": "feet",
                    "pivot": [
                        0,
                        8,
                        0
                    ],
                    "cubes": [
                        {
                            "origin": [
                                0,
                                -47,
                                0
                            ],
                            "size": [
                                16,
                                16,
                                0
                            ],
                            "uv": [
                                0,
                                0
                            ]
                        }
                    ]
                }
            ]
        },
        {
            "description": {
                "identifier": "geometry.leggings",
                "texture_width": 16,
                "texture_height": 16
            },
            "bones": [
                {
                    "name": "legs",
                    "pivot": [
                        0,
                        8,
                        0
                    ],
                    "cubes": [
                        {
                            "origin": [
                                0,
                                -32,
                                0
                            ],
                            "size": [
                                16,
                                16,
                                0
                            ],
                            "uv": [
                                0,
                                0
                            ]
                        }
                    ]
                }
            ]
        },
        {
            "description": {
                "identifier": "geometry.chestplate",
                "texture_width": 16,
                "texture_height": 16
            },
            "bones": [
                {
                    "name": "chest",
                    "pivot": [
                        0,
                        8,
                        0
                    ],
                    "cubes": [
                        {
                            "origin": [
                                0,
                                -15,
                                0
                            ],
                            "size": [
                                16,
                                16,
                                0
                            ],
                            "uv": [
                                0,
                                0
                            ]
                        }
                    ]
                }
            ]
        },
        {
            "description": {
                "identifier": "geometry.helmet",
                "texture_width": 16,
                "texture_height": 16
            },
            "bones": [
                {
                    "name": "helmet",
                    "pivot": [
                        0,
                        8,
                        0
                    ],
                    "cubes": [
                        {
                            "origin": [
                                0,
                                0,
                                0
                            ],
                            "size": [
                                16,
                                16,
                                0
                            ],
                            "uv": [
                                0,
                                0
                            ]
                        }
                    ]
                }
            ]
        }
    ]
}