{
    "format_version": "1.12.0",
    "minecraft:geometry": [
        {
            "description": {
                "identifier": "geometry.fts",
                "texture_width": 16,
                "texture_height": 16,
                "visible_bounds_width": 16,
                "visible_bounds_height": 3.5,
                "visible_bounds_offset": [
                    0,
                    1.25,
                    0
                ]
            },
            "bones": [
                {
                    "name": "fps",
                    "pivot": [
                        0,
                        0,
                        0
                    ]
                },
                {
                    "name": "tps",
                    "parent": "fps",
                    "pivot": [
                        56,
                        0,
                        0
                    ]
                },
                {
                    "name": "fts",
                    "parent": "tps",
                    "pivot": [
                        98,
                        0,
                        0
                    ],
                    "cubes": [
                        {
                            "origin": [
                                50,
                                12,
                                0
                            ],
                            "size": [
                                40,
                                16,
                                0
                            ],
                            "uv": {
                                "north": {
                                    "uv": [
                                        0,
                                        0
                                    ],
                                    "uv_size": [
                                        16,
                                        16
                                    ]
                                }
                            }
                        }
                    ]
                }
            ]
        },
        {
            "description": {
                "identifier": "geometry.fps_r",
                "texture_width": 16,
                "texture_height": 16,
                "visible_bounds_width": 2,
                "visible_bounds_height": 3.5,
                "visible_bounds_offset": [
                    0,
                    1.25,
                    0
                ]
            },
            "bones": [
                {
                    "name": "fps",
                    "pivot": [
                        0,
                        0,
                        0
                    ]
                },
                {
                    "name": "fps_r",
                    "parent": "fps",
                    "pivot": [
                        0,
                        0,
                        0
                    ],
                    "cubes": [
                        {
                            "origin": [
                                -6,
                                12,
                                0
                            ],
                            "size": [
                                12,
                                16,
                                0
                            ],
                            "uv": {
                                "north": {
                                    "uv": [
                                        0,
                                        0
                                    ],
                                    "uv_size": [
                                        16,
                                        16
                                    ]
                                }
                            }
                        }
                    ]
                }
            ]
        },
        {
            "description": {
                "identifier": "geometry.fps_p",
                "texture_width": 16,
                "texture_height": 16,
                "visible_bounds_width": 2,
                "visible_bounds_height": 3.5,
                "visible_bounds_offset": [
                    0,
                    1.25,
                    0
                ]
            },
            "bones": [
                {
                    "name": "fps",
                    "pivot": [
                        0,
                        0,
                        0
                    ]
                },
                {
                    "name": "fps_p",
                    "parent": "fps",
                    "pivot": [
                        14,
                        0,
                        0
                    ],
                    "cubes": [
                        {
                            "origin": [
                                8,
                                12,
                                0
                            ],
                            "size": [
                                12,
                                16,
                                0
                            ],
                            "uv": {
                                "north": {
                                    "uv": [
                                        0,
                                        0
                                    ],
                                    "uv_size": [
                                        16,
                                        16
                                    ]
                                }
                            }
                        }
                    ]
                }
            ]
        },
        {
            "description": {
                "identifier": "geometry.fps_s",
                "texture_width": 16,
                "texture_height": 16,
                "visible_bounds_width": 4,
                "visible_bounds_height": 3.5,
                "visible_bounds_offset": [
                    0,
                    1.25,
                    0
                ]
            },
            "bones": [
                {
                    "name": "fps",
                    "pivot": [
                        0,
                        0,
                        0
                    ]
                },
                {
                    "name": "fps_s",
                    "parent": "fps",
                    "pivot": [
                        28,
                        0,
                        0
                    ],
                    "cubes": [
                        {
                            "origin": [
                                22,
                                12,
                                0
                            ],
                            "size": [
                                12,
                                16,
                                0
                            ],
                            "uv": {
                                "north": {
                                    "uv": [
                                        0,
                                        0
                                    ],
                                    "uv_size": [
                                        16,
                                        16
                                    ]
                                }
                            }
                        }
                    ]
                }
            ]
        }
    ]
}