{
    "format_version": "1.8.0",
    "render_controllers": {
        "controller.render.creeper_armor": {
            "geometry": "Geometry.charged",
            "part_visibility": [
                {
                    "*": "query.is_powered"
                }
            ],
            "materials": [
                {
                    "*": "Material.charged"
                }
            ],
            "textures": [
                "Texture.charged"
            ],
            "overlay_color": {
                "r": 1.0,
                "g": 1.0,
                "b": 1.0,
                "a": 1.0
            },
            "uv_anim": {
                "offset": [
                    "(query.is_powered) ? (Math.floor(query.life_time * 20.0) + query.frame_alpha) * 0.01 : 0.0",
                    "(query.is_powered) ? (Math.floor(query.life_time * 20.0) + query.frame_alpha) * 0.01 : 0.0"
                ],
                "scale": [
                    1.0,
                    1.0
                ]
            },
            "light_color_multiplier": 0.5,
            "ignore_lighting": true,
            "is_hurt_color": {
                "r": "139.0",
                "g": "0.0",
                "b": "0.0",
                "a": "0.5"
            },
            "on_fire_color": {
                "r": "139.0",
                "g": "0.0",
                "b": "0.0",
                "a": "0.5"
            }
        }
    }
}