{
    "format_version": "1.10.0",
    "render_controllers": {
        "controller.render.evocation_fang": {
            "geometry": "Geometry.default",
            "materials": [
                {
                    "*": "Material.default"
                }
            ],
            "part_visibility": [
                {
                    "*": "variable.animation_progress != 0.0"
                }
            ],
            "textures": [
                "Texture.default"
            ],
            "is_hurt_color": {
                "r": "1.0",
                "g": "1.0",
                "b": "1.0",
                "a": "0.5"
            },
            "on_fire_color": {
                "r": "1.0",
                "g": "1.0",
                "b": "1.0",
                "a": "0.5"
            }
        }
    }
}