{
    "format_version": "1.8.0",
    "render_controllers": {
        "controller.render.evoker": {
            "geometry": "Geometry.default",
            "materials": [
                {
                    "*": "Material.default"
                }
            ],
            "part_visibility": [
                {
                    "*": true
                },
                {
                    "arms": "!(query.is_casting || query.is_celebrating)"
                },
                {
                    "leftarm": "query.is_casting || query.is_celebrating"
                },
                {
                    "rightarm": "query.is_casting || query.is_celebrating"
                }
            ],
            "textures": [
                "Texture.default"
            ],
            "is_hurt_color": {
                "r": "139.0",
                "g": "0.0",
                "b": "0.0",
                "a": "0.5"
            },
            "on_fire_color": {
                "r": "139.0",
                "g": "0.0",
                "b": "0.0",
                "a": "0.5"
            }
        }
    }
}