{
    "format_version": "1.8.0",
    "render_controllers": {
        "controller.render.ghast": {
            "arrays": {
                "textures": {
                    "Array.skins": [
                        "Texture.default",
                        "Texture.shooting"
                    ]
                }
            },
            "geometry": "Geometry.default",
            "materials": [
                {
                    "*": "Material.default"
                }
            ],
            "textures": [
                "Array.skins[variable.ischarging]"
            ],
            "is_hurt_color": {
                "r": "139.0",
                "g": "0.0",
                "b": "0.0",
                "a": "0.5"
            },
            "on_fire_color": {
                "r": "139.0",
                "g": "0.0",
                "b": "0.0",
                "a": "0.5"
            }
        }
    }
}