{
    "format_version": "1.8.0",
    "render_controllers": {
        "controller.render.silverfish": {
            "geometry": "Geometry.default",
            "materials": [
                {
                    "*": "Material.default"
                },
                {
                    "bodyLayer_*": "Material.body_layer"
                }
            ],
            "part_visibility": [
                {
                    "*": "0"
                },
                {
                    "bodypart_0": "1"
                },
                {
                    "bodypart_1": "1"
                },
                {
                    "bodypart_2": "1"
                },
                {
                    "bodypart_3": "1"
                },
                {
                    "bodypart_4": "1"
                },
                {
                    "bodypart_5": "1"
                },
                {
                    "bodypart_6": "1"
                },
                {
                    "bodylayer_0": "1"
                },
                {
                    "bodylayer_1": "1"
                },
                {
                    "bodylayer_2": "1"
                }
            ],
            "textures": [
                "Texture.default"
            ],
            "is_hurt_color": {
                "r": "139.0",
                "g": "0.0",
                "b": "0.0",
                "a": "0.5"
            },
            "on_fire_color": {
                "r": "139.0",
                "g": "0.0",
                "b": "0.0",
                "a": "0.5"
            }
        }
    }
}