{
    "format_version": "1.8.0",
    "render_controllers": {
        "controller.render.villager": {
            "arrays": {
                "textures": {
                    "Array.skins": [
                        "Texture.farmer",
                        "Texture.librarian",
                        "Texture.priest",
                        "Texture.smith",
                        "Texture.butcher"
                    ]
                }
            },
            "geometry": "Geometry.default",
            "materials": [
                {
                    "*": "Material.default"
                }
            ],
            "textures": [
                "Array.skins[query.variant]"
            ],
            "is_hurt_color": {
                "r": "139.0",
                "g": "0.0",
                "b": "0.0",
                "a": "0.5"
            },
            "on_fire_color": {
                "r": "139.0",
                "g": "0.0",
                "b": "0.0",
                "a": "0.5"
            }
        },
        "controller.render.villager.v1.0": {
            "arrays": {
                "textures": {
                    "Array.skins": [
                        "Texture.farmer",
                        "Texture.librarian",
                        "Texture.priest",
                        "Texture.smith",
                        "Texture.butcher"
                    ]
                }
            },
            "geometry": "Geometry.default",
            "part_visibility": [
                {
                    "*": false,
                    "head": true,
                    "nose": true,
                    "body": true,
                    "arms": true,
                    "leg0": true,
                    "leg1": true
                }
            ],
            "materials": [
                {
                    "*": "Material.default"
                }
            ],
            "textures": [
                "Array.skins[query.variant]"
            ],
            "is_hurt_color": {
                "r": "139.0",
                "g": "0.0",
                "b": "0.0",
                "a": "0.5"
            },
            "on_fire_color": {
                "r": "139.0",
                "g": "0.0",
                "b": "0.0",
                "a": "0.5"
            }
        }
    }
}