[
	{
		"flipbook_texture": "textures/blocks/age_25_kelp",
		"atlas_index": 25,
		"atlas_tile": "kelp_top_bulb",
		"ticks_per_frame": 4,
		"frames": [
			0, 1, 2, 3, 4, 5, 6, 7, 8, 9, 10, 11, 12, 13, 14, 15, 16, 17, 18, 19
		],
		"blend_frames": true
	},
	{
		"flipbook_texture": "textures/blocks/age_25_kelp",
		"atlas_index": 25,
		"atlas_tile": "kelp_top",
		"ticks_per_frame": 4,
		"frames": [
			0, 1, 2, 3, 4, 5, 6, 7, 8, 9, 10, 11, 12, 13, 14, 15, 16, 17, 18, 19
		],
		"blend_frames": true
	}
]
