{"padding":8,"resource_pack_name":"vanilla","texture_data":{"kelp_top":{"textures":["textures/blocks/kelp_top","textures/blocks/kelp_top","textures/blocks/kelp_top","textures/blocks/kelp_top","textures/blocks/kelp_top","textures/blocks/kelp_top","textures/blocks/kelp_top","textures/blocks/kelp_top","textures/blocks/kelp_top","textures/blocks/kelp_top","textures/blocks/kelp_top","textures/blocks/kelp_top","textures/blocks/kelp_top","textures/blocks/kelp_top","textures/blocks/kelp_top","textures/blocks/kelp_top","textures/blocks/kelp_top","textures/blocks/kelp_top","textures/blocks/kelp_top","textures/blocks/kelp_top","textures/blocks/kelp_top","textures/blocks/kelp_top","textures/blocks/kelp_top","textures/blocks/kelp_top","textures/blocks/kelp_top","textures/blocks/age_25_kelp"]},"grass_side_bt":{"textures":[{"path":"textures/blocks/grass_top","overlay_color":"#79c05a"},{"path":"textures/blocks/grass_top","overlay_color":"#8ab689"},{"path":"textures/blocks/grass_top","overlay_color":"#bfb755"},{"path":"textures/blocks/grass_top","overlay_color":"#59c93c"},{"path":"textures/blocks/grass_top","overlay_color":"#55c93f"},{"path":"textures/blocks/grass_top","overlay_color":"#88bb66"},{"path":"textures/blocks/grass_top","overlay_color":"#86b87f"},{"path":"textures/blocks/grass_top","overlay_color":"#64c73f"},{"path":"textures/blocks/grass_top","overlay_color":"#86b783"},{"path":"textures/blocks/grass_top","overlay_color":"#83b593"},{"path":"textures/blocks/grass_top","overlay_color":"#80b497"},{"path":"textures/blocks/grass_top","overlay_color":"#91bd59"},{"path":"textures/blocks/grass_top","overlay_color":"#90814d"},{"path":"textures/blocks/grass_top","overlay_color":"#8eb971"},{"path":"textures/blocks/grass_top","overlay_color":"#6a7039"},{"path":"textures/blocks/grass_top","overlay_color":"#507a32"},"textures/blocks/grass_side_snowed"]},"kelp_top_bulb":{"textures":["textures/blocks/kelp_top_bulb","textures/blocks/kelp_top_bulb","textures/blocks/kelp_top_bulb","textures/blocks/kelp_top_bulb","textures/blocks/kelp_top_bulb","textures/blocks/kelp_top_bulb","textures/blocks/kelp_top_bulb","textures/blocks/kelp_top_bulb","textures/blocks/kelp_top_bulb","textures/blocks/kelp_top_bulb","textures/blocks/kelp_top_bulb","textures/blocks/kelp_top_bulb","textures/blocks/kelp_top_bulb","textures/blocks/kelp_top_bulb","textures/blocks/kelp_top_bulb","textures/blocks/kelp_top_bulb","textures/blocks/kelp_top_bulb","textures/blocks/kelp_top_bulb","textures/blocks/kelp_top_bulb","textures/blocks/kelp_top_bulb","textures/blocks/kelp_top_bulb","textures/blocks/kelp_top_bulb","textures/blocks/kelp_top_bulb","textures/blocks/kelp_top_bulb","textures/blocks/kelp_top_bulb","textures/blocks/age_25_kelp"]},"bookshelf":{"textures":{"variations":[{"path":"textures/blocks/bookshelf/0"},{"path":"textures/blocks/bookshelf/1"},{"path":"textures/blocks/bookshelf/2"},{"path":"textures/blocks/bookshelf/3"},{"path":"textures/blocks/bookshelf/4"},{"path":"textures/blocks/bookshelf/5"},{"path":"textures/blocks/bookshelf/6"}]}}},"texture_name":"atlas.terrain","num_mip_levels":4}