{
  "chest_grid_item_quick_loot_mode@quickloot.container_item_quick_loot_mode": {
    "$item_collection_name": "container_items"
  },
  "small_chest_grid_quick_loot_mode@chest.small_chest_grid": {
    "grid_item_template": "chest.chest_grid_item_quick_loot_mode"
  },
  "large_chest_grid_quick_loot_mode@chest.large_chest_grid": {
    "grid_item_template": "chest.chest_grid_item_quick_loot_mode"
  },
  "small_chest_panel_top_half_quick_loot_mode@chest.small_chest_panel_top_half": {
    "controls": [
      {
        "chest_label@chest.chest_label": {}
      },
      {
        "small_chest_grid_quick_loot_mode@chest.small_chest_grid_quick_loot_mode": {
          "offset": [
            7,
            9
          ]
        }
      }
    ]
  },
  "large_chest_panel_top_half_quick_loot_mode@chest.large_chest_panel_top_half": {
    "controls": [
      {
        "chest_label@chest.chest_label": {}
      },
      {
        "large_chest_grid_quick_loot_mode@chest.large_chest_grid_quick_loot_mode": {
          "offset": [
            7,
            10
          ]
        }
      }
    ]
  },
  "small_chest_panel/root_panel/chest_panel": {
    "bindings": [
      {
        "binding_type": "view",
        "source_control_name": "tyel_quick_loot_mode_toggle",
        "source_property_name": "(not #toggle_state)",
        "target_property_name": "#visible"
      }
    ]
  },
  "small_chest_panel/root_panel": {
    "modifications": [
      {
        "array_name": "controls",
        "operation": "insert_back",
        "value": [
          {
            "buttons_panel@quickloot.buttons_panel": {
              "anchor_from": "bottom_right",
              "anchor_to": "bottom_left",
              "layer": 8,
              "offset": [
                2,
                -4
              ]
            }
          },
          {
            "tyel_quick_loot_mode_toggle@quickloot.tyel_quick_loot_mode_toggle": {
              "anchor_from": "top_left",
              "anchor_to": "top_right",
              "offset": [
                4,
                30
              ],
              "layer": 5
            }
          },
          {
            "chest_panel_quick_loot_mode": {
              "type": "panel",
              "layer": 5,
              "controls": [
                {
                  "small_chest_panel_top_half_quick_loot_mode@chest.small_chest_panel_top_half_quick_loot_mode": {}
                },
                {
                  "inventory_panel_bottom_half_with_label_quick_loot_mode@quickloot.inventory_panel_bottom_half_with_label_quick_loot_mode": {}
                },
                {
                  "hotbar_grid_quick_loot_mode@quickloot.hotbar_grid_template_quick_loot_mode": {}
                },
                {
                  "inventory_take_progress_icon_button@common.inventory_take_progress_icon_button": {}
                }
              ],
              "bindings": [
                {
                  "binding_type": "view",
                  "source_control_name": "tyel_quick_loot_mode_toggle",
                  "source_property_name": "#toggle_state",
                  "target_property_name": "#visible"
                }
              ]
            }
          }
        ]
      }
    ]
  },
  "large_chest_panel/root_panel/chest_panel": {
    "bindings": [
      {
        "binding_type": "view",
        "source_control_name": "tyel_quick_loot_mode_toggle",
        "source_property_name": "(not #toggle_state)",
        "target_property_name": "#visible"
      }
    ]
  },
  "large_chest_panel/root_panel": {
    "modifications": [
      {
        "array_name": "controls",
        "operation": "insert_back",
        "value": [
          {
            "buttons_panel@quickloot.buttons_panel": {
              "anchor_from": "bottom_right",
              "anchor_to": "bottom_left",
              "layer": 8,
              "offset": [
                2,
                -4
              ]
            }
          },
          {
            "tyel_quick_loot_mode_toggle@quickloot.tyel_quick_loot_mode_toggle": {
              "anchor_from": "top_left",
              "anchor_to": "top_right",
              "offset": [
                4,
                50
              ],
              "layer": 5
            }
          },
          {
            "chest_panel_quick_loot_mode": {
              "type": "panel",
              "layer": 5,
              "controls": [
                {
                  "large_chest_panel_top_half_quick_loot_mode@chest.large_chest_panel_top_half_quick_loot_mode": {}
                },
                {
                  "inventory_panel_bottom_half_with_label_quick_loot_mode@quickloot.inventory_panel_bottom_half_with_label_quick_loot_mode": {}
                },
                {
                  "hotbar_grid_quick_loot_mode@quickloot.hotbar_grid_template_quick_loot_mode": {}
                },
                {
                  "inventory_take_progress_icon_button@common.inventory_take_progress_icon_button": {}
                }
              ],
              "bindings": [
                {
                  "binding_type": "view",
                  "source_control_name": "tyel_quick_loot_mode_toggle",
                  "source_property_name": "#toggle_state",
                  "target_property_name": "#visible"
                }
              ]
            }
          }
        ]
      }
    ]
  }
}