{
	"namespace": "pause",
	"pause_screen@screen_ui.base_screen": {
		"cache_screen": true,
		"$screen_animations": [
			"@common.screen_exit_animation_push_fade",
			"@common.screen_exit_animation_pop_fade",
			"@common.screen_entrance_animation_push_fade",
			"@common.screen_entrance_animation_pop_fade"
		],
		"button_mappings": [
			{
				"from_button_id": "button.menu_cancel",
				"to_button_id": "button.menu_continue",
				"mapping_type": "global"
			},
			{
				"from_button_id": "button.controller_start",
				"to_button_id": "button.menu_continue",
				"mapping_type": "global"
			},
			{
				"from_button_id": "button.menu_vr_realign",
				"to_button_id": "button.menu_vr_realign",
				"mapping_type": "global",
				"scope": "controller"
			},
			{
				"from_button_id": "button.controller_select",
				"to_button_id": "button.to_profile_or_skins_screen",
				"mapping_type": "global",
				"scope": "controller"
			},
			{
				"from_button_id": "button.menu_tab_left",
				"to_button_id": "button.menu_tab_left",
				"mapping_type": "global",
				"scope": "view"
			},
			{
				"from_button_id": "button.menu_tab_right",
				"to_button_id": "button.menu_tab_right",
				"mapping_type": "global",
				"scope": "view"
			}
		],
		"$screen_content": "pause.pause_screen_content"
	},
	"pause_screen_content": {
		"type": "panel",
	
	
		"controls": [{"pause_screen_content_panel@pause.pause_screen_content_panel":{}},
				{"info_panel@pause.info_panel": {}},				{
				"gamepad_helpers@pause.gamepad_helpers": {}
			},
			{
				"keyboard_helpers@pause.keyboard_helpers": {}
			}
		
		]
	},
	"pause_screen_content_panel": {
		"type": "panel",
	
		"controls": [	{"main_panel@pause.main_panel":{}},{"dark":{"type":"image","texture":"menu/components/dark","layer":-5,"size":[1000,10000]}}
     
			],"bindings": [
      {
        "binding_type": "view",
        "source_control_name": "players_menu_view",
        "source_property_name": "(not #toggle_state)",
        "target_property_name": "#visible"
      }
    ]},
			

		
	"label_panel": {
    "type": "label",
    "size": [ "100%", "default" ],
    "layer": 100,
    "$text_font_scale_factor|default": 1,
    "font_scale_factor": "$text_font_scale_factor",
    "text": "$text",
    "color": "$main_header_text_color"
  },
  
       
     

  "server@resume1_button.resume1_button": {
    "$pressed_button_name": "button.menu_server_store",
    "size":[90,20],
    "$button_text": "Server Store",
    "bindings": [
      {
        "binding_name": "#invite_button_visible",
        "binding_name_override": "#enabled",
        "binding_type": "global"
      }
    ]

  },
 
 
   
   "achievements@resume1_button.resume1_button": {
    "$pressed_button_name": "button.menu_achievements",
    "size":[90,20],
    "$button_text": "Advancements"

  }, "profile@resume1_button.resume1_button": {
    "$pressed_button_name": "button.to_profile_or_skins_screen",
     "size":[90,20],
    "$button_text": "Profile",
      

    "$focus_id": "profile_button",
    "$button_tts_header": "accessibility.start.profile"
  },
  

  "settings@resume1_button.resume1_button": {
    "$pressed_button_name": "button.menu_settings",
     "size":[186,20],
      

    "$button_text": "Game Options"
  },

  
 "play@quit.quit": {
    "$pressed_button_name": "button.menu_continue",
     "size":[90,20],
      

    "$button_focus_precedence": 1,
    "focus_change_up": "button.menu_quit",
    "$button_text": "Back to Game"
  },


  "exit@disconnect_button.disconnect_button": {
    "$pressed_button_name": "button.menu_quit",
     "size":[90,20],

    "variables": [
      {
        "requires": "(not $is_secondary_client)",
        "$button_text": "Disconnect"
      },
      {
        "requires": "$is_secondary_client",
        "$button_text": "Disconnect"
      }
    ]
 },
    	"info_panel@pause.pause_screen_border": {
		"size": [
			150,
			"100%"
		],
		"anchor_from": "right_middle",
		"anchor_to": "right_middle",
		"controls": [
			{
				"info_panel_background@pause.info_panel_background": {}
			},
			{
				"info_panel_list@pause.info_panel_content_list": {}
			}
		],
		"bindings": [
			{
				"binding_type": "view",
				"source_control_name": "player_list",
				"source_property_name": "#toggle_state",
				"target_property_name": "#visible"
			}
		]
	},
                    
   	"Playerlist": {
		"type": "label",
		"layer": 2,
		"text": "Players",
		"font_type": "smooth",
		"color": "$generic_button_text_color",
		"max_size": [
			"100% - 4px",
			"100% - 4px"
		]
	},
  		"show_player_list_toggle@common_tabs.base_tab": {
					"layer": 1337,
					"$toggle_name": "Button",
					"$unchecked_default_image": "textures/resume1/resume1_button",
					"$unchecked_hover_image": "textures/resume1/resume1_button_hover",
					"$checked_default_image|default": "textures/resume1/resume1_button",
					"$checked_hover_image|default": "textures/resume1/resume1_button_hover",
					"$unchecked_locked_image": "textures/resume1/resume1_button",
					"$unchecked_locked_hover_image": "textures/resume1/resume1_button_hover",
					"$checked_locked_image|default": "textures/resume1/resume1_button",
					"$checked_locked_hover_image|default": "textures/resume1/resume1_button_hover",
					"$tab_view_binding_name": "player_list",
					"anchor_from": "bottom_right",
					"anchor_to": "bottom_right",
					"size": [
						90,
						20
					],
					"$tab_content": "pause.Playerlist"
				},
			
    "top_panelbg":{
    "type":"image",
    "texture":"menu/components/dmodd",
    "layer": 10,
    "size":[160,160],
    "offset":[0,-70]
    },
      "line_break": {
    "type": "panel",
    "controls": [
      {
        "line_break_image": {
          "type": "image",
          "texture": "textures/ui/list_item_divider_line_light",
          "layer":1,
          "color": [ 0.37, 0.4, 0.41 ],
          "anchor_from": "center",
          "anchor_to": "center"
        }
      }
    ]
  },
  "horizontal_padding": {
    "type": "panel",
    "size": [ 10, 0 ]
  },
  "vertical_padding": {
  "type": "panel",
  "size": [ "100%", 7 ]
  },
    "main_panel": {
    "type": "panel",
    "anchor_from": "center",
    "anchor_to": "center",
    "offset":[0,0],
    "size": [ 210,150],
    "controls": [{"teehee@main_panel_buttons":{}},{"jajajajaja@top_panelbg":{"anchor_from":"top_middle","anchor_to":"top_middle"}}]},
     
    
    
    "main_panel_buttons":{
    "type":"panel",
    "size":[186,102],
    "offset":[0,16],
    "controls":[ 
    {"lolol@play":{"anchor_from":"top_left","anchor_to":"top_left"}},
  {"wowowow@server":{"anchor_from":"top_right","anchor_to":"top_right","offset":[0,74]}},
  {"heehee@profile":{"anchor_from":"top_right","anchor_to":"top_right","offset":[0,51]}},  
{"@achievements":{ "anchor_from":"top_left","anchor_to":"top_left","offset":[0,74] }},
    
 {"cplaer@show_player_list_toggle":{"anchor_from":"top_left","anchor_to":"top_left","offset":[0,51]}},  
    {"sjsjs@settings":{"anchor_from":"top_middle","anchor_to":"top_middle","offset":[0,28]}}, 
    {"wawa@exit":{"anchor_from":"top_right","anchor_to":"top_right"}}]}}
    
 