{
  "namespace": "quickloot",
  "item_renderer": {
    "type": "custom",
    "renderer": "inventory_item_renderer",
    "size": [
      16,
      16
    ]
  },
  "utility_tool": {
    "type": "stack_panel",
    "orientation": "horizontal",
    "$utility_anchor|default": "top_right",
    "$utility_offset|default": [
      0,
      0
    ],
    "anchor_from": "$utility_anchor",
    "anchor_to": "$utility_anchor",
    "offset": "$utility_offset",
    "size": [
      32,
      16
    ],
    "layer": 1,
    "controls": [
      {
        "compass@quickloot.item_renderer": {
          "property_bag": {
            "#item_id_aux": 22609920
          }
        }
      },
      {
        "clock@quickloot.item_renderer": {
          "property_bag": {
            "#item_id_aux": 22740992
          }
        }
      }
    ]
  },
  "drop_button_icon": {
    "type": "panel",
    "size": "$tools_button_size",
    "$icon_text|default": "",
    "controls": [
      {
        "chest_renderer@quickloot.item_renderer": {
          "size": "$tools_button_size",
          "property_bag": {
            "#item_id_aux": 3538944
          },
          "layer": 1
        }
      },
      {
        "down_arrow_icon": {
          "type": "image",
          "texture": "textures/ui/down_arrow",
          "size": [
            12,
            12
          ],
          "anchor_from": "top_left",
          "anchor_to": "top_left",
          "layer": 2
        }
      },
      {
        "text": {
          "type": "label",
          "text": "$icon_text",
          "font_size": "small",
          "anchor_from": "bottom_right",
          "anchor_to": "bottom_right",
          "layer": 3
        }
      },
      {
        "hover_text_panel@quickloot.hover_text_panel": {}
      }
    ]
  },
  "destroy_button_icon": {
    "type": "panel",
    "size": "$tools_button_size",
    "$icon_text|default": "",
    "controls": [
      {
        "trash_bin_icon": {
          "type": "image",
          "texture": "textures/ui/icon_trash",
          "layer": 1
        }
      },
      {
        "text": {
          "type": "label",
          "text": "$icon_text",
          "font_size": "small",
          "anchor_from": "bottom_right",
          "anchor_to": "bottom_right",
          "layer": 2
        }
      },
      {
        "hover_text_panel@quickloot.hover_text_panel": {}
      }
    ]
  },
  "header_base": {
    "type": "panel",
    "layer": 2,
    "$title_bindings|default": [],
    "$screen_header_title|default": "",
    "$header_icon|default": "",
    "$ignore_header_icon|default": false,
    "$title_offset|default": [
      48,
      5
    ],
    "$icon_control|default": "common.empty_panel",
    "size": [
      "100%",
      "30px"
    ],
    "anchor_from": "top_left",
    "anchor_to": "top_left",
    "variables": [
      {
        "requires": "$ignore_header_icon",
        "$title_offset": [
          20,
          5
        ]
      }
    ],
    "controls": [
      {
        "top_bar@common_store.store_top_bar": {
          "size": [
            "100%",
            "30px"
          ],
          "layer": 2,
          "controls": [
            {
              "back_button@common.back_title_button": {
                "anchor_from": "left_middle",
                "anchor_to": "left_middle",
                "offset": [
                  2,
                  -1
                ]
              }
            },
            {
              "header_icon": {
                "ignored": "$ignore_header_icon",
                "type": "image",
                "texture": "$header_icon",
                "size": [
                  24,
                  24
                ],
                "anchor_from": "left_middle",
                "anchor_to": "left_middle",
                "offset": [
                  20,
                  -2
                ],
                "layer": 2,
                "keep_ratio": true
              }
            },
            {
              "icon_control@$icon_control": {
                "ignored": "$ignore_header_icon",
                "anchor_from": "left_middle",
                "anchor_to": "left_middle",
                "offset": [
                  20,
                  -2
                ],
                "layer": 2
              }
            },
            {
              "title@common.screen_header_title_panel": {
                "size": [
                  "100% - 22px",
                  "100%"
                ],
                "offset": "$title_offset",
                "anchor_from": "left_middle",
                "anchor_to": "left_middle",
                "$screen_header_title_binding_type": "global",
                "layer": 5,
                "bindings": "$title_bindings"
              }
            }
          ]
        }
      }
    ]
  },
  "icon_padding": {
    "type": "panel",
    "size": [
      1,
      1
    ]
  },
  "buttons_panel": {
    "type": "stack_panel",
    "anchor_from": "bottom_left",
    "anchor_to": "bottom_left",
    "size": [
      16,
      "100%c"
    ],
    "orientation": "vertical",
    "$destroy_button_visible|default": false,
    "$tools_button_size|default": [
      16,
      16
    ],
    "controls": [
      {
        "drop@quickloot.transpasdasdaarent_backgasdaround_button": {
          "size": "$tools_button_size",
          "$button_content": "quickloot.drop_button_icon",
          "$pressed_button_name": "button.cursor_drop_one",
          "$icon_text": "icontext.multiplyone",
          "$hover_text": "icontext.dropOne",
          "sound_name": "random.pop",
          "sound_volume": 1,
          "sound_pitch": 1
        }
      },
      {
        "icon_padding_1@tyasdsadel_commasdasdon.icon_padding": {}
      },
      {
        "drop_all@quickloot.transpaasdadsadrent_background_button": {
          "size": "$tools_button_size",
          "$button_content": "quickloot.drop_button_icon",
          "$pressed_button_name": "button.cursor_drop_all",
          "$icon_text": "icontext.all",
          "$hover_text": "icontext.dropAll",
          "sound_name": "random.pop2",
          "sound_volume": 1,
          "sound_pitch": 1
        }
      },
      {
        "icon_padding_2@quickloot.icon_padding": {
          "ignored": "(not $destroy_button_visible)",
          "bindings": [
            {
              "binding_type": "global",
              "binding_name": "#is_creative_mode",
              "binding_name_override": "#visible"
            }
          ]
        }
      },
      {
        "clear_hotbar_or_remove_one@quickloot.transpaasdadarent_background_button": {
          "size": "$tools_button_size",
          "ignored": "(not $destroy_button_visible)",
          "$button_content": "quickloot.destroy_button_icon",
          "$pressed_button_name": "button.clear_hotbar_or_remove_one",
          "$icon_text": "icontext.multiplyone",
          "$hover_text": "icontext.destroyOne",
          "sound_name": "random.break",
          "sound_volume": 0.8,
          "sound_pitch": 1,
          "bindings": [
            {
              "binding_type": "global",
              "binding_name": "#is_creative_mode",
              "binding_name_override": "#visible"
            }
          ]
        }
      },
      {
        "icon_padding_3@quickloot.icon_padding": {
          "ignored": "(not $destroy_button_visible)",
          "bindings": [
            {
              "binding_type": "global",
              "binding_name": "#is_creative_mode",
              "binding_name_override": "#visible"
            }
          ]
        }
      },
      {
        "destroy_selection@quickloot.transasdadadparent_background_button": {
          "size": "$tools_button_size",
          "ignored": "(not $destroy_button_visible)",
          "$button_content": "quickloot.destroy_button_icon",
          "$pressed_button_name": "button.destroy_selection",
          "$icon_text": "icontext.all",
          "$hover_text": "icontext.destroyAll",
          "sound_name": "mob.wither.break_block",
          "sound_volume": 0.1,
          "sound_pitch": 1,
          "bindings": [
            {
              "binding_type": "global",
              "binding_name": "#is_creative_mode",
              "binding_name_override": "#visible"
            }
          ]
        }
      }
    ]
  },
  "transparent_background_button@common_buttons.transparent_content_button": {
    "$default_button_texture": "",
    "$hover_button_texture": "",
    "$pressed_button_texture": "",
    "$locked_button_texture": "",
    "$pressed_button_name|default": ""
  },
  "hover_text_image_panel": {
    "type": "image",
    "texture": "textures/ui/purpleBorder",
    "size": [
      "100%c + 8px",
      "100%c + 6px"
    ],
    "layer": 1000,
    "anchor_from": "center",
    "anchor_to": "top_left",
    "offset": [
      2,
      2
    ],
    "controls": [
      {
        "hover_text": {
          "type": "label",
          "text": "$hover_text",
          "color": "$item_hover_text_color",
          "size": [
            "default",
            "default"
          ],
          "anchor_from": "top_left",
          "anchor_to": "top_left",
          "offset": [
            4,
            3
          ],
          "layer": 1001
        }
      }
    ]
  },
  "hover_text_button": {
    "type": "button",
    "size": [
      1,
      1
    ],
    "anchor_from": "center",
    "anchor_to": "center",
    "layer": 900,
    "follows_cursor": true,
    "consume_hover_events": false,
    "always_handle_pointer": true,
    "focus_enabled": false,
    "focus_magnet_enabled": false,
    "hover_control": "hover",
    "controls": [
      {
        "hover@quickloot.hover_text_image_panel": {}
      }
    ]
  },
  "hover_text_panel": {
    "ignored": "(not ($hover_state or $pressed_state)",
    "type": "panel",
    "allow_clipping": false,
    "$hover_text|default": "",
    "controls": [
      {
        "hover_text_button@quickloot.hover_text_button": {
          "ignored": "$touch"
        }
      },
      {
        "hover_text_image_panel@quickloot.hover_text_image_panel": {
          "ignored": "(not $touch)"
        }
      }
    ]
  },
  "container_item_quick_loot_mode@common.container_item": {
    "$button_ref|default": "quickloot.container_slot_button_prototype_quick_loot_mode"
  },
  "container_slot_button_prototype_quick_loot_mode@common.container_slot_button_prototype": {
    "button_mappings": [
      {
        "from_button_id": "button.menu_select",
        "to_button_id": "button.container_auto_place",
        "mapping_type": "pressed"
      },
      {
        "from_button_id": "button.menu_ok",
        "to_button_id": "button.container_auto_place",
        "mapping_type": "pressed"
      },
      {
        "from_button_id": "button.menu_secondary_select",
        "to_button_id": "button.container_take_half_place_one",
        "mapping_type": "pressed"
      },
      {
        "from_button_id": "button.controller_select",
        "to_button_id": "button.container_take_half_place_one",
        "mapping_type": "pressed"
      },
      {
        "from_button_id": "button.menu_auto_place",
        "to_button_id": "button.container_auto_place",
        "mapping_type": "pressed"
      },
      {
        "from_button_id": "button.controller_secondary_select",
        "to_button_id": "button.container_auto_place",
        "mapping_type": "pressed"
      },
      {
        "from_button_id": "button.menu_inventory_drop",
        "to_button_id": "button.drop_one",
        "mapping_type": "pressed"
      },
      {
        "from_button_id": "button.menu_inventory_drop_all",
        "to_button_id": "button.drop_all",
        "mapping_type": "pressed"
      },
      {
        "from_button_id": "button.menu_select",
        "to_button_id": "button.coalesce_stack",
        "mapping_type": "double_pressed"
      },
      {
        "from_button_id": "button.menu_ok",
        "to_button_id": "button.coalesce_stack",
        "mapping_type": "double_pressed"
      },
      {
        "to_button_id": "button.shape_drawing",
        "mapping_type": "pressed"
      },
      {
        "to_button_id": "button.container_slot_hovered",
        "mapping_type": "pressed"
      }
    ]
  },
  "grid_item_for_hotbar_quick_loot_mode@quickloot.container_item_quick_loot_mode": {
    "$item_collection_name": "hotbar_items"
  },
  "hotbar_grid_template_quick_loot_mode@common.hotbar_grid_template": {
    "grid_item_template": "quickloot.grid_item_for_hotbar_quick_loot_mode"
  },
  "grid_item_for_inventory_quick_loot_mode@quickloot.container_item_quick_loot_mode": {
    "$item_collection_name": "inventory_items"
  },
  "inventory_panel_quick_loot_mode@common.inventory_panel": {
    "controls": [
      {
        "inventory_grid": {
          "type": "grid",
          "size": [
            162,
            54
          ],
          "anchor_from": "bottom_middle",
          "anchor_to": "bottom_middle",
          "offset": [
            0,
            -26
          ],
          "grid_dimensions": [
            9,
            3
          ],
          "grid_item_template": "quickloot.grid_item_for_inventory_quick_loot_mode",
          "collection_name": "inventory_items"
        }
      }
    ]
  },
  "tyel_quick_loot_mode_toggle@common_tabs.left_tab_toggle_with_custom_control": {
    "size": [
      100,
      28
    ],
    "$toggle_on_control": "quickloot.quick_loot_mode_toggle_on_control",
    "$toggle_off_control": "quickloot.quick_loot_mode_toggle_off_control",
    "$toggle_on_hover_control": "quickloot.quick_loot_mode_toggle_on_hover_control",
    "$toggle_off_hover_control": "quickloot.quick_loot_mode_toggle_off_hover_control",
    "$option_label": "Quick Loot",
    "$option_on_label": "options.on",
    "$option_off_label": "options.off",
    "$toggle_name": "tyel_quick_loot_mode_toggle"
  },
  "inventory_panel_bottom_half_with_label_quick_loot_mode@common.inventory_panel_bottom_half_with_label": {
    "controls": [
      {
        "inventory_panel_quick_loot_mode@quickloot.inventory_panel_quick_loot_mode": {}
      },
      {
        "inventory_label@common.section_heading_label": {
          "anchor_from": "top_left",
          "anchor_to": "top_left",
          "offset": [
            7,
            3
          ],
          "layer": 2,
          "text": "container.inventory"
        }
      }
    ]
  },
  "quick_loot_mode_toggle_control_template": {
    "type": "stack_panel",
    "orientation": "horizontal",
    "size": [
      "100% - 8px",
      "100% - 8px"
    ],
    "anchor_from": "top_left",
    "anchor_to": "top_left",
    "offset": [
      5,
      4
    ],
    "$toggle_image_control|default": "common.empty_panel",
    "$option_label|default": "",
    "$toggle_label|default": "",
    "$option_primary_color|default": "$tab_checked_text_color",
    "$option_secondary_color|default": "$tab_secondary_checked_text_color",
    "controls": [
      {
        "toggle_image_panel": {
          "type": "panel",
          "size": [
            30,
            "100%"
          ],
          "controls": [
            {
              "toggle_image_control@$toggle_image_control": {
                "offset": [
                  0,
                  2
                ]
              }
            }
          ]
        }
      },
      {
        "padding": {
          "type": "panel",
          "size": [
            2,
            "100%"
          ]
        }
      },
      {
        "quick_loot_mode_label_panel": {
          "type": "stack_panel",
          "orientation": "vertical",
          "size": [
            "fill",
            "100%"
          ],
          "controls": [
            {
              "quick_loot_mode_label": {
                "type": "label",
                "text": "$option_label",
                "color": "$option_primary_color",
                "size": [
                  "default",
                  10
                ]
              }
            },
            {
              "switch_label": {
                "type": "label",
                "text": "$toggle_label",
                "color": "$option_secondary_color",
                "size": [
                  "default",
                  10
                ]
              }
            }
          ]
        }
      }
    ]
  },
  "quick_loot_mode_toggle_on_control@quickloot.quick_loot_mode_toggle_control_template": {
    "$toggle_image_control": "settings_common.option_toggle_on",
    "$toggle_label": "$option_on_label",
    "$option_primary_color": "$tab_checked_text_color",
    "$option_secondary_color": "$tab_secondary_checked_text_color"
  },
  "quick_loot_mode_toggle_off_control@quickloot.quick_loot_mode_toggle_control_template": {
    "$toggle_image_control": "settings_common.option_toggle_off",
    "$toggle_label": "$option_off_label",
    "$option_primary_color": "$tab_unchecked_text_color",
    "$option_secondary_color": "$tab_secondary_unchecked_text_color"
  },
  "quick_loot_mode_toggle_on_hover_control@quickloot.quick_loot_mode_toggle_control_template": {
    "$toggle_image_control": "settings_common.option_toggle_on_hover",
    "$toggle_label": "$option_on_label",
    "$option_primary_color": "$tab_checked_hover_text_color",
    "$option_secondary_color": "$tab_secondary_checked_hover_text_color"
  },
  "quick_loot_mode_toggle_off_hover_control@quickloot.quick_loot_mode_toggle_control_template": {
    "$toggle_image_control": "settings_common.option_toggle_off_hover",
    "$toggle_label": "$option_off_label",
    "$option_primary_color": "$tab_unchecked_hover_text_color",
    "$option_secondary_color": "$tab_secondary_unchecked_hover_text_color"
  }
}