{
  "namespace": "settings",
  "settings_screen_base@settings_common.screen_base": {
    "$selector_stack_panel": "settings.selector_stack_panel",
    "$section_content_panels": "settings.section_content_panels",
    "$section_header_panels": "settings.section_header_panels",
    "$section_footer_panels": "settings.section_footer_panels",

    "$is_world_create": false,
    "$is_template_create": false,
    "$is_world_edit": false,
    "$include_world_section": false,
    "$include_realm_section": false,
    "$include_controls_and_settings_sections": false,
    "$is_global_texture_packs_visible|default": true
  },

  "screen_world_create@settings_screen_base": {
    "$is_world_create": true,
    "$is_template_create": false,
    "$is_world_edit": false,
    "$include_world_section": true
  },

  "screen_template_create@settings_screen_base": {
    "$is_world_create": false,
    "$is_template_create": true,
    "$is_world_edit": false,
    "$include_world_section": true
  },

  "screen_world_edit@settings_screen_base": {
    "$is_world_create": false,
    "$is_template_create": false,
    "$is_world_edit": true,
    "$include_world_section": true
  },

  "screen_controls_and_settings@settings_screen_base": {
    "$include_controls_and_settings_sections": true
  },

  "screen_world_controls_and_settings@settings_screen_base": {
    "$include_world_section": true,
    "$include_controls_and_settings_sections": true
  },

  "screen_realm_controls_and_settings@settings_screen_base": {
    "$include_realm_section": true,
    "$include_controls_and_settings_sections": true
  },

  "screen_realm_settings@settings_screen_base": {
    "$include_realm_section": true
  },

  "selector_stack_panel": {
    "type": "stack_panel",
    "anchor_from": "top_left",
    "anchor_to": "top_left",
    "orientation": "vertical",
    "$default_selector_toggle_index": 0,
    "controls": [
	 {
        "spacer_0": {
          "ignored": "(not $include_world_section)",
          "type": "panel",
          "size": [ 2, 2 ]
        }
      },
	
	{
        "world_selector_pane@world_section.selector_pane_content": {
          "ignored": "(not $include_world_section)"

              }
            },
			 {
        "realm_selector_pane@realms_settings.selector_panel": {
          "ignored": "(not $include_realm_section)",
          "$world_toggle_index": "$world_forced_index",
          "$members_toggle_index": "$members_forced_index",
          "$subscription_toggle_index": "$subscription_forced_index",
          "$backup_toggle_index": "$backup_forced_index",
          "$dev_options_toggle_index": "$dev_options_forced_index"
        }
      },
      {
        "spacer_0": {
          "ignored": "(not $include_world_section)",
          "type": "panel",
          "size": [ 2, 2 ]
        }
      },
      {
        "title": {
          "type": "image",
          "size": [ "100%", 32 ],
          "texture": "textures/ui/title1"
        }
      },
      {
 "header@how_to_play_common.header": {
"$text": "Quick Settings",
"ignored": "(not $include_controls_and_settings_sections)"
        }
      },
										{
              "quick_button@quick_settings.quick_button": {
			  "$button_text":"Quick Settings",
                "$toggle_group_forced_index": 22,
"ignored": "(not $include_controls_and_settings_sections)"
              }
            },
{
"pov_panel_tripple": {
"type": "stack_panel",
"size": ["33.3%",30],
"orientation": "horizontal",
"controls": [
{
"first@settings_common.section_toggle_base": {
"$toggle_name": "#thirdperson_radio_first",
"$unchecked_control": "common_toggles.toggle_unchecked",
"$checked_control": "common_toggles.toggle_unchecked",
"$glyph_texture": "textures/ui/settings/first",
"$glyph_color_texture": "textures/ui/settings/firstcolor",
"$glyph_anchor_from": "center",
"$glyph_anchor_to": "center",
"$button_text": " ",
"bindings": [
{
"binding_name": "#thirdperson_radio_first",
"ignored": "(not $include_controls_and_settings_sections)"
}
]
}
},
{
"third_back@settings_common.section_toggle_base": {
"$toggle_name": "#thirdperson_radio_third_back",
"$unchecked_control": "common_toggles.toggle_unchecked",
"$checked_control": "common_toggles.toggle_unchecked",
"$glyph_texture": "textures/ui/settings/third",
"$glyph_color_texture": "textures/ui/settings/thirdback_color",
"$glyph_anchor_from": "center",
"$glyph_anchor_to": "center",
"$button_text": " ",
"bindings": [
{
"binding_name": "#thirdperson_radio_third_back",
"ignored": "(not $include_controls_and_settings_sections)"
}
]
}
},
{
"third_front@settings_common.section_toggle_base": {
"$toggle_name": "#thirdperson_radio_third_front",
"$unchecked_control": "common_toggles.toggle_unchecked",
"$checked_control": "common_toggles.toggle_unchecked",
"$glyph_texture": "textures/ui/settings/third",
"$glyph_color_texture": "textures/ui/settings/thirdfront_color",
"$glyph_anchor_from": "center",
"$glyph_anchor_to": "center",
"$button_text": " ",
"bindings": [
{
"binding_name": "#thirdperson_radio_third_front",
"ignored": "(not $include_controls_and_settings_sections)"
}
]
}
}
]
}
},
{
"spacer_3": { 
"type": "panel", 
"size": [ 2, 5 ] 
} 
},
{ 
"hidehud@settings_common.option_toggle": { 
"$option_label": "options.hidehud", 
"$option_binding_name": "#hide_hud", 
"$option_enabled_binding_name": "#hide_hud_enabled", 
"$toggle_name": "hide_hud" ,
"ignored": "(not $include_controls_and_settings_sections)"
} 
}, 
{
"hidehand@settings_common.option_toggle": {
"$option_label": "options.hidehand", 
"$option_binding_name": "#hide_hand", 
"$option_enabled_binding_name": "#hide_hand_enabled", 
"$toggle_name": "hide_hand",
"ignored": "(not $include_controls_and_settings_sections)"
}
},
{
"hide_paperdoll_toggle@settings_common.option_toggle": {
"$option_label": "options.hidepaperdoll",
"$option_binding_name": "#hide_paperdoll",
"$option_enabled_binding_name": "#hide_paperdoll_enabled",
"$toggle_name": "hide_paperdoll"
}
},
{
"option_toggle_screen_animations@settings_common.option_toggle": {
"ignored": "($is_holographic)",
"$option_label": "options.screenAnimations",
"$option_binding_name": "#screen_animations",
"$option_enabled_binding_name": "#screen_animations_enabled",
"$toggle_name": "screen_animations",
"bindings": [
{
"binding_name": "#screen_animations_visible",
"binding_name_override": "#visible"
}
] 
} 
},
      {

        "controls_and_settings_selector_pane": {
          "type": "stack_panel",
          "ignored": "(not $include_controls_and_settings_sections)",
          "controls": [

      {
 "header@how_to_play_common.header": {
"$text": "Lithium Client"
        }
      },
			{
              "graphics_button@graphics_settings.graphics_button": {
			  "$button_text":"Graphics Settings",
                "$toggle_group_forced_index": 20
              }
            },		
{
"interface_button@interface_settings.interface_button": {
			  "$button_text":"Interface",
                "$toggle_group_forced_index": 30
              }
            },
{
"music_panel": { 
"type": "stack_panel", 
"size": [ "50%", 30 ], 
"orientation": "horizontal", 
"controls": [ 
{
"music_button@music_settings.music_button": {
"$button_text":"Music",
"$toggle_group_forced_index": 32
} 
},
{
"mods_button@mods_settings.mods_button": {
"ignored": "(not $include_controls_and_settings_sections)",
"$toggle_group_forced_index": "$mods_button_forced_index"
}
}
] 
} 
},
			{
              "video_button@video_settings.video_button": {
			  "$button_text":"Video Settings",
                "$toggle_group_forced_index": 22
              }
            },
      {
 "header@how_to_play_common.header": {
"$text": "options.group.input"
        }
      },
            {
              "keyboard_and_mouse_button@controls_section.keyboard_and_mouse_button": {
			  "$button_text":"Keyboard and Mouse",
                "ignored": "(not $keyboard_and_mouse_supported)",
                "$toggle_group_forced_index": 10
              }
            },
{ 
"switch_controller_button@controls_section.controller_button": { 
"$button_text":"Switch Controls",
"ignored": "(not $gamepad_supported or not $nx_os)", 
"$toggle_group_forced_index": "$controller_and_switch_forced_index", 
"$tts_section_header": "$controls_section_header" ,
                "$toggle_group_forced_index": "$switch_forced_index",
                "$tts_section_header": "$controls_section_header"
} 
},
{
"controller_button@controls_section.controller_button": {
			  "$button_text":"Controller",
                "ignored": "(not $gamepad_supported)",
                "$toggle_group_forced_index": 11
              }
            },
            {
              "touch_button@controls_section.touch_button": {
			  "$button_text":"Touch Controls",
                "ignored": "($is_holographic or not $touch_supported)",
                "$toggle_group_forced_index": 12
              }
            },
{ 
"vr_button@general_section.vr_button": { 
"$button_text":"VR Controls",
"$toggle_group_forced_index": "$vr_forced_index",
"ignored": "(not $include_controls_and_settings_sections)"
} 
},          
			   {
              "spacer_4": {
                "type": "panel",
                "size": [ 2, 2 ]
              }
            },
      {
 "header@how_to_play_common.header": {
"$text": "stat.generalButton"
        }
      },
            {
              "profile_button@general_section.profile_button": {
			  "$button_text":"Profile",
                "$toggle_group_forced_index": 13
              }
            },
            {
              "creator_button@creator_section.creator_button": {
                "$toggle_group_forced_index": "$creator_forced_index",
                "$tts_section_header": "$general_section_header"
              }
            },
           {
              "view_subscriptions_button@general_section.view_subscriptions_button": {
                "$toggle_group_forced_index": "$view_subscriptions_forced_index",
                "$tts_section_header": "$general_section_header",
                "visible": "$realms_plus_on"
              }
            },
            {
              "broadcast_button@general_section.broadcast_button": {
                "$toggle_group_forced_index": "$broadcast_forced_index",
                "$tts_section_header": "$general_section_header"
              }
            },
			            {
              "global_texture_pack_button@general_section.global_texture_pack_button": {
			   "visible": "($is_global_texture_packs_visible)",
			  "$button_text":"Resource Packs",
                "$toggle_group_forced_index": 14
              }
            },
            {
              "storage_management_button@general_section.storage_management_button": {
			  "$button_text":"Storage",
                "$toggle_group_forced_index": 15
              }
            },
            {
              "sound_button@general_section.sound_button": {
			  "$button_text":"Music and Sound",
                "$toggle_group_forced_index": 18
              }
            },
{ 
"how_to_play_button@general_section.how_to_play_button": { 
"$toggle_group_forced_index": "$how_to_play_index", 
"ignored": "(not $include_controls_and_settings_sections)" 
} 
}, 
            {
              "language_button@general_section.language_button": {
			  "$button_text":"Language",
                "$toggle_group_forced_index": 19
              }
            }	
          ]
        }
	},
      {
 "header@how_to_play_common.header": {
"$text": "Devloper Settings",
"ignored": "(not $include_controls_and_settings_sections)"
        }
      },
            {
           "accessibility_button@general_section.accessibility_button": {
            "$toggle_group_forced_index": "$accessibility_forced_index",
            "ignored": "(not $include_controls_and_settings_sections)"
        }
      },
			{
  "world_button@world_settings.world_button": {
			  "$button_text":"World Settings",
                "$toggle_group_forced_index": 38,
"ignored": "(not $include_controls_and_settings_sections)"
              }
            },
{
"debug_button@general_section.debug_button": {
"$toggle_group_forced_index": "$debug_forced_index",
"$tts_section_header": "$general_section_header",
"ignored": "(not $include_controls_and_settings_sections)"
}
},
{
"flighting_debug_button@general_section.flighting_debug_button": {
"$toggle_group_forced_index": "$flighting_debug_forced_index",
"$tts_section_header": "$general_section_header",
"ignored": "(not $include_controls_and_settings_sections)"
}
},
{
"automation_button@general_section.automation_button": {
"$toggle_group_forced_index": "$automation_forced_index",
"$tts_section_header": "$general_section_header",
"ignored": "(not $include_controls_and_settings_sections)"
}
},
{
"addons_selector_panel@world_section.addons_selector_panel": {
          "ignored": "(not $include_world_section and (not $include_realm_section or not $realms_pack_feature_enabled))",
          "$level_texture_pack_toggle_index": "$level_texture_pack_index",
          "$addon_toggle_index": "$addon_index"
        }
      }
    ]
  },
    


  "section_content_panels": {
    "type": "panel",
    "anchor_from": "top_left",
    "anchor_to": "top_left",
    "size": [ "100% - 4px", "100%c + 4px" ],
    "offset": [ 2, 2 ],
    "controls": [
      {
        "world_sections": {
          "type": "stack_panel",
          "ignored": "(not $include_world_section)",
          "controls": [
            { "game_section@world_section.game_section": { } },
            { "server_section@world_section.server_section": { } },
            { "multiplayer_section@world_section.multiplayer_section": {} }

          ]
        }
      },
	  {
        "packs_sections": {
          "type": "stack_panel",
          "ignored": "(not $include_world_section and (not $include_realm_section or not $realms_pack_feature_enabled))",
          "controls": [
            { "level_texture_pack_section@world_section.level_texture_pack_section": {} },
            { "addon_section@world_section.addon_section": {} }
          ]
        }
      },
      {
        "section_content_panels@realms_settings.section_content_panels": {
          "ignored": "(not $include_realm_section)"
        }
      },
      {
        "general_and_controls_sections": {
          "type": "stack_panel",
          "ignored": "(not $include_controls_and_settings_sections)",
          "controls": [
			{ "accessibility_section@general_section.accessibility_section": { "visible": false } },		  
            { "keyboard_and_mouse_section@controls_section.keyboard_and_mouse_section": { "ignored": "(not $keyboard_and_mouse_supported)" } },
            { "controller_section@controls_section.controller_section": { "ignored": "(not $gamepad_supported)"  } },
            { "touch_section@controls_section.touch_section": { "ignored": "($is_holographic or not $touch_supported)" } },

            { "profile_section@general_section.profile_section": { } },

{ "creator_section@creator_section.creator_section": { "visible": false } },
         
{ "view_subscriptions_section@general_section.view_subscriptions_section": { "visible": false } },

{"broadcast_section@general_section.broadcast_section": {"visible": false}},
            { "global_texture_pack_section@general_section.global_texture_pack_section": {"enabled": "(not $include_world_section)"} },
            { "storage_management_section@general_section.storage_management_section": { } },
            { "sound_section@general_section.sound_section": { } },
            { "language_section@general_section.language_section": { } },
			{ "vr_section@optifine_store_section.vr_section": { 				"enabled": "(not $include_world_section)"} },
			{ "help_section@optifine_help_section.help_section": { } },
					
{ "credits_settings@credits_settings.credits_settings": { } },

{ "world_settings@world_settings.world_settings": { } },

{ "fiture_settings@fiture_settings.fiture_settings": { } },

{ "quick_settings@quick_settings.quick_settings": { } },

{
"debug_section@general_section.debug_section": {} 
},
{
"flighting_debug_section@general_section.flighting_debug_section": {}
},
{ 
"vr_section@general_section.vr_section": { 
"visible": false 
} 
}, 
{
"automation_section@general_section.automation_section": {}
},

{ "graphics_settings@graphics_settings.graphics_settings": { } },

{ "video_settings@video_settings.video_settings": { } },


{ "mods_settings@mods_settings.mods_settings": { } },

{ "interface_settings@interface_settings.interface_settings": { } },

{ "music_settings@music_settings.music_settings": { } },
						{ "info_settings@info_settings.info_settings": { } }
			
          ]
        }
      },
      {
        "popup_dialog_factory": {
          "type": "factory",
          "size":  [2, 2],
          "control_ids": {
            "no_connection": "@resource_pack_purchase.popup_dialog__no_connection",
            "purchase_failed": "@resource_pack_purchase.popup_dialog__purchase_failed",
            "purchase_in_progress": "@skin_pack_purchase.popup_dialog__purchase_in_progress"
          }
        }
      }
    ]
  },

  "section_header_panels": {
    "type": "panel",
    "anchor_from": "top_left",
    "anchor_to": "top_left",
    "size": [ "100%", "100%c" ],
    "offset": [ 2, 2 ],
    "controls": [
      // the list of header panels, add yours here...
      {
        "world_sections": {
          "type": "stack_panel",
          "ignored": "(not $include_world_section)",
          "controls": [
          ]
        }
      },
      {
        "general_and_controls_sections": {
          "type": "stack_panel",
          "size": ["100%", "100%c"],
          "ignored": "(not $include_controls_and_settings_sections)",
          "controls": [
            { "storage_management_header@general_section.storage_management_header": { } }
          ]
        }
      }
    ]
  },

  "section_footer_panels": {
    "type": "panel",
    "anchor_from": "top_left",
    "anchor_to": "top_left",
    "size": [ "100%", "100%c" ],
    "offset": [ 2, 2 ],
    "controls": [
      // the list of header panels, add yours here...
      {
        "world_sections": {
          "type": "stack_panel",
          "ignored": "(not $include_world_section)",
          "controls": [
          ]
        }
      },
      {
        "general_and_controls_sections": {
          "type": "stack_panel",
          "size": ["100%", "100%c"],
          "ignored": "(not $include_controls_and_settings_sections)",
          "controls": [
            { "storage_management_footer@general_section.storage_management_footer": { } }
          ]
        }
      }
    ]
  }
}
