{"format_version":"1.10.0","minecraft:client_entity":{"description":{"animations":{"attack.positions":"animation.player.attack.positions","attack.rotations":"animation.player.attack.rotations","base_controller":"controller.animation.player.base","blink":"controller.animation.persona.blink","bob":"animation.player.bob","brandish_spear":"animation.humanoid.brandish_spear","charging":"animation.humanoid.charging","compass":"animation.player.compass","cps_tag":"animation.player.cps_tag","crossbow_controller":"controller.animation.player.crossbow","crossbow_hold":"animation.player.crossbow_hold","custom":"animation.custom","damage_nearby_mobs":"animation.humanoid.damage_nearby_mobs","evoker_mini":"animation.player.evoker_mini","first_person_attack_controller":"controller.animation.player.first_person_attack","first_person_attack_rotation":"animation.player.first_person.attack_rotation","first_person_base_pose":"animation.player.first_person.base_pose","first_person_crossbow_equipped":"animation.player.first_person.crossbow_equipped","first_person_empty_hand":"animation.player.first_person.empty_hand","first_person_map_controller":"controller.animation.player.first_person_map","first_person_map_hold":"animation.player.first_person.map_hold","first_person_map_hold_attack":"animation.player.first_person.map_hold_attack","first_person_map_hold_main_hand":"animation.player.first_person.map_hold_main_hand","first_person_map_hold_off_hand":"animation.player.first_person.map_hold_off_hand","first_person_swap_item":"animation.player.first_person.swap_item","first_person_vr_attack_rotation":"animation.player.first_person.vr_attack_rotation","first_person_walk":"animation.player.first_person.walk","fishing_rod":"animation.humanoid.fishing_rod","hitbox":"animation.player.hitbox","holding":"animation.player.holding","hudplayer":"controller.animation.player.hudplayer","humanoid_base_pose":"animation.humanoid.base_pose","kst":"animation.player.kst","look_at_target":"controller.animation.humanoid.look_at_target","look_at_target_default":"animation.humanoid.look_at_target.default","look_at_target_gliding":"animation.humanoid.look_at_target.gliding","look_at_target_inverted":"animation.player.look_at_target.inverted","look_at_target_swimming":"animation.humanoid.look_at_target.swimming","look_at_target_ui":"animation.player.look_at_target.ui","move.arms":"animation.player.move.arms","move.legs":"animation.player.move.legs","riding.arms":"animation.player.riding.arms","riding.legs":"animation.player.riding.legs","root":"controller.animation.player.root","shield_block_main_hand":"animation.player.shield_block_main_hand","shield_block_off_hand":"animation.player.shield_block_off_hand","skeleton_attack":"animation.skeleton.attack","sleeping":"animation.player.sleeping","sneaking":"animation.player.sneaking","swimming":"animation.player.swim","swimming.legs":"animation.player.swim.legs","third_person_bow_equipped":"animation.player.bow_equipped","third_person_crossbow_equipped":"animation.player.crossbow_equipped","use_item_progress":"animation.humanoid.use_item_progress","vex_wings":"animation.player.vex_wings"},"enable_attachables":true,"geometry":{"compass":"geometry.compass","cps_tag":"geometry.cps_tag","default":"geometry.humanoid.custom","evoker_mini":"geometry.evoker_mini","hitbox":"geometry.hitbox","kst":"geometry.kst","vex_wings":"geometry.vex_wings"},"identifier":"minecraft:player","materials":{"animated":"player_animated","cape":"entity_alphatest","default":"entity_alphatest"},"render_controllers":[{"controller.render.player.first_person":"variable.is_first_person"},{"controller.render.player.in_ui":"query.is_in_ui"},{"controller.render.player.third_person":"!variable.is_first_person && !variable.map_face_icon"},{"controller.render.player.map":"variable.map_face_icon"},{"controller.render.player.jump_up":"query.is_jumping && query.is_in_ui"},{"controller.render.player.sprint":"query.is_sprinting && query.is_in_ui"},{"controller.render.player.move":"query.is_moving && query.is_in_ui"},{"controller.render.player.sneak":"query.is_sneaking && query.is_in_ui"},{"controller.render.player.cps":"variable.attack_time && query.is_in_ui"},{"controller.render.player.cps_tag":"variable.attack_time && !variable.is_first_person"},{"controller.render.player.jump":"query.is_jumping && query.is_in_ui"},{"controller.render.player.go":"query.is_sprinting && query.is_in_ui"},{"controller.render.player.sit":"query.is_sneaking && query.is_in_ui"},{"controller.render.player.a":"query.is_moving && query.movement_direction(2) >= 0.1 && query.is_in_ui"},{"controller.render.player.a1":"query.is_moving && (query.body_y_rotation - query.movement_direction(2) >= 0.1) && query.is_in_ui"},{"controller.render.player.d":"query.is_moving && query.movement_direction(2) <= -0.1 && query.is_in_ui"},{"controller.render.player.d1":"query.is_moving && (query.body_y_rotation - query.movement_direction(2) <= -0.1) && query.is_in_ui"},{"controller.render.player.evoker":"query.is_sneaking && !variable.is_first_person"},{"controller.render.player.kst":"query.is_in_ui && !variable.is_first_person"},{"controller.render.player.hitbox":"!variable.is_first_person"},{"controller.render.player.vex_wings":"!variable.is_first_person"},{"controller.render.player.compassN":"query.movement_direction(2) <= -0.09 && query.is_in_ui"},{"controller.render.player.compassE":"query.movement_direction(0) >= 0.09 && query.is_in_ui"},{"controller.render.player.compassS":"query.movement_direction(2) >= 0.09 && query.is_in_ui"},{"controller.render.player.compassW":"query.movement_direction(0) <= -0.09 && query.is_in_ui"}],"scripts":{"animate":["root","kst","hitbox","compass","evoker_mini","vex_wings","cps_tag"],"initialize":["variable.is_holding_right = 0.0;","variable.is_blinking = 0.0;","variable.last_blink_time = 0.0;","variable.hand_bob = 0.0;","variable.render = 0.0;"],"pre_animation":["variable.attack_body_rot_y = Math.sin(360*Math.sqrt(variable.attack_time)) * 5.0;","variable.tcos0 = (math.cos(query.modified_distance_moved * 38.17) * query.modified_move_speed / variable.gliding_speed_value) * 57.3;","variable.first_person_rotation_factor = math.sin((1 - variable.attack_time) * 180.0);","variable.hand_bob = query.life_time < 0.01 ? 0.0 : variable.hand_bob + ((query.is_on_ground && query.is_alive ? math.clamp(math.sqrt(math.pow(query.position_delta(0), 2.0) + math.pow(query.position_delta(2), 2.0)), 0.0, 0.1) : 0.0) - variable.hand_bob) * 0.02;","variable.map_angle = math.clamp(1 - variable.player_x_rotation / 45.1, 0.0, 1.0);","variable.item_use_normalized = query.main_hand_item_use_duration / query.main_hand_item_max_duration;","variable.helmet_layer_visible = 1.0;","variable.leg_layer_visible = 1.0;","variable.boot_layer_visible = 1.0;","variable.chest_layer_visible = 1.0;"],"scale":"0.9375"},"textures":{"compassE":"textures/entity/compassE","compassN":"textures/entity/compassN","compassS":"textures/entity/compassS","compassW":"textures/entity/compassW","cps":"textures/entity/cps","cps1":"textures/entity/cps1","cps2":"textures/entity/cps2","cps3":"textures/entity/cps3","cps4":"textures/entity/cps4","cps5":"textures/entity/cps5","cps6":"textures/entity/cps6","cps7":"textures/entity/cps7","cps8":"textures/entity/cps8","cps_tag":"textures/entity/cps_tag","cps_tag1":"textures/entity/cps_tag1","cps_tag2":"textures/entity/cps_tag2","cps_tag3":"textures/entity/cps_tag3","cps_tag4":"textures/entity/cps_tag4","cps_tag5":"textures/entity/cps_tag5","cps_tag6":"textures/entity/cps_tag6","cps_tag7":"textures/entity/cps_tag7","cps_tag8":"textures/entity/cps_tag8","default":"textures/entity/steve","evoker_mini":"textures/entity/evoker","go":"textures/entity/w","hitbox":"textures/entity/hitbox","jump":"textures/entity/jump","jump_up":"textures/entity/jump_up","kst":"textures/entity/keystrokes","move":"textures/entity/move","sit":"textures/entity/sneak","sneak":"textures/entity/sneak1","sprint":"textures/entity/sprint","to_the_left":"textures/entity/a","to_the_right":"textures/entity/d","vex_wings":"textures/entity/vex_wings"}}}}