{"format_version":"1.10.0","minecraft:client_entity":{"description":{"animations":{"attack.positions":"animation.player.attack.positions","attack.rotations":"animation.player.attack.rotations","base_controller":"controller.animation.player.base","blink":"controller.animation.persona.blink","bob":"animation.player.bob","brandish_spear":"animation.humanoid.brandish_spear","charging":"animation.humanoid.charging","cps":"animation.player.cps","crossbow_controller":"controller.animation.player.crossbow","crossbow_hold":"animation.player.crossbow_hold","custom":"animation.custom","damage_nearby_mobs":"animation.humanoid.damage_nearby_mobs","first_person_attack_controller":"controller.animation.player.first_person_attack","first_person_attack_rotation":"animation.player.first_person.attack_rotation","first_person_base_pose":"animation.player.first_person.base_pose","first_person_crossbow_equipped":"animation.player.first_person.crossbow_equipped","first_person_empty_hand":"animation.player.first_person.empty_hand","first_person_map_controller":"controller.animation.player.first_person_map","first_person_map_hold":"animation.player.first_person.map_hold","first_person_map_hold_attack":"animation.player.first_person.map_hold_attack","first_person_map_hold_main_hand":"animation.player.first_person.map_hold_main_hand","first_person_map_hold_off_hand":"animation.player.first_person.map_hold_off_hand","first_person_swap_item":"animation.player.first_person.swap_item","first_person_vr_attack_rotation":"animation.player.first_person.vr_attack_rotation","first_person_walk":"animation.player.first_person.walk","fishing_rod":"animation.humanoid.fishing_rod","go":"animation.player.go","hitbox":"animation.player.hitbox","holding":"animation.player.holding","hudplayer":"controller.animation.player.hudplayer","humanoid_base_pose":"animation.humanoid.base_pose","jump":"animation.player.jump","jump_up":"animation.player.jump_up","kst":"animation.player.kst","look_at_target":"controller.animation.humanoid.look_at_target","look_at_target_default":"animation.humanoid.look_at_target.default","look_at_target_gliding":"animation.humanoid.look_at_target.gliding","look_at_target_inverted":"animation.player.look_at_target.inverted","look_at_target_swimming":"animation.humanoid.look_at_target.swimming","look_at_target_ui":"animation.player.look_at_target.ui","move":"animation.player.move","move.arms":"animation.player.move.arms","move.legs":"animation.player.move.legs","riding.arms":"animation.player.riding.arms","riding.legs":"animation.player.riding.legs","root":"controller.animation.player.root","shield_block_main_hand":"animation.player.shield_block_main_hand","shield_block_off_hand":"animation.player.shield_block_off_hand","sit":"animation.player.sit","skeleton_attack":"animation.skeleton.attack","sleeping":"animation.player.sleeping","sneak":"animation.player.sneak","sneaking":"animation.player.sneaking","sprint":"animation.player.sprint","swimming":"animation.player.swim","swimming.legs":"animation.player.swim.legs","third_person_bow_equipped":"animation.player.bow_equipped","third_person_crossbow_equipped":"animation.player.crossbow_equipped","to_the_left":"animation.player.to_the_left","to_the_right":"animation.player.to_the_right","use_item_progress":"animation.humanoid.use_item_progress","wings":"animation.player.wings"},"enable_attachables":true,"geometry":{"cps":"geometry.cps","default":"geometry.humanoid.custom","go":"geometry.go","hitbox":"geometry.hitbox","jump":"geometry.jump","jump_up":"geometry.jump_up","kst":"geometry.kst","move":"geometry.move","sit":"geometry.sit","sneak":"geometry.sneak","sprint":"geometry.sprint","to_the_left":"geometry.to_the_left","to_the_right":"geometry.to_the_right","wings":"geometry.wings"},"identifier":"minecraft:player","materials":{"animated":"player_animated","cape":"entity_alphatest","default":"entity_alphatest"},"render_controllers":[{"controller.render.player.first_person":"variable.is_first_person"},{"controller.render.player.in_ui":"query.is_in_ui"},{"controller.render.player.third_person":"!variable.is_first_person && !variable.map_face_icon"},{"controller.render.player.map":"variable.map_face_icon"},{"controller.render.wings":"!variable.is_first_person"},{"controller.render.player.jump_up":"query.is_jumping && query.is_in_ui && !variable.is_first_person"},{"controller.render.player.sprint":"query.is_sprinting && query.is_in_ui && !variable.is_first_person"},{"controller.render.player.move":"query.is_moving && query.is_in_ui && !variable.is_first_person"},{"controller.render.player.sneak":"query.is_sneaking && query.is_in_ui && !variable.is_first_person"},{"controller.render.player.cps":"variable.attack_time && query.is_in_ui && !variable.is_first_person"},{"controller.render.player.hitbox":"query.is_jumping && !variable.is_first_person"},{"controller.render.player.hitbox2":"query.is_sneaking && !variable.is_first_person"},{"controller.render.player.hitbox3":"query.is_sprinting && !variable.is_first_person"},{"controller.render.player.hitbox4":"query.is_moving && !variable.is_first_person"},{"controller.render.player.jump":"query.is_jumping && query.is_in_ui && !variable.is_first_person"},{"controller.render.player.mv":"query.is_sprinting >= 0.1"},{"controller.render.player.go":"query.is_sprinting && query.is_in_ui && !variable.is_first_person"},{"controller.render.player.sit":"query.is_sneaking && query.is_in_ui && !variable.is_first_person"},{"controller.render.player.a":"query.movement_direction(0) >= 0.1 && query.cardinal_facing  == 2 && query.is_in_ui && !variable.is_first_person"},{"controller.render.player.a1":"query.movement_direction(1) <= -0.1 && query.cardinal_facing == 6 && query.is_in_ui && !variable.is_first_person"},{"controller.render.player.a2":"query.movement_direction(0) >= 0.1 && query.cardinal_facing  == 3 && query.is_in_ui && !variable.is_first_person"},{"controller.render.player.a3":"query.movement_direction(1) >= 0.1 && query.cardinal_facing  == 4 && query.is_in_ui && !variable.is_first_person"},{"controller.render.player.d":"query.movement_direction(0) <= -0.1 && query.cardinal_facing  == 2 && query.is_in_ui && !variable.is_first_person"},{"controller.render.player.d1":"query.movement_direction(1) >= 0.1 && query.cardinal_facing  == 6 && query.is_in_ui && !variable.is_first_person"},{"controller.render.player.d2":"query.movement_direction(0) <= -0.1 && query.cardinal_facing  == 3 && query.is_in_ui && !variable.is_first_person"},{"controller.render.player.d3":"query.movement_direction(1) <= -0.1 && query.cardinal_facing  == 4 && query.is_in_ui && !variable.is_first_person"},{"controller.render.player.kst":"query.is_in_ui && !variable.is_first_person"}],"scripts":{"animate":["root","wings","go","sit","kst","jump","to_the_left","to_the_right","hitbox","cps","sprint","jump_up","move","sneak"],"initialize":["variable.is_holding_right = 0.0;","variable.is_blinking = 0.0;","variable.last_blink_time = 0.0;","variable.hand_bob = 0.0;","variable.render = 0.0;"],"pre_animation":["variable.attack_body_rot_y = Math.sin(360*Math.sqrt(variable.attack_time)) * 5.0;","variable.tcos0 = (math.cos(query.modified_distance_moved * 38.17) * query.modified_move_speed / variable.gliding_speed_value) * 57.3;","variable.first_person_rotation_factor = math.sin((1 - variable.attack_time) * 180.0);","variable.hand_bob = query.life_time < 0.01 ? 0.0 : variable.hand_bob + ((query.is_on_ground && query.is_alive ? math.clamp(math.sqrt(math.pow(query.position_delta(0), 2.0) + math.pow(query.position_delta(2), 2.0)), 0.0, 0.1) : 0.0) - variable.hand_bob) * 0.02;","variable.map_angle = math.clamp(1 - variable.player_x_rotation / 45.1, 0.0, 1.0);","variable.item_use_normalized = query.main_hand_item_use_duration / query.main_hand_item_max_duration;","variable.helmet_layer_visible = 1.0;","variable.leg_layer_visible = 1.0;","variable.boot_layer_visible = 1.0;","variable.chest_layer_visible = 1.0;"],"scale":"0.9375"},"textures":{"cps":"textures/entity/cps","cps1":"textures/entity/cps","cps10":"textures/entity/cps3","cps11":"textures/entity/cps3","cps12":"textures/entity/cps","cps13":"textures/entity/cps","cps14":"textures/entity/cps3","cps15":"textures/entity/cps","cps16":"textures/entity/cps4","cps17":"textures/entity/cps","cps18":"textures/entity/cps","cps19":"textures/entity/cps4","cps2":"textures/entity/cps","cps20":"textures/entity/cps","cps21":"textures/entity/cps5","cps22":"textures/entity/cps","cps23":"textures/entity/cps","cps24":"textures/entity/cps5","cps25":"textures/entity/cps","cps26":"textures/entity/cps6","cps27":"textures/entity/cps","cps28":"textures/entity/cps","cps29":"textures/entity/cps6","cps3":"textures/entity/cps1","cps30":"textures/entity/cps7","cps31":"textures/entity/cps","cps32":"textures/entity/cps","cps33":"textures/entity/cps","cps34":"textures/entity/cps7","cps35":"textures/entity/cps","cps36":"textures/entity/cps","cps37":"textures/entity/cps8","cps38":"textures/entity/cps","cps39":"textures/entity/cps8","cps4":"textures/entity/cps1","cps5":"textures/entity/cps1","cps6":"textures/entity/cps","cps7":"textures/entity/cps2","cps8":"textures/entity/cps2","cps9":"textures/entity/cps2","default":"textures/entity/steve","go":"textures/entity/w","hitbox":"textures/entity/hitbox","jump":"textures/entity/jump","jump_up":"textures/entity/jump_up","kst":"textures/entity/keystrokes","move":"textures/entity/move","sit":"textures/entity/sneak","sneak":"textures/entity/sneak1","sprint":"textures/entity/sprint","to_the_left":"textures/entity/a","to_the_right":"textures/entity/d","wings":"textures/entity/wings"}}}}