{"BG3":{"anchor_from":"center","anchor_to":"center","fill":true,"offset":[0,-10],"size":["125%","120%"],"texture":"textures/BG/BG3","type":"image"},"ev_anims_color":{"anim_type":"color","duration":3,"from":[0,1,0.2],"next":"@background.ev_anims_color2","to":[0.7,0.9,0.1]},"ev_anims_color2":{"anim_type":"color","duration":3,"from":[0.9,0.4,0.7],"next":"@background.ev_anims_color","to":[0.1,0.9,1]},"ev_anims_os":{"anim_type":"offset","duration":2,"from":[-70,-5],"to":[0,-5]},"ev_anims_os1":{"anim_type":"offset","duration":2,"from":[70,-1],"to":[9,3]},"ev_anims_os2":{"anim_type":"offset","duration":2,"from":[170,-5],"to":[120,-5]},"ev_anims_os3":{"anim_type":"offset","duration":2,"easing":"out_back","from":[70,0],"to":[25,12]},"ev_anims_os_wait":{"anim_type":"alpha","duration":2,"from":1,"to":0},"ev_anims_sz":{"anim_type":"offset","duration":2,"easing":"out_back","from":[20,100],"to":[20,25]},"ev_anims_wait":{"anim_type":"wait","duration":5,"next":"@background.ev_anims_os_wait"},"namespace":"background"}