{"auto_complete_panel":{"anchor_from":"bottom_left","anchor_to":"bottom_left","controls":[{"panel":{"anchor_from":"bottom_left","anchor_to":"bottom_left","controls":[{"auto_complete_grid":{"anchor_from":"bottom_left","anchor_to":"bottom_left","bindings":[{"binding_collection_name":"auto_complete","binding_name":"#get_grid_size","binding_type":"collection"}],"collection_name":"auto_complete","grid_fill_direction":"vertical","grid_item_template":"chat.auto_complete_panel_contents_with_item","size":["100%","100%"],"type":"grid"}}],"max_size":["100%","100%"],"min_size":[0,0],"size":["100%","100%"],"type":"panel"}}],"size":["100%","100%"],"type":"panel"},"auto_complete_panel_contents_with_item":{"anchor_from":"top_left","anchor_to":"top_left","controls":[{"auto_complete_item_renderer@common.item_renderer":{"anchor_from":"left_middle","anchor_to":"left_middle","bindings":[{"binding_collection_name":"auto_complete","binding_name":"#auto_complete_item","binding_name_override":"#item_id_aux","binding_type":"collection"}],"offset":[2,0],"size":[9,9]}},{"text":{"anchor_from":"left_middle","anchor_to":"left_middle","bindings":[{"binding_collection_name":"auto_complete","binding_name":"#auto_complete_text","binding_name_override":"#text","binding_type":"collection"}],"color":"$chat_text_color","localize":false,"offset":[2,0],"text":"#text","type":"label"}},{"autocomplete_button@common.button":{"$pressed_button_name":"button.click_autocomplete","bindings":[{"binding_collection_name":"auto_complete","binding_name":"#is_autocomplete_suggestion","binding_name_override":"#visible","binding_type":"collection"},{"binding_collection_name":"auto_complete","binding_type":"collection_details"}],"controls":[{"default":{"type":"panel"}},{"hover@chat.click_autocomplete_is_focused":{}},{"pressed@chat.click_autocomplete_is_focused":{}}],"tts_inherit_siblings":true}}],"size":["100%",10],"type":"panel"},"autofill":{"anchor_from":"bottom_right","anchor_to":"bottom_right","controls":[{"autofill@common.button":{"$button_text":"","$hover_texture|default":"textures/ui/fill_command_hover","$pressed_button_name":"button.chat_autocomplete","anchor_from":"bottom_right","anchor_to":"bottom_right","controls":[{"hover":{"texture":"$hover_texture","type":"image"}}],"size":[25,25]}}],"size":[25,25],"texture":"textures/ui/fill_command","type":"image"},"autofill1":{"anchor_from":"top_right","anchor_to":"top_right","controls":[{"autofill@common.button":{"$button_text":"","$hover_texture|default":"textures/ui/fill_command_hover1","$pressed_button_name":"button.chat_previous_message","anchor_from":"top_right","anchor_to":"top_right","controls":[{"hover":{"texture":"$hover_texture","type":"image"}}],"size":[25,25]}}],"size":[25,25],"texture":"textures/ui/fill_command1","type":"image"},"back_content_panel":{"anchor_from":"left_middle","anchor_to":"left_middle","controls":[{"back_button@common.back_button":{"$button_text":"#back_button_text","$button_text_binding_type":"global","offset":[0,-1]}},{"gamepad_back_helper":{"$gamepad_helper_icon_description_shadow":false,"$gamepad_helper_icon_description_text_color":"$light_glyph_default_color","bindings":[{"binding_name":"#is_using_gamepad","binding_name_override":"#visible"}],"controls":[{"gamepad_helper_button@common.gamepad_helper_b":{"$icon_description_bind":"#back_button_text"}}],"offset":[-4,-1],"size":["100%c",26],"tts_control_header":"#back_button_accessibility_text","tts_name":"accessibility.button.tts.title","type":"input_panel"}}],"size":["100%c","100%"],"type":"panel"},"chat_background":{"alpha":0.7,"color":[0,0,0],"size":["100%","100%"],"texture":"textures/ui/White","type":"image"},"chat_bottom_panel":{"anchor_from":"bottom_middle","anchor_to":"bottom_middle","controls":[{"keyboard_button@chat.keyboard_button":{}},{"host_main_button@host_options.host_main_button":{"ignored":"$is_pregame"}},{"chat_settings@chat.chat_settings_button":{}},{"text_box@chat.text_edit_box":{}},{"send_button@chat.send_button":{"offset":[-20,0]}}],"min_size":["100%",27],"orientation":"horizontal","size":["100%",27],"type":"stack_panel"},"chat_header@common_store.store_top_bar":{"$back_button_text":"controller.buttonTip.back","anchor_from":"top_left","anchor_to":"top_left","controls":[{"title_panel":{"controls":[{"back_button_content_panel@chat.back_content_panel":{"offset":[2,0]}},{"title@chat.title_text":{}}],"size":["100%",19],"type":"panel"}}]},"chat_screen@common.base_screen":{"$screen_bg_content":"chat.chat_background","$screen_content":"chat.chat_screen_content","button_mappings":[{"from_button_id":"button.menu_exit","mapping_type":"global","to_button_id":"button.chat_menu_cancel"},{"from_button_id":"button.menu_cancel","mapping_type":"global","to_button_id":"button.chat_menu_cancel"}],"close_on_player_hurt":true},"chat_screen_content":{"controls":[{"messages_panel@chat.messages_scrolling_panel":{}},{"chat_bottom_panel@chat.chat_bottom_panel":{"layer":2}},{"chat_top_panel@chat.chat_header":{"layer":2}},{"autocomplete_commands_panel@chat.commands_panel":{"layer":3}},{"host_main_panel@host_options.host_panel":{"layer":4}},{"popup_factory@chat_settings.popup_factory":{}},{"autofill@autofill":{}}],"type":"panel"},"chat_settings_button@chat.small_button":{"$button_content":"chat.gear_image","$button_tts_header":"chat.settings","$focus_id":"chat_settings_button_focus_id","$pressed_button_name":"button.open_chat_settings"},"click_autocomplete_is_focused":{"color":"$non_interact_border_color","texture":"textures/ui/square_image_border_white","type":"image"},"commands_background":{"color":[0,0,0],"size":["100%","100%c"],"texture":"textures/ui/White","type":"image"},"commands_panel":{"anchor_from":"bottom_left","anchor_to":"bottom_left","controls":[{"auto_complete_panel@chat.auto_complete_panel":{"anchor_from":"bottom_left","anchor_to":"bottom_left"}},{"fill@autofill":{}},{"fill1@autofill1":{}}],"offset":[0,-27],"size":["100%","100%-50px"],"type":"panel"},"down_arrow_image":{"size":[12,8],"texture":"textures/ui/chat_down_arrow","type":"image"},"gear_image":{"size":[14,14],"texture":"textures/ui/gear","type":"image"},"keyboard_button@chat.small_button":{"$button_content":"chat.keyboard_image_panel","$button_tts_header":"accessibility.chat.tts.keyboard","$focus_id":"keyboard_button_focus_id","$pressed_button_name":"button.keyboard_toggle","bindings":[{"binding_name":"#keyboard_button_focus_override_up","binding_name_override":"#focus_change_up"},{"binding_name":"#keyboard_button_focus_override_down","binding_name_override":"#focus_change_down"},{"binding_name":"#keyboard_button_visible","binding_name_override":"#visible"}]},"keyboard_image":{"size":[9,7],"texture":"textures/ui/chat_keyboard","type":"image"},"keyboard_image_panel":{"controls":[{"keyboard_image@chat.keyboard_image":{"bindings":[{"binding_name":"(not #keyboard_being_used)","binding_name_override":"#visible"}]}},{"down_arrow_image@chat.down_arrow_image":{"bindings":[{"binding_name":"#keyboard_being_used","binding_name_override":"#visible"}]}}],"type":"panel"},"message_tts_wrapper@common.tts_label_focus_wrapper":{"$focus_border_visible_binding":"#host_options_menu_not_open_and_tts_enabled","$tts_label_panel":"chat.messages_text"},"messages_scrolling_panel@common.scrolling_panel":{"$always_handle_scrolling":true,"$jump_to_bottom_on_update":true,"$scroll_size":[5,"100%-4px"],"$scrolling_content":"chat.messages_stack_panel","$show_background":false,"anchor_from":"bottom_left","anchor_to":"bottom_left","offset":[2,-27],"size":["100%-2px","100%-50px"],"type":"panel"},"messages_stack_panel":{"$scrolling_content_anchor_from":"bottom_left","$scrolling_content_anchor_to":"bottom_left","factory":{"control_ids":{"chat_screen_messages":"chat_screen_messages@chat.message_tts_wrapper"},"max_children_size":100,"name":"messages_factory"},"orientation":"vertical","type":"stack_panel"},"messages_text":{"bindings":[{"binding_name":"#chat_visible","binding_name_override":"#visible"}],"controls":[{"text":{"color":"$chat_text_color","font_scale_factor":"$chat_font_scale_factor","font_type":"$chat_font_type","line_padding":"$chat_line_spacing","localize":false,"size":["100%","default"],"text":"#text","text_tts":"#text_tts","type":"label"}}],"size":["100%","100%c"],"type":"panel"},"namespace":"chat","send_button@common_buttons.light_text_form_fitting_button":{"$anchor":"bottom_right","$button_tts_header":"#send_button_accessibility_text","$button_type_panel":"chat.send_panel","$pressed_button_name":"button.send","$tts_enabled|default":true,"bindings":[{"binding_name":"#send_button_visible","binding_name_override":"#enabled"},{"binding_name":"#send_button_accessibility_text"}],"focus_enabled":"$tts_enabled","size":["100%c",27]},"send_image":{"size":[21,18],"texture":"textures/ui/chat_send","type":"image"},"send_panel":{"controls":[{"send_image_panel":{"controls":[{"send_image@send_image":{}}],"size":["fill","100%c"],"type":"panel"}},{"gamepad_x_button":{"bindings":[{"binding_name":"#gamepad_helper_visible","binding_name_override":"#visible"}],"controls":[{"side_padding":{"size":[2,"100%"],"type":"panel"}},{"gamepad_x_button_image":{"controls":[{"icon@common.gamepad_helper_x":{"$icon_description_bind_type":"none"}}],"type":"panel"}}],"orientation":"horizontal","size":[23,"100%"],"type":"stack_panel"}}],"orientation":"horizontal","size":[44,17],"type":"stack_panel"},"small_button@common_buttons.light_content_button":{"$pressed_button_name":"button.send","anchor_from":"bottom_right","anchor_to":"bottom_right","size":[27,27]},"text_edit_box@common.text_edit_box":{"$focus_id":"text_edit_box_focus_id","$focus_override_left":"chat_settings_button_focus_id","$text_box_name":"#message_text_box","$text_box_tts_header":"accessibility.chat.tts.textboxTitle","$text_edit_box_content_binding_name":"#message_text_box_content","always_listening":true,"anchor_from":"top_left","anchor_to":"top_left","bindings":[{"binding_collection_name":"$text_edit_box_grid_collection_name","binding_name":"$text_box_enabled_binding_name","binding_name_override":"#enabled","binding_type":"$text_edit_box_enabled_binding_type"},{"binding_name":"#text_edit_box_focus_override_up","binding_name_override":"#focus_change_up"},{"binding_name":"#text_edit_box_focus_override_down","binding_name_override":"#focus_change_down"}],"button_mappings":[{"from_button_id":"button.menu_select","handle_deselect":true,"handle_select":true,"mapping_type":"pressed","to_button_id":"$text_edit_box_selected_to_button_id"},{"consume_event":false,"from_button_id":"button.menu_select","handle_deselect":true,"handle_select":false,"mapping_type":"global","to_button_id":"$text_edit_box_selected_to_button_id"},{"from_button_id":"button.menu_ok","handle_deselect":true,"handle_select":true,"mapping_type":"pressed","to_button_id":"$text_edit_box_selected_to_button_id"},{"from_button_id":"button.menu_ok","handle_deselect":true,"handle_select":false,"mapping_type":"global","to_button_id":"$text_edit_box_selected_to_button_id"},{"from_button_id":"button.menu_cancel","handle_deselect":true,"handle_select":false,"mapping_type":"global","to_button_id":"$text_edit_box_deselected_to_button_id"},{"mapping_type":"pressed","to_button_id":"$text_edit_box_hovered_button_id"},{"from_button_id":"$text_edit_box_clear_from_button_id","handle_deselect":false,"handle_select":false,"mapping_type":"focused","to_button_id":"$text_edit_box_clear_to_button_id"},{"from_button_id":"button.menu_autocomplete","handle_deselect":false,"handle_select":true,"mapping_type":"global","to_button_id":"button.chat_autocomplete"},{"from_button_id":"button.menu_autocomplete_back","handle_deselect":false,"handle_select":true,"mapping_type":"global","to_button_id":"button.chat_autocomplete_back"},{"from_button_id":"button.menu_textedit_up","handle_deselect":false,"handle_select":true,"mapping_type":"focused","to_button_id":"button.chat_previous_message"},{"from_button_id":"button.menu_textedit_down","handle_deselect":false,"handle_select":true,"mapping_type":"focused","to_button_id":"button.chat_next_message"},{"from_button_id":"button.controller_select","handle_deselect":false,"handle_select":false,"mapping_type":"global","to_button_id":"button.send"},{"from_button_id":"button.controller_start","handle_deselect":false,"handle_select":false,"mapping_type":"global","to_button_id":"button.send"},{"from_button_id":"button.controller_autocomplete","handle_deselect":false,"handle_select":false,"mapping_type":"global","to_button_id":"button.chat_autocomplete"},{"from_button_id":"button.controller_autocomplete_back","handle_deselect":false,"handle_select":false,"mapping_type":"global","to_button_id":"button.chat_autocomplete_back"},{"from_button_id":"button.controller_textedit_up","handle_deselect":false,"handle_select":false,"mapping_type":"focused","to_button_id":"button.chat_previous_message"},{"from_button_id":"button.controller_textedit_down","handle_deselect":false,"handle_select":false,"mapping_type":"focused","to_button_id":"button.chat_next_message"}],"default_focus_precedence":1,"max_length":512,"size":["fill",27]},"title_text":{"controls":[{"title_panel":{"bindings":[{"binding_name":"#chat_title_text","binding_name_override":"#text"}],"color":"$title_text_color","layer":2,"offset":[0,-1],"size":["default",10],"text":"#text","type":"label"}}],"size":["100%c","100%c"],"type":"panel"}}