{"how_to_play_screen@how_to_play_common.screen_base":{"$header_bar_control":"common_store.store_top_bar","$header_safezone_control":"common_store.store_top_bar_filler","$is_full_screen_layout":true,"$section_content_panels":"how_to_play.section_content_panels","$selector_stack_panel":"how_to_play.selector_stack_panel"},"info_button@how_to_play_common.section_toggle_button":{"$section_topic":"lmao"},"info_section@how_to_play_common.main_sections":{"bindings":[{"binding_type":"view","source_control_name":"info_button_toggle","source_property_name":"#toggle_state","target_property_name":"#visible"}],"controls":[{"header_0@how_to_play_common.header":{"$text":"Note when using"}},{"padding_0@how_to_play_common.padding":{}},{"paragraph_0@how_to_play_common.paragraph":{"$text":"Thank you for using my resource pack here are some notes when using it"}},{"lmao@how_to_play_common.paragraph":{"$text":"1 : To keep the pack working properly, please choose the classic UI instead of the pocket UI"}},{"lmao1@how_to_play_common.paragraph":{"$text":"Settings > View Settings > Choose Classic"}},{"lmao3@how_to_play_common.paragraph":{"$text":"2: When installing with other packages, arrange this package at the bottom"}},{"lmao4@how_to_play_common.paragraph":{"$text":"3: Please find out carefully before using the functions in the installation, if you are not experienced, it may lead to some unexpected errors"}},{"lmao5@how_to_play_common.paragraph":{"$text":"[Setting]"}},{"lmao6@how_to_play_common.paragraph":{"$text":"Texture Anti-Aliasing/OFF"}},{"lmao7@how_to_play_common.paragraph":{"$text":"Max framerate/60FPS"}},{"lmao9@how_to_play_common.paragraph":{"$text":"3D Rendering/OFF"}},{"lmao10@how_to_play_common.paragraph":{"$text":"4: Crosshair"}},{"lmao11@how_to_play_common.paragraph":{"$text":"Crosshair feature helps you determine the center of the screen"}},{"lmao12@how_to_play_common.paragraph":{"$text":"You can enable or disable it in settings [ Settings > View Settings > Hide Crosshair ]"}}]},"namespace":"how_to_play","section_content_panels":{"anchor_from":"top_left","anchor_to":"top_left","controls":[{"general_tips_sections":{"controls":[{"section_contents_header@how_to_play_common.section_contents_header":{}},{"info_section@how_to_play.info_section":{}},{"info_vi_section@how_to_play.info_vi_section":{}}],"type":"stack_panel"}}],"offset":[2,0],"size":["100% - 5px","100%c + 5px"],"type":"stack_panel"},"selector_stack_panel":{"$default_selector_toggle_index":2,"anchor_from":"top_left","anchor_to":"top_left","controls":[{"how_to_play_selector_pane":{"controls":[{"padding_0":{"size":[0,6],"type":"panel"}},{"info_button@how_to_play.info_button":{"$toggle_group_forced_index":3}},{"info_vi_button@how_to_play.info_vi_button":{"$toggle_group_forced_index":1}},{"padding_1@how_to_play_common.padding":{"size":[0,10]}}],"type":"stack_panel"}}],"orientation":"vertical","type":"stack_panel"}}