{"add_on_confirmation@progress.simple_popup_dialog_base":{"$bottom_button_press":"button.leave","$bottom_button_text":"progressScreen.dialog.button.leave","$description_text":"progressScreen.dialog.message.scriptConfirm","$middle_button_press":"button.join","$middle_button_text":"#join_and_download","$title_text":"progressScreen.dialog.title.scriptConfirm","$top_button_text":"#empty_binding"},"add_on_only@progress.simple_popup_dialog_base":{"$bottom_button_press":"button.leave","$bottom_button_text":"progressScreen.dialog.button.leave","$description_text":"progressScreen.dialog.message.onlyBehavior","$middle_button_press":"button.join_and_download_all","$middle_button_text":"#join_and_download","$title_text":"progressScreen.dialog.title.onlyBehavior","$top_button_text":"#empty_binding"},"add_on_with_optional_texture_pack@progress.simple_popup_dialog_base":{"$bottom_button_press":"button.leave","$bottom_button_text":"progressScreen.dialog.button.leave","$description_text":"progressScreen.dialog.message.behaviorAndResourcePack","$middle_button_press":"button.join_and_download_needed","$middle_button_text":"#join_and_download_only_add_on","$title_text":"progressScreen.dialog.title.behaviorAndResourcePack","$top_button_press":"button.join_and_download_all","$top_button_text":"#join_and_download_everything","$use_top_button":true},"add_on_with_texture_pack@progress.simple_popup_dialog_base":{"$bottom_button_press":"button.leave","$bottom_button_text":"progressScreen.dialog.button.leave","$description_text":"progressScreen.dialog.message.behaviorAndResourcePack","$middle_button_press":"button.join_and_download_all","$middle_button_text":"#join_and_download","$title_text":"progressScreen.dialog.title.behaviorAndResourcePack","$top_button_text":"#empty_binding"},"auto_save":{"anchor_from":"center","anchor_to":"center","bindings":[{"binding_name":"#auto_save_animation_visible","binding_name_override":"#visible"}],"disable_anim_fast_forward":true,"layer":31,"offset":[0,20],"size":[18,30],"texture":"textures/ui/auto_save","type":"image","uv":"@auto_save_animation","uv_size":[18,30]},"auto_save_animation":{"anim_type":"flip_book","easing":"linear","fps":10,"frame_count":9,"frame_step":18,"initial_uv":[0,0],"reversible":true},"bar_animation":{"anim_type":"flip_book","easing":"linear","fps":10,"frame_count":10,"frame_step":64,"initial_uv":[0,0],"reversible":true},"button_panel":{"anchor_from":"center","anchor_to":"center","controls":[{"cancel_button@progress.cancel_button":{}}],"layer":2,"size":["100%","100%"],"type":"panel"},"cancel_button@common_buttons.light_text_button":{"$button_text":"gui.cancel","$pressed_button_name":"button.menu_exit","bindings":[{"binding_name":"#cancel_visible","binding_name_override":"#visible"}],"offset":[0,55],"size":[66,26]},"checkbox_visual":{"$checkbox_label_bindings|default":[],"$text_alpha|default":1,"controls":[{"$toggle_visual@$toggle_visual":{"anchor_from":"top_left","anchor_to":"top_left"}},{"control":{"alpha":"$text_alpha","anchor_from":"left_middle","anchor_to":"left_middle","bindings":"$checkbox_label_bindings","color":"$sub_header_text_color","offset":[18,-1.5],"text":"$checkbox_label_text","type":"label"}}],"size":["100%",20],"type":"panel"},"checkbox_visuals_checked@checkbox_visual":{"$toggle_visual":"common.checkbox_checked_state"},"checkbox_visuals_checked_hover@checkbox_visual":{"$toggle_visual":"common.checkbox_checked_hover_state"},"checkbox_visuals_checked_locked@checkbox_visual":{"$text_alpha":0.5,"$toggle_visual":"common.checkbox_checked_locked_state"},"checkbox_visuals_unchecked@checkbox_visual":{"$toggle_visual":"common.checkbox_unchecked_state"},"checkbox_visuals_unchecked_hover@checkbox_visual":{"$toggle_visual":"common.checkbox_unchecked_hover_state"},"checkbox_visuals_unchecked_locked@checkbox_visual":{"$text_alpha":0.5,"$toggle_visual":"common.checkbox_unchecked_locked_state"},"checkbox_with_label":{"$enabled|default":true,"anchor_from":"top_left","anchor_to":"top_left","controls":[{"checkbox_with_label_core@progress.checkbox_with_label_core":{}}],"offset":[3,0],"size":["100%","17px"],"type":"panel"},"checkbox_with_label_core@common.checkbox":{"$checked_control":"progress.checkbox_visuals_checked","$checked_hover_control":"progress.checkbox_visuals_checked_hover","$checked_locked_control":"progress.checkbox_visuals_checked_locked","$checked_locked_hover_control":"progress.checkbox_visuals_checked_locked","$unchecked_control":"progress.checkbox_visuals_unchecked","$unchecked_hover_control":"progress.checkbox_visuals_unchecked_hover","$unchecked_locked_control":"progress.checkbox_visuals_unchecked_locked","$unchecked_locked_hover_control":"progress.checkbox_visuals_unchecked_locked","enabled":"$enabled","size":["100%","100%c"]},"delete_progress_screen@modal_progress_screen":{"$screen_animations":["@common.screen_exit_animation_push_fade","@common.screen_exit_animation_pop_fade","@common.screen_entrance_animation_push_fade","@common.screen_entrance_animation_pop_fade"]},"fancy_progress_loading_bars":{"anchor_from":"center","anchor_to":"center","bindings":[{"binding_name":"#loading_bar_visible","binding_name_override":"#visible"}],"controls":[{"full_progress_bar_icon@achievement.full_progress_bar_icon_base":{"bindings":[{"binding_name":"#loading_bar_percentage","binding_name_override":"#clip_ratio"}],"layer":2}},{"empty_progress_bar_icon@achievement.empty_progress_bar_icon":{"layer":1}},{"progress_bar_nub@achievement.progress_bar_nub":{"layer":4,"size":["100% - 10px",5]}}],"layer":5,"size":["90%",5],"type":"panel"},"gamepad_helpers":{"controls":[{"gamepad_helper_a@common.gamepad_helper_a":{"anchor_from":"center","anchor_to":"center"}}],"offset":[0,"45%"],"size":[100,10],"type":"panel"},"modal_button_panel@button_panel":{"controls":[{"cancel_button@progress.cancel_button":{"offset":[0,0]}}]},"modal_progress_panel_no_cancel":{"$background_fill_alpha|default":0.8,"controls":[{"common_panel@common.common_panel":{"$dialog_background":"","$fill_alpha":"","$show_close_button":false}},{"content":{"anchor_from":"top_left","anchor_to":"top_left","controls":[{"progress_loading_bars@progress.progress_loading_bars":{}}],"offset":[6,6],"size":["100%-12px","100%-12px"],"type":"panel"}}],"size":"$modal_screen_size","type":"panel"},"modal_progress_panel_with_cancel":{"$background_fill_alpha|default":0.8,"controls":[{"common_panel@common.common_panel":{"$dialog_background":"","$fill_alpha":"","$show_close_button":false}},{"content":{"anchor_from":"top_left","anchor_to":"top_left","controls":[{"progress_loading_bars@progress.progress_loading_bars":{}}],"offset":[6,20],"size":["100%-12px","100%-60px"],"type":"panel"}},{"modal_button_panel@progress.modal_button_panel":{"anchor_from":"bottom_middle","anchor_to":"bottom_middle","size":["100%",40]}}],"size":"$modal_screen_size","type":"panel"},"modal_progress_screen@progress_screen":{"$screen_bg_content":"background.BG2","$screen_content":"progress.modal_screen_content"},"modal_screen_content":{"controls":[{"modal_progress_panel_with_cancel@progress.modal_progress_panel_with_cancel":{"bindings":[{"binding_name":"#cancel_visible","binding_name_override":"#visible"}]}},{"modal_progress_panel_no_cancel@progress.modal_progress_panel_no_cancel":{"bindings":[{"binding_name":"#cancel_not_visible","binding_name_override":"#visible"}]}}],"type":"panel","variables":[{"$button_state_default_base":"progress.normal_stroke_button","$button_state_hover_base":"progress.normal_stroke_button","$button_state_pressed_base":"progress.normal_stroke_button","requires":"$desktop_screen"},{"$button_state_default_base":"common-classic.button_state_default","$button_state_hover_base":"common-classic.button_state_hover","$button_state_pressed_base":"common-classic.button_state_pressed","requires":"$pocket_screen"}]},"namespace":"progress","nether_loading_background@world_loading_screen_background":{"color":[0.5,0.5,0.5],"controls":[{"background_gradient":{"color1":[0.3,0.3,0.3,0.2],"color2":[0.5,0.188,0.188,0.4],"ignored":"$is_holographic","renderer":"gradient_renderer","type":"custom"}}],"texture":"textures/blocks/netherrack"},"nether_loading_progress_screen@world_loading_progress_screen":{"$screen_bg_content":"progress.nether_loading_background"},"normal_stroke_button":{"texture":"textures/ui/NormalButtonThinStroke","type":"image"},"overworld_loading_background@world_loading_screen_background":{"controls":[{"background_gradient":{"color1":[0,0,0,0.5],"color2":[0,0,0,0.7],"ignored":"$is_holographic","renderer":"gradient_renderer","type":"custom"}}],"texture":"textures/blocks/dirt"},"overworld_loading_progress_screen@world_loading_progress_screen":{"$screen_bg_content":"background.BG2"},"popup_dialog_base@popup_dialog.popup_dialog":{"$left_button_press":"button.confirm_download","$left_button_text":"gui.close","$right_button_press":"button.deny_packs","$right_button_text":"gui.close","controls":[{"background@popup_dialog.popup_dialog_bg":{}},{"scrolling_panel@common.scrolling_panel":{"$scrolling_content":"progress.resource_pack_section","$scrolling_pane_offset":["0.5c%","0.5c%"],"$scrolling_pane_size":["99c%","99c%"],"anchor_from":"top_left","anchor_to":"top_left","layer":1,"offset":["0%","10%"],"size":["100%","70c%"]}},{"totalSelected":{"anchor_from":"bottom_left","anchor_to":"bottom_left","bindings":[{"binding_name":"#selectedPacks"}],"color":"$dark_body_text_color","layer":100,"offset":["0.75%","-16%"],"size":["100c%",10],"text":"#selectedPacks","type":"label"}},{"totalSelectedSize":{"anchor_from":"bottom_right","anchor_to":"bottom_right","bindings":[{"binding_name":"#selectedPackSize"}],"color":"$dark_body_text_color","offset":["-0.75%","-16%"],"size":["50c%",10],"text":"#selectedPackSize","type":"label"}},{"left@popup_dialog.popup_dialog_left_button":{"offset":["0.5%","-1%"],"size":["49.25%","15%"]}},{"right@popup_dialog.popup_dialog_right_button":{"offset":["-0.5%","-1%"],"size":["49.25%","15%"]}}],"size":["90%","90%"]},"popup_dialog_factory":{"control_ids":{"add_on_confirmation":"add_on_only@progress.add_on_confirmation","add_on_only":"add_on_only@progress.add_on_only","add_on_with_optional_texture_pack":"add_on_only@progress.add_on_with_optional_texture_pack","add_on_with_texture_pack":"add_on_only@progress.add_on_with_texture_pack","test":"dialog@progress.popup_dialog_base","texture_pack_optional":"add_on_only@progress.texture_pack_optional","texture_pack_raytracing_optional":"add_on_only@progress.texture_pack_raytracing_optional","texture_pack_raytracing_required":"add_on_only@progress.texture_pack_raytracing_required","texture_pack_required":"add_on_only@progress.texture_pack_required"},"type":"factory"},"progress_bar":{"bindings":[{"binding_name":"#loading_bar_visible","binding_name_override":"#progress_bar_visible"},{"binding_name":"#loading_bar_total_amount","binding_name_override":"#progress_bar_total_amount"},{"binding_name":"#loading_bar_current_amount","binding_name_override":"#progress_bar_current_amount"}],"layer":2,"offset":[0,16],"primary_color":[0.5,1,0.5,1],"renderer":"progress_bar_renderer","size":[100,2],"type":"custom"},"progress_bar_text@progress.progress_screen_text":{"bindings":[{"binding_name":"#progress_text"}],"max_size":["100% - 8px",20],"offset":[0,9],"size":["default",20],"text":"#progress_text"},"progress_content_panel":{"controls":[{"progress_panel@progress.progress_panel":{}},{"gamepad_helpers@progress.gamepad_helpers":{}}],"type":"panel"},"progress_loading_bars":{"anchor_from":"center","anchor_to":"center","bindings":[{"binding_name":"#bar_animation_visible","binding_name_override":"#visible"}],"color":[0.7,0.7,0.7,1],"layer":2,"offset":[0,24],"size":[64,8],"texture":"textures/ui/loading_bar","type":"image","uv":"@progress.bar_animation","uv_size":[64,8]},"progress_loading_spinner":{"bindings":[{"binding_name":"#spinner_animation_visible","binding_name_override":"#visible"}],"layer":2,"offset":[0,24],"size":[14,14],"texture":"textures/ui/loading_spin","type":"image","uv":"@progress.spinner_animation","uv_size":[7,7]},"progress_panel":{"controls":[{"progress_loading_bars@progress.progress_loading_bars":{}},{"title_panel@progress.title_panel":{}},{"button_panel@progress.button_panel":{}}],"size":["100%","100%"],"type":"panel"},"progress_screen@common.base_screen":{"$screen_animations":["@common.screen_exit_animation_push_fade","@common.screen_exit_animation_pop_fade"],"button_mappings":[{"from_button_id":"button.menu_cancel","mapping_type":"global","to_button_id":"button.menu_exit"}],"force_render_below":"$force_render_below"},"progress_screen_content":{"controls":[{"progress_content_panel@progress.progress_content_panel":{}},{"popup_dialog_factory@progress.popup_dialog_factory":{}}],"type":"panel","variables":[{"$button_state_default_base":"common.button_state_default","$button_state_hover_base":"common.button_state_hover","$button_state_pressed_base":"common.button_state_pressed","requires":"$desktop_screen"},{"$button_state_default_base":"common-classic.button_state_default","$button_state_hover_base":"common-classic.button_state_hover","$button_state_pressed_base":"common-classic.button_state_pressed","requires":"$pocket_screen"}]},"progress_screen_text":{"anchor_from":"center","anchor_to":"center","color":"$loading_text_color","layer":2,"shadow":false,"type":"label"},"progress_title_text@progress.progress_screen_text":{"bindings":[{"binding_name":"#title_text"}],"max_size":["100% - 8px",20],"offset":[0,-15],"size":["default",20],"text":"#title_text"},"realms_loading_progress_screen@progress_screen":{"$screen_bg_content":"common.portal_background","$screen_content":"progress.progress_screen_content"},"resource_pack_grid_item@progress.checkbox_with_label":{"$checkbox_label_bindings":[{"binding_collection_name":"$resource_pack_collection","binding_condition":"once","binding_name":"#resource_pack_name","binding_type":"collection"}],"$checkbox_label_text":"#resource_pack_name","$enabled":"$optional_pack","$toggle_binding_type":"collection","$toggle_default_state":true,"$toggle_grid_collection_name":"$resource_pack_collection","$toggle_name":"$resource_pack_collection"},"resource_pack_section":{"$active_text_color":[1,1,1],"$default_text_color":[0.3,0.3,0.3],"anchor_from":"top_left","anchor_to":"top_left","controls":[{"required_resource_pack_list_grid":{"$optional_pack":false,"$resource_pack_collection":"required_resourcepacks","bindings":[{"binding_condition":"visible","binding_name":"#required_resource_pack_grid_dimension"}],"collection_name":"required_resourcepacks","grid_dimension_binding":"#required_resource_pack_grid_dimension","grid_item_template":"progress.resource_pack_grid_item","size":["100%","100%c"],"type":"grid"}},{"optional_resource_pack_list_grid":{"$optional_pack":true,"$resource_pack_collection":"optional_resourcepacks","bindings":[{"binding_condition":"visible","binding_name":"#optional_resource_pack_grid_dimension"}],"collection_name":"optional_resourcepacks","grid_dimension_binding":"#optional_resource_pack_grid_dimension","grid_item_template":"progress.resource_pack_grid_item","size":["100%","100%c"],"type":"grid"}}],"offset":["0.5%","0.5% + 2px"],"size":["99%","99%c + 4px"],"type":"stack_panel"},"simple_popup_dialog_base@popup_dialog.popup_dialog":{"$button_size":["100%",30],"$has_second_line|default":false,"$top_button_press|default":"","$top_button_text|default":"","$use_top_button|default":false,"button_mappings":[{"from_button_id":"button.menu_cancel","mapping_type":"global","to_button_id":"modal.escape"},{"from_button_id":"button.menu_up","mapping_type":"global","scope":"view","to_button_id":"button.menu_up"},{"from_button_id":"button.menu_down","mapping_type":"global","scope":"view","to_button_id":"button.menu_down"},{"from_button_id":"button.menu_left","mapping_type":"global","scope":"view","to_button_id":"button.menu_left"},{"from_button_id":"button.menu_right","mapping_type":"global","scope":"view","to_button_id":"button.menu_right"}],"controls":[{"dialog_background_hollow_3@common.dialog_background_hollow_3":{"controls":[{"control":{"alpha":1,"controls":[{"content_panel":{"controls":[{"padding_0":{"size":[0,8],"type":"panel"}},{"title":{"color":"$title_text_color","layer":101,"offset":[0,8],"shadow":false,"size":["95%",10],"text":"$title_text","type":"label"}},{"padding_1":{"size":[0,8],"type":"panel"}},{"description":{"color":"$body_text_color","layer":101,"size":["100%","default"],"text":"$description_text","type":"label"}},{"description2":{"color":"$body_text_color","ignored":"(not $has_second_line)","layer":101,"size":["100%","default"],"text":"$description_text2","type":"label"}},{"padding_2":{"size":[0,8],"type":"panel"}},{"top_optional_button@popup_dialog.popup_dialog_button_with_binding":{"$button_binding_condition":"once","$button_text":"$top_button_text","$button_text_binding_type":"global","$pressed_button_name":"$top_button_press","enabled":"$use_top_button","size":"$button_size","visible":"$use_top_button"}},{"padding_3":{"enabled":"$use_top_button","size":[0,2],"type":"panel","visible":"$use_top_button"}},{"middle_button@popup_dialog.popup_dialog_button_with_binding":{"$button_binding_condition":"once","$button_text":"$middle_button_text","$button_text_binding_type":"global","$pressed_button_name":"$middle_button_press","size":"$button_size"}},{"padding_4":{"size":[0,2],"type":"panel"}},{"bottom_button@popup_dialog.popup_dialog_button":{"$button_text":"$bottom_button_text","$pressed_button_name":"$bottom_button_press","size":"$button_size"}}],"size":["100% - 4px","100%c + 10px"],"type":"stack_panel"}}],"layer":-10,"size":["100% - 16px","100%c"],"texture":"textures/ui/control","type":"image"}}],"size":["100%","100%c"]}}],"max_size":["50%","100% - 4px"],"min_size":["50%","50%"],"size":["50%","100%c"]},"spinner_animation":{"anim_type":"flip_book","fps":10,"frame_count":10,"frame_step":7,"initial_uv":[0,0]},"texture_pack_optional@progress.simple_popup_dialog_base":{"$bottom_button_press":"button.join","$bottom_button_text":"progressScreen.dialog.button.join","$description_text":"progressScreen.dialog.message.resourcePackOptional","$middle_button_press":"button.join_and_download_all","$middle_button_text":"#join_and_download","$title_text":"progressScreen.dialog.title.resourcePack","$top_button_text":"#empty_binding"},"texture_pack_raytracing_optional@progress.simple_popup_dialog_base":{"$bottom_button_press":"button.join","$bottom_button_text":"progressScreen.dialog.button.join","$description_text":"progressScreen.dialog.message.resourcePackOptional.rayTracing.line1","$description_text2":"progressScreen.dialog.message.resourcePackOptional.rayTracing.line2","$has_second_line":true,"$middle_button_press":"button.join_and_download_all","$middle_button_text":"#join_and_download","$title_text":"progressScreen.dialog.title.resourcePack","$top_button_text":"#empty_binding"},"texture_pack_raytracing_required@progress.simple_popup_dialog_base":{"$bottom_button_press":"button.leave","$bottom_button_text":"progressScreen.dialog.button.leave","$description_text":"progressScreen.dialog.message.resourcePackRequired.rayTracing.line1","$description_text2":"progressScreen.dialog.message.resourcePackRequired.rayTracing.line2","$has_second_line":true,"$middle_button_press":"button.join_and_download_all","$middle_button_text":"#join_and_download","$title_text":"progressScreen.dialog.title.resourcePack","$top_button_text":"#empty_binding"},"texture_pack_required@progress.simple_popup_dialog_base":{"$bottom_button_press":"button.leave","$bottom_button_text":"progressScreen.dialog.button.leave","$description_text":"progressScreen.dialog.message.resourcePackRequired","$middle_button_press":"button.join_and_download_all","$middle_button_text":"#join_and_download","$title_text":"progressScreen.dialog.title.resourcePack","$top_button_text":"#empty_binding"},"theend_loading_background@world_loading_screen_background":{"controls":[{"background_gradient":{"color1":[0,0,0,0.2],"color2":[0,0,0,0.4],"ignored":"$is_holographic","renderer":"gradient_renderer","type":"custom"}}],"texture":"textures/blocks/end_stone"},"theend_loading_progress_screen@world_loading_progress_screen":{"$screen_bg_content":"progress.theend_loading_background"},"thick_progress_bar":{"anchor_from":"center","anchor_to":"center","bindings":[{"binding_name":"#loading_bar_visible","binding_name_override":"#visible"}],"controls":[{"full_progress_bar_icon@progress.thick_progress_bar_icon_base":{"bindings":[{"binding_name":"#loading_bar_percentage","binding_name_override":"#clip_ratio"}],"layer":2}},{"empty_progress_bar_icon@progress.thick_progress_bar_icon_empty":{"layer":1}}],"layer":5,"size":["90%",14],"type":"panel"},"thick_progress_bar_icon_base":{"clip_direction":"left","clip_pixelperfect":false,"color":"$day_one_experience_import_progress_bar_fill","texture":"textures/ui/progress_bar_simple","type":"image"},"thick_progress_bar_icon_empty":{"color":"$day_one_experience_import_progress_bar_empty","texture":"textures/ui/progress_bar_simple","type":"image"},"title_panel":{"anchor_from":"center","anchor_to":"center","controls":[{"progress_title_text@progress.progress_title_text":{}},{"progress_bar_text@progress.progress_bar_text":{}},{"progress_bar@progress.progress_bar":{}}],"size":["100%","100%"],"type":"panel"},"world_convert_modal_progress_screen@progress.progress_screen":{"$screen_bg_content":"background.BG2","$screen_content":"progress.world_convert_modal_progress_screen_content"},"world_convert_modal_progress_screen_content":{"controls":[{"world_modal_progress_panel@progress.world_modal_progress_panel":{}},{"popup_dialog_factory@progress.popup_dialog_factory":{}},{"loading":{"anchor_from":"top_middle","anchor_to":"top_middle","layer":10,"offset":[0,0],"size":[75,75],"texture":"pack_icon1","type":"image"}}],"layer":3,"type":"panel"},"world_loading_progress_screen@progress_screen":{"$screen_bg_content":"background.BG2","$screen_content":"progress.world_convert_modal_progress_screen_content"},"world_loading_screen_background@common.dirt_background":{"tiled_scale":[2,2]},"world_modal_progress_panel":{"controls":[{"common_panel@common.common_panel":{"$dialog_background":"","$show_close_button":false}},{"base_content":{"anchor_from":"top_left","anchor_to":"top_left","controls":[{"progress_title_text@progress.progress_title_text":{"anchor_from":"top_middle","anchor_to":"top_middle","color":"$title_text_color","offset":[0,3]}},{"progress_bar_text@progress.progress_bar_text":{"localize":false,"max_size":["100% - 8px",40],"offset":[0,-3],"size":["default",40]}}],"offset":[6,6],"size":["100%-12px","100%-12px"],"type":"panel"}},{"inside_content":{"anchor_from":"bottom_middle","anchor_to":"bottom_middle","controls":[{"loading_bar_panel":{"controls":[{"fancy_progress_loading_bars@progress.fancy_progress_loading_bars":{}},{"progress_loading_bars@progress.progress_loading_bars":{"offset":[0,0]}}],"size":["100%","100%c"],"type":"panel"}},{"vertical_padding":{"size":[0,5],"type":"panel"}},{"modal_button_panel@progress.modal_button_panel":{"anchor_from":"bottom_middle","anchor_to":"bottom_middle","bindings":[{"binding_name":"#cancel_visible","binding_name_override":"#visible"}],"size":["100%","100%c"]}},{"vertical_padding_2":{"size":[0,14],"type":"panel"}}],"size":["100%-12px","100%c"],"type":"stack_panel"}}],"size":"$world_modal_screen_size","type":"panel","variables":[{"$button_state_default_base":"common.button_state_default","$button_state_hover_base":"common.button_state_hover","$button_state_pressed_base":"common.button_state_pressed","requires":"$desktop_screen"},{"$button_state_default_base":"common-classic.button_state_default","$button_state_hover_base":"common-classic.button_state_hover","$button_state_pressed_base":"common-classic.button_state_pressed","requires":"$pocket_screen"}]},"world_save_modal_progress_screen_content":{"controls":[{"world_modal_progress_panel@progress.world_modal_progress_panel":{}},{"popup_dialog_factory@progress.popup_dialog_factory":{}},{"loading":{"anchor_from":"top_middle","anchor_to":"top_middle","layer":10,"offset":[0,0],"size":[75,75],"texture":"pack_icon1","type":"image"}}],"type":"panel"},"world_saving_progress_screen@progress_screen":{"$screen_bg_content":"background.BG2","$screen_content":"progress.world_save_modal_progress_screen_content"}}