{
  "namespace": "start",
  "panorama_overlay_image": {
    "type": "image",
    "size": ["100%", "100%"],
    "alpha": 1.0,
    "texture": "textures/ui/panorama_overlay"
  },

  "start_screen_content": {
    "type": "panel",
    "$achievements_ignored|default": false,
    "$feedback_ignored|default": false,
    "$store_ignored|default": false,
    "variables": [
      {
        "requires": "$education_edition",
        "$achievements_ignored": true,
        "$store_ignored|default": true
      },
      {
        "requires": "$gear_vr",
        "$feedback_ignored": true
      },
      {
        "requires": "$fire_tv",
        "$feedback_ignored": true
      },
      {
        "requires": "$nx_os",
        "$feedback_ignored": true
      },
      {
        "requires": "(not $supports_xbl_achievements)",
        "$achievements_ignored": true,
        "$feedback_ignored": true
      }
    ],
    "controls": [
      {
        "skin_panel@start.skin_panel": { "layer": 1 }
      },
      {
        "main_buttons_and_title_panel@start.main_buttons_stack_panel": {}
      },
      {
        "online_buttons_panel@start.online_buttons_panel": {}
      },
      {
        "text_panel@start.text_panel": {}
      },
      {
        "realms_pending_invite_panel@start.realms_pending_invite_panel": {
          "anchor_from": "top_left",
          "anchor_to": "top_left"
        }
      },
      {
        "panorama_overlay@start.panorama_overlay_image": {
          "layer": -10
        }
      }
    ]
  }
}
