{
  "namespace": "trade2",

  "top_half_stack_panel": {
    "type": "stack_panel",
    "orientation": "horizontal",
    "size": ["100%c", "100%cm"],
    "controls": [
      {
        "item_slots_holder": {
          "type": "panel",
          "size": ["100%c", "100%c"],
          "inherit_max_sibling_height": true,
          "controls": [
            { "item_slots_stack_panel@trade2.item_slots_stack_panel": {} }
          ]
        }
      },
      {
        "padding_1": {
          "type": "panel",
          "size": [1, 0]
        }
      },
      {
        "trade_button_holder": {
          "type": "panel",
          "size": ["100%c", 0],
          "inherit_max_sibling_height": true,
          "controls": [{ "trade_button@trade2.trade_button": {} }]
        }
      },
      {
        "how_to_play_button_holder": {
          "type": "panel",
          "size": ["100%c - 1px", 0],
          "inherit_max_sibling_height": true,
          "controls": [
            {
              "quick_trade_button@trade2.quick_trade_button": {
                "anchor_from": "right_middle",
                "anchor_to": "right_middle"
              }
            }
          ]
        }
      }
    ]
  },

  "quick_trade_button@stonecutter.quick_craft_button": {
    "offset": [2, 0],
    "property_bag": {
      "#collection_name": "trade2_result_item"
    },
    "button_mappings": [
      {
        "from_button_id": "button.menu_select",
        "to_button_id": "button.container_auto_place",
        "mapping_type": "pressed"
      }
    ]
  }
}
