{
  "format_version": "1.8.0",
  "render_controllers": {
    "controller.render.cape": {
      "arrays": {
        "textures": {
          "array.spyclients": [
            "texture.spyclient1",
            "texture.spyclient2",
            "texture.spyclient3",
            "texture.spyclient4",
            "texture.spyclient5",
            "texture.spyclient6",
            "texture.spyclient7",
            "texture.spyclient8",
            "texture.spyclient9",
            "texture.spyclient10"
          ]
        }
      },
      "geometry": "geometry.cape",
      "materials": [ 
        { 
          "*": "Material.cape" 
        } 
      ],
      "textures": [ 
        "array.spyclients[(query.anim_time * 7 )]"
      ]
    }
  }
}
