{"Information_button@settings_common.section_toggle_base":{"$button_text":"Info","$glyph_color_texture":"textures/ui/.opf/info","$glyph_size":[23,20],"$glyph_texture":"textures/ui/.opf/info1","$toggle_property_bag":{"#panel_title":"Info"},"$toggle_view_binding_name":"Information_button_toggle"},"Information_section":{"anchor_from":"top_left","anchor_to":"top_left","bindings":[{"binding_type":"view","source_control_name":"Information_button_toggle","source_property_name":"#toggle_state","target_property_name":"#visible"}],"controls":[{"icon":{"anchor_from":"center","anchor_to":"center","layer":3,"offset":[0,0],"size":[201,94],"texture":"pack_icon1","type":"image","uv":[0,0],"uv_size":[0,0]}},{"1@settings_common.selector_group_label":{"shadow":true,"text":""}},{"selector_group_lable_1@settings_common.selector_group_label":{"font_size":"large","font_type":"smooth","shadow":true,"text":"§fEvoker BR Client [V3]"}},{"2@settings_common.selector_group_label":{"font_type":"smooth","shadow":true,"text":"§aNew Features"}},{"1@settings_common.selector_group_label":{"font_type":"smooth","shadow":true,"text":"§e   --> Therefore, you should not install it with the shader because it will cause unexpected errors"}},{"1@settings_common.selector_group_label":{"font_type":"smooth","shadow":true,"text":"- Fix Interface Error"}},{"1@settings_common.selector_group_label":{"font_type":"smooth","shadow":true,"text":"-Upgrading Functions In Sub-Package Resolution"}},{"1@settings_common.selector_group_label":{"font_type":"smooth","shadow":true,"text":"-Filter unnecessary files"}},{"1@settings_common.selector_group_label":{"font_type":"smooth","shadow":true,"text":"- Add new ui"}},{"1@settings_common.selector_group_label":{"font_type":"smooth","shadow":true,"text":"- Dark Mode"}},{"1@settings_common.selector_group_label":{"font_type":"smooth","shadow":true,"text":"-Optimize"}},{"2@settings_common.selector_group_label":{"font_type":"smooth","shadow":true,"text":"Evoker BR Pack by Evoker MC"}},{"4@settings_common.selector_group_label":{"font_type":"smooth","shadow":true,"text":"§e Thank you for reading"}},{"4@settings_common.selector_group_label":{"shadow":true,"text":""}},{"seperate":{"anchor_from":"center","anchor_to":"center","layer":3,"size":["100%",1],"texture":"textures/ui/list_item_divider_line_light","type":"image"}},{"4@settings_common.selector_group_label":{"shadow":true,"text":""}},{"4@settings_common.selector_group_label":{"font_size":"large","font_type":"smooth","shadow":true,"text":"§aInfo"}},{"4@settings_common.selector_group_label":{"shadow":true,"text":""}},{"selector_group_lable_1@settings_common.selector_group_label":{"font_size":"50%","font_type":"smooth","shadow":true,"text":"§eThank you for using my Evoker BR Client package"}},{"selector_group_lable_1@settings_common.selector_group_label":{"font_size":"50%","font_type":"smooth","shadow":true,"text":"§eNote : Evoker BR Client package may cause conflicts with some shaders"}},{"selector_group_lable_1@settings_common.selector_group_label":{"font_size":"50%","font_type":"smooth","shadow":true,"text":"§e- You can choose other features in the sub-package"}},{"selector_group_lable_1@settings_common.selector_group_label":{"font_size":"80%","font_type":"smooth","shadow":true,"text":""}},{"seperate":{"anchor_from":"center","anchor_to":"center","layer":3,"size":["100%",1],"texture":"textures/ui/list_item_divider_line_light","type":"image"}},{"selector_group_lable_1@settings_common.selector_group_label":{"font_size":"80%","shadow":true,"text":""}},{"selector_group_lable_1@settings_common.selector_group_label":{"font_size":"large","font_type":"smooth","shadow":true,"text":"§aCredits"}},{"selector_group_lable_1@settings_common.selector_group_label":{"font_size":"100%","shadow":true,"text":""}},{"selector_group_lable_1@settings_common.selector_group_label":{"font_size":"50%","font_type":"smooth","shadow":true,"text":"§e- Hud Screen code by VDC EzMC and Darkk#3123\n- Start Screen Update by Darkk#3123\n- Background code by Allvid Nonmi"}},{"selector_group_lable_1@settings_common.selector_group_label":{"font_size":"80%","shadow":true,"text":""}},{"seperate":{"anchor_from":"center","anchor_to":"center","layer":3,"size":["100%",1],"texture":"textures/ui/list_item_divider_line_light","type":"image"}},{"selector_group_lable_1@settings_common.selector_group_label":{"font_size":"80%","shadow":true,"text":""}},{"selector_group_lable_1@settings_common.selector_group_label":{"font_size":"large","font_type":"smooth","shadow":true,"text":"§aMore"}},{"selector_group_lable_1@settings_common.selector_group_label":{"font_size":"80%","font_type":"smooth","shadow":true,"text":""}},{"selector_group_lable_1@settings_common.selector_group_label":{"font_size":"35%","font_type":"smooth","shadow":true,"text":"§eDiscord Sever : https://discord.gg/42dNZDQ7uy"}},{"selector_group_lable_1@settings_common.selector_group_label":{"font_size":"35%","font_type":"smooth","shadow":true,"text":"§eYoutube : Evoker MC"}}],"size":["100%","100%c"],"type":"stack_panel"},"namespace":"Information_section"}