{"namespace":"optimize_section","optimize_button@settings_common.section_toggle_base":{"$button_text":"Graphics settings","$glyph_color_texture":"textures/ui/.opf/graphics","$glyph_size":[18,18],"$glyph_texture":"textures/ui/.opf/graphics_hover","$toggle_property_bag":{"#panel_title":"Graphics settings"},"$toggle_view_binding_name":"optimize_button_toggle"},"optimize_section":{"anchor_from":"top_left","anchor_to":"top_left","bindings":[{"binding_type":"view","source_control_name":"optimize_button_toggle","source_property_name":"#toggle_state","target_property_name":"#visible"}],"controls":[{"vr_render_distance_slider@settings_common.option_slider":{"$label_bindings":[{"binding_name":"$option_label"}],"$option_enabled_binding_name":"#vr_render_distance_enabled","$option_label":"#vr_render_distance_slider_label","$slider_name":"vr_render_distance","$slider_steps_binding_name":"#vr_render_distance_steps","$slider_tts_text_value":"#vr_render_distance_text_value","$slider_value_binding_name":"#vr_render_distance","ignored":"(not $is_holographic)"}},{"render_distance_slider@settings_common.option_slider":{"$label_bindings":[{"binding_name":"$option_label"}],"$option_enabled_binding_name":"#render_distance_enabled","$option_label":"#render_distance_slider_label","$slider_name":"render_distance","$slider_steps_binding_name":"#render_distance_steps","$slider_tts_text_value":"#render_distance_text_value","$slider_value_binding_name":"#render_distance"}},{"render_clouds_toggle@settings_common.option_toggle":{"$option_binding_name":"#render_clouds","$option_enabled_binding_name":"#render_clouds_enabled","$option_label":"options.renderclouds","$toggle_name":"render_clouds"}},{"fancy_clouds_toggle@settings_common.option_toggle":{"$option_binding_name":"#fancy_skies","$option_enabled_binding_name":"#fancy_skies_enabled","$option_label":"Cube Map","$toggle_name":"fancy_skies"}},{"fancy_bubbles_toggle@settings_common.option_toggle":{"$option_binding_name":"#bubble_particles","$option_enabled_binding_name":"#bubble_particles_enabled","$option_label":"options.bubbleparticles","$toggle_name":"bubble_particles"}},{"smooth_lighting_toggle@settings_common.option_toggle":{"$option_binding_name":"#smooth_lighting","$option_enabled_binding_name":"#smooth_lighting_enabled","$option_label":"options.smooth_lighting","$toggle_name":"smooth_lighting","ignored":"($is_holographic)"}},{"vr_smooth_lighting_toggle@settings_common.option_toggle":{"$option_binding_name":"#vr_smooth_lighting","$option_enabled_binding_name":"#vr_smooth_lighting_enabled","$option_label":"options.smooth_lighting","$toggle_name":"vr_smooth_lighting","ignored":"(not $is_holographic)"}},{"graphics_toggle@settings_common.option_toggle":{"$option_binding_name":"#graphics_toggle","$option_enabled_binding_name":"#graphics_toggle_enabled","$option_label":"options.graphics","$toggle_name":"graphics_toggle","ignored":"($is_holographic)"}},{"rendering_profile_option_slider@settings_common.option_slider":{"$label_bindings":[{"binding_name":"$option_label"}],"$option_enabled_binding_name":"#rendering_profile_slider_enabled","$option_label":"#rendering_profile_slider_label","$slider_name":"rendering_profile","$slider_steps_binding_name":"#rendering_profile_steps","$slider_tts_text_value":"#rendering_profile_text_value","$slider_value_binding_name":"#rendering_profile","ignored":true}},{"field_of_view_toggle@settings_common.option_toggle":{"$option_binding_name":"#field_of_view_toggle","$option_enabled_binding_name":"#field_of_view_toggle_enabled","$option_label":"options.fov.toggle","$toggle_name":"field_of_view_toggle"}},{"super_fancy_panel":{"controls":[{"super_fancy_section":{"anchor_from":"top_middle","anchor_to":"top_middle","controls":[{"super_fancy_contents":{"controls":[{"atmospherics_toggle@settings_common.option_toggle":{"$option_binding_name":"#atmospherics","$option_enabled_binding_name":"#atmospherics_enabled","$option_label":"options.atmosphericsEnable","$toggle_name":"atmospherics"}},{"edge_highlight_toggle@settings_common.option_toggle":{"$option_binding_name":"#edge_highlight","$option_enabled_binding_name":"#edge_highlight_enabled","$option_label":"options.edgeHighlightEnable","$toggle_name":"edge_highlight"}},{"bloom_toggle@settings_common.option_toggle":{"$option_binding_name":"#bloom","$option_enabled_binding_name":"#bloom_enabled","$option_label":"options.bloomEnable","$toggle_name":"bloom"}},{"terrain_shadows_toggle@settings_common.option_toggle":{"$option_binding_name":"#terrain_shadows","$option_enabled_binding_name":"#terrain_shadows_enabled","$option_label":"options.terrainShadowsEnable","$toggle_name":"terrain_shadows"}},{"super_fancy_water_toggle@settings_common.option_toggle":{"$option_binding_name":"#super_fancy_water","$option_enabled_binding_name":"#super_fancy_water_enabled","$option_label":"options.superFancyWaterEnable","$toggle_name":"super_fancy_water"}}],"size":["100% - 6px","100%c - 4px"],"type":"stack_panel"}}],"size":["100% - 4px","100%c + 6px"],"texture":"textures/ui/mainbanners","type":"image"}}],"ignored":true,"size":["100%","100%c + 4px"],"type":"panel"}},{"raytracing_toggle@settings_common.option_toggle":{"$option_binding_name":"#raytracing","$option_enabled_binding_name":"#raytracing_enabled","$option_label":"Ray Tracing (1.16.200+)","$toggle_name":"raytracing","controls":[{"rtx_disabled_option_upsell@general_section.rtx_disabled_option_upsell":{}},{"option_generic_core@settings_common.option_generic_core":{}}]}},{"reset_button@settings_common.action_button":{"$button_text":"options.resetSettings","$pressed_button_name":"button.reset_settings","ignored":"(not $is_pregame)","property_bag":{"reset_group":"video"}}}],"size":["100%","100%c"],"type":"stack_panel"}}