{"namespace":"vr_section","vr_button@settings_common.section_toggle_base":{"$button_text":"options.group.vr","$glyph_color_texture":"textures/ui/vr_glyph_color","$glyph_size":[19,11],"$glyph_texture":"textures/ui/vr_glyph","$toggle_property_bag":{"#panel_title":"options.group.vrTitle"},"$toggle_view_binding_name":"vr_button_toggle"},"vr_section":{"anchor_from":"top_left","anchor_to":"top_left","bindings":[{"binding_type":"view","source_control_name":"vr_button_toggle","source_property_name":"#toggle_state","target_property_name":"#visible"}],"controls":[{"living_room_subheader@settings_common.subsection_title":{"$text":"options.vr.subheaderLivingRoom"}},{"option_toggle_2@settings_common.option_toggle":{"$option_binding_name":"#vr_living_room_cursor_centered","$option_enabled_binding_name":"#vr_living_room_cursor_centered_enabled","$option_label":"options.vrLivingRoomCursorCentered","$toggle_name":"vr_living_room_cursor_centered"}},{"immersive_subheader@settings_common.subsection_title":{"$text":"options.vr.subheaderImmersive"}},{"option_toggle_0@settings_common.option_toggle":{"$option_binding_name":"#vr_hmd_displacement","$option_enabled_binding_name":"#vr_hmd_displacement_enabled","$option_label":"options.vrHMDdisplacement","$toggle_name":"vr_hmd_displacement","bindings":[{"binding_name":"#device_has_positional_tracking","binding_name_override":"#visible"}]}},{"vr_camera_movement_dropdown@settings_common.option_dropdown":{"$dropdown_area":"content_area","$dropdown_content":"general_section.vr_camera_movement_dropdown_content","$dropdown_name":"vr_camera_movement_dropdown","$dropdown_scroll_content_size":["100%","145%"],"$option_enabled_binding_name":"#vr_camera_moement_dropdown_enabled","$option_label":"options.vr.cameraMovement","$options_dropdown_toggle_label_binding":"#vr_camera_movement_dropdown_toggle_label"}},{"vr_snap_angle_slider@settings_common.option_slider":{"$label_bindings":[{"binding_name":"$option_label"}],"$option_enabled_binding_name":"#vr_snap_angle_enabled","$option_label":"#vr_snap_angle_slider_label","$slider_name":"vr_snap_angle","$slider_steps_binding_name":"#vr_snap_angle_steps","$slider_tts_text_value":"#vr_snap_angle_text_value","$slider_value_binding_name":"#vr_snap_angle"}},{"option_toggle_variable_snap_angle@settings_common.option_toggle":{"$option_binding_name":"#vr_variable_snap_angle","$option_enabled_binding_name":"#vr_variable_snap_angle_enabled","$option_label":"options.vr.variableSnapAngle","$toggle_name":"vr_variable_snap_angle"}},{"option_toggle_snap_sound@settings_common.option_toggle":{"$option_binding_name":"#vr_snap_sound","$option_enabled_binding_name":"#vr_snap_sound_enabled","$option_label":"options.vr.snapSound","$toggle_name":"vr_snap_sound"}},{"vr_movement_dropdown@settings_common.option_dropdown":{"$dropdown_area":"content_area","$dropdown_content":"general_section.vr_movement_dropdown_content","$dropdown_name":"vr_movement_dropdown","$dropdown_scroll_content_size":["100%","145%"],"$option_enabled_binding_name":"#vr_movement_dropdown_enabled","$option_label":"options.vr.movement","$options_dropdown_toggle_label_binding":"#vr_movement_dropdown_toggle_label"}},{"vr_jump_dropdown@settings_common.option_dropdown":{"$dropdown_area":"content_area","$dropdown_content":"general_section.vr_jump_dropdown_content","$dropdown_name":"vr_jump_dropdown","$dropdown_scroll_content_size":["100%","145%"],"$option_enabled_binding_name":"#vr_jump_dropdown_enabled","$option_label":"options.vr.jump","$options_dropdown_toggle_label_binding":"#vr_jump_dropdown_toggle_label"}},{"vr_head_steering_dropdown@settings_common.option_dropdown":{"$dropdown_area":"content_area","$dropdown_content":"general_section.vr_head_steering_dropdown_content","$dropdown_name":"vr_head_steering_dropdown","$dropdown_scroll_content_size":["100%","145%"],"$option_enabled_binding_name":"#vr_head_steering_dropdown_enabled","$option_label":"options.vr.headSteering","$options_dropdown_toggle_label_binding":"#vr_head_steering_dropdown_toggle_label"}},{"vr_sticky_mining_dropdown@settings_common.option_dropdown":{"$dropdown_area":"content_area","$dropdown_content":"general_section.vr_sticky_mining_dropdown_content","$dropdown_name":"vr_sticky_mining_dropdown","$dropdown_scroll_content_size":["100%","145%"],"$option_enabled_binding_name":"#vr_sticky_mining_dropdown_enabled","$option_label":"options.vr.stickyMining","$options_dropdown_toggle_label_binding":"#vr_sticky_mining_dropdown_toggle_label"}},{"vr_hud_position_dropdown@settings_common.option_dropdown":{"$dropdown_area":"content_area","$dropdown_content":"general_section.vr_hud_position_dropdown_content","$dropdown_name":"vr_hud_position_dropdown","$dropdown_scroll_content_size":["100%","145%"],"$option_enabled_binding_name":"#vr_hud_position_dropdown_enabled","$option_label":"options.vr.hudPosition","$options_dropdown_toggle_label_binding":"#vr_hud_position_dropdown_toggle_label"}},{"vr_hud_distance_slider@settings_common.option_slider":{"$label_bindings":[{"binding_name":"$option_label"}],"$option_enabled_binding_name":"#vr_hud_distance_enabled","$option_label":"#vr_hud_distance_slider_label","$slider_name":"vr_hud_distance","$slider_tts_text_value":"#vr_hud_distance_text_value","$slider_value_binding_name":"#vr_hud_distance"}},{"option_toggle_11@settings_common.option_toggle":{"$option_binding_name":"#vr_hand_controls_item","$option_enabled_binding_name":"#vr_hand_controls_item_enabled","$option_label":"options.vrHandControlsItem","$toggle_name":"vr_hand_controls_item","ignored":"(not $supports_hand_controllers)"}}],"size":["100%","100%c"],"type":"stack_panel"}}