{
  "boss_health_panel": {
    "type": "panel",
    "size": [ 182, 20 ],
    "anchor_from": "top_middle",
    "anchor_to": "top_middle",
    "$progress_bar_collection": "boss_bars",
    "controls": [
      {
        "progress_bar_for_collections@common.progress_bar_for_collections": {
          "offset": [ 0, 10 ]
        }
      }
    ],
    "bindings": [
      {
        "binding_name": "#bar_visible",
        "binding_type": "collection",
        "binding_collection_name": "boss_bars",
        "binding_name_override": "#visible"
      }
    ]
  }
}