{
  "namespace":"brightness",
  "main":{
    "type":"panel",
    "size":[
      "140%",
      "140%"
    ],
    "controls":[
      {
        "100%@brightness.100%":{
          
        }
      },
      {
        "80%@brightness.80%":{
          
        }
      },
      {
        "60%@brightness.60%":{
          
        }
      },
      {
        "40%@brightness.40%":{
          
        }
      },
      {
        "20%@brightness.20%":{
          
        }
      },
      {
        "10%@brightness.10%":{
          
        }
      },
      
      
      
      
      {
        "0%@brightness.0%":{
          
        }
      },
      
      
      
      
      
      
      
      
      
      {
        "-100%@brightness.-100%":{
          
        }
      },
      {
        "-80%@brightness.-80%":{
          
        }
      },
      {
        "-60%@brightness.-60%":{
          
        }
      },
      {
        "-40%@brightness.-40%":{
          
        }
      },
      {
        "-20%@brightness.-20%":{
          
        }
      },
      {
        "-10%@brightness.-10%":{
          
        }
      }
    ]
  },
  "100%":{
    "type":"image",
    "texture":"_SPY/brightness/increase",
    "alpha": 0.6,
    "bindings":[
      {
        "binding_type":"view",
        "source_control_name":"brightness.toggle.100",
        "source_property_name":"#toggle_state",
        "target_property_name":"#visible"
      }
    ]
  },
  "80%":{
    "type":"image",
    "texture":"_SPY/brightness/increase",
    "alpha": 0.48,
    "bindings":[
      {
        "binding_type":"view",
        "source_control_name":"brightness.toggle.80",
        "source_property_name":"#toggle_state",
        "target_property_name":"#visible"
      }
    ]
  },
  "60%":{
    "type":"image",
    "texture":"_SPY/brightness/increase",
    "alpha": 0.36,
    "bindings":[
      {
        "binding_type":"view",
        "source_control_name":"brightness.toggle.60",
        "source_property_name":"#toggle_state",
        "target_property_name":"#visible"
      }
    ]
  },
  "40%":{
    "type":"image",
    "texture":"_SPY/brightness/increase",
    "alpha": 0.24,
    "bindings":[
      {
        "binding_type":"view",
        "source_control_name":"brightness.toggle.40",
        "source_property_name":"#toggle_state",
        "target_property_name":"#visible"
      }
    ]
  },
  "20%":{
    "type":"image",
    "texture":"_SPY/brightness/increase",
    "alpha": 0.12,
    "bindings":[
      {
        "binding_type":"view",
        "source_control_name":"brightness.toggle.20",
        "source_property_name":"#toggle_state",
        "target_property_name":"#visible"
      }
    ]
  },
  "10%":{
    "type":"image",
    "texture":"_SPY/brightness/increase",
    "alpha": 0.1,
    "bindings":[
      {
        "binding_type":"view",
        "source_control_name":"brightness.toggle.10",
        "source_property_name":"#toggle_state",
        "target_property_name":"#visible"
      }
    ]
  },
  
  
  
  "0%":{
    "type":"image",
    "texture":"_SPY/brightness/increase",
    "alpha": 0.0,
    "bindings":[
      {
        "binding_type":"view",
        "source_control_name":"brightness.toggle.0",
        "source_property_name":"#toggle_state",
        "target_property_name":"#visible"
      }
    ]
  },
  
  
  
  
  "-100%":{
    "type":"image",
    "texture":"_SPY/brightness/decrease",
    "alpha": 0.6,
    "bindings":[
      {
        "binding_type":"view",
        "source_control_name":"brightness.toggle.-100",
        "source_property_name":"#toggle_state",
        "target_property_name":"#visible"
      }
    ]
  },
  "-80%":{
    "type":"image",
    "texture":"_SPY/brightness/decrease",
    "alpha": 0.48,
    "bindings":[
      {
        "binding_type":"view",
        "source_control_name":"brightness.toggle.-80",
        "source_property_name":"#toggle_state",
        "target_property_name":"#visible"
      }
    ]
  },
  "-60%":{
    "type":"image",
    "texture":"_SPY/brightness/decrease",
    "alpha": 0.36,
    "bindings":[
      {
        "binding_type":"view",
        "source_control_name":"brightness.toggle.-60",
        "source_property_name":"#toggle_state",
        "target_property_name":"#visible"
      }
    ]
  },
  "-40%":{
    "type":"image",
    "texture":"_SPY/brightness/decrease",
    "alpha": 0.24,
    "bindings":[
      {
        "binding_type":"view",
        "source_control_name":"brightness.toggle.-40",
        "source_property_name":"#toggle_state",
        "target_property_name":"#visible"
      }
    ]
  },
  "-20%":{
    "type":"image",
    "texture":"_SPY/brightness/decrease",
    "alpha": 0.12,
    "bindings":[
      {
        "binding_type":"view",
        "source_control_name":"brightness.toggle.-20",
        "source_property_name":"#toggle_state",
        "target_property_name":"#visible"
      }
    ]
  },
  "-10%":{
    "type":"image",
    "texture":"_SPY/brightness/decrease",
    "alpha": 0.1,
    "bindings":[
      {
        "binding_type":"view",
        "source_control_name":"brightness.toggle.-10",
        "source_property_name":"#toggle_state",
        "target_property_name":"#visible"
      }
    ]
  }
  
  
}