{"format_version":"1.8.0","render_controllers":{"controller.render.player.cps":{"arrays":{"textures":{"array.cps":["texture.cps","texture.cps1","texture.cps2","texture.cps3","texture.cps4","texture.cps5","texture.cps6","texture.cps7","texture.cps8","texture.cps9","texture.cps10","texture.cps17","texture.cps18","texture.cps19","texture.cps20","texture.cps21","texture.cps22","texture.cps23","texture.cps25","texture.cps28","texture.cps30","texture.cps32","texture.cps33","texture.cps34","texture.cps35","texture.cps37","texture.cps39","texture.cps38","texture.cps36","texture.cps31","texture.cps29","texture.cps27","texture.cps26","texture.cps24","texture.cps12","texture.cps11","texture.cps14","texture.cps13","texture.cps16","texture.cps15"]}},"geometry":"Geometry.cps","materials":[{"*":"Material.default"}],"rebuild_animation_matrices":true,"textures":["array.cps[(query.delta_time + query.life_time * 5 + query.anim_time * 39)]"]}}}