{"format_version":"1.8.0","render_controllers":{"controller.render.player.hitbox":{"geometry":"Geometry.hitbox","materials":[{"*":"Material.default"}],"textures":["Texture.hitbox"]},"controller.render.player.hitbox2":{"geometry":"Geometry.hitbox","materials":[{"*":"Material.default"}],"textures":["Texture.hitbox"]},"controller.render.player.hitbox3":{"geometry":"Geometry.hitbox","materials":[{"*":"Material.default"}],"textures":["Texture.hitbox"]},"controller.render.player.hitbox4":{"geometry":"Geometry.hitbox","materials":[{"*":"Material.default"}],"textures":["Texture.hitbox"]}}}