{"format_version":"1.8.0","render_controllers":{"controller.render.player.d":{"geometry":"Geometry.to_the_right","materials":[{"*":"Material.default"}],"textures":["Texture.to_the_right"]},"controller.render.player.d1":{"geometry":"Geometry.to_the_right","materials":[{"*":"Material.default"}],"textures":["Texture.to_the_right"]},"controller.render.player.d2":{"geometry":"Geometry.to_the_left","materials":[{"*":"Material.default"}],"textures":["Texture.to_the_left"]},"controller.render.player.d3":{"geometry":"Geometry.to_the_right","materials":[{"*":"Material.default"}],"textures":["Texture.to_the_right"]}}}