{"format_version":"1.8.0","render_controllers":{"controller.render.player.a":{"geometry":"Geometry.to_the_left","materials":[{"*":"Material.default"}],"textures":["Texture.to_the_left"]},"controller.render.player.a1":{"geometry":"Geometry.to_the_left","materials":[{"*":"Material.default"}],"textures":["Texture.to_the_left"]},"controller.render.player.a2":{"geometry":"Geometry.to_the_right","materials":[{"*":"Material.default"}],"textures":["Texture.to_the_right"]},"controller.render.player.a3":{"geometry":"Geometry.to_the_right","materials":[{"*":"Material.default"}],"textures":["Texture.to_the_right"]}}}