{
  "num_mip_levels": 4,
  "padding": 8,
  "resource_pack_name": "vanilla",
  "texture_data": {
    "grass_side_bt": {
      "textures": [
        {
          "overlay_color": "#79c05a",
          "path": "textures/blocks/grass_top"
        },
        {
          "overlay_color": "#8ab689",
          "path": "textures/blocks/grass_top"
        },
        {
          "overlay_color": "#bfb755",
          "path": "textures/blocks/grass_top"
        },
        {
          "overlay_color": "#59c93c",
          "path": "textures/blocks/grass_top"
        },
        {
          "overlay_color": "#55c93f",
          "path": "textures/blocks/grass_top"
        },
        {
          "overlay_color": "#88bb66",
          "path": "textures/blocks/grass_top"
        },
        {
          "overlay_color": "#86b87f",
          "path": "textures/blocks/grass_top"
        },
        {
          "overlay_color": "#64c73f",
          "path": "textures/blocks/grass_top"
        },
        {
          "overlay_color": "#86b783",
          "path": "textures/blocks/grass_top"
        },
        {
          "overlay_color": "#83b593",
          "path": "textures/blocks/grass_top"
        },
        {
          "overlay_color": "#80b497",
          "path": "textures/blocks/grass_top"
        },
        {
          "overlay_color": "#91bd59",
          "path": "textures/blocks/grass_top"
        },
        {
          "overlay_color": "#90814d",
          "path": "textures/blocks/grass_top"
        },
        {
          "overlay_color": "#8eb971",
          "path": "textures/blocks/grass_top"
        },
        {
          "overlay_color": "#6a7039",
          "path": "textures/blocks/grass_top"
        },
        {
          "overlay_color": "#507a32",
          "path": "textures/blocks/grass_top"
        },
        "textures/blocks/grass_side_snowed"
      ]
    }
  },
  "texture_name": "atlas.terrain"
}
