{"anvil_panel/root_panel/common_panel":{"$dialog_background":"common.v_dialog_background_hollow_3","$ev_bg_alpha":0.8,"$fill_alpha":0},"arrow_icon":{"size":[18,12],"texture":"textures/ui/v_arrow_large","type":"image"},"cross_out_icon":{"bindings":[{"binding_name":"#cross_out_icon","binding_name_override":"#visible"}],"size":[18,12],"texture":"textures/ui/crossout","type":"image"},"namespace":"anvil","plus_sign_icon":{"size":[13,13],"texture":"textures/ui/v_anvil-plus","type":"image"},"text_edit_control@common.text_edit_box":{"$text_background_default":"common.v_edit_box_indent","$text_background_hover":"common.v_edit_box_indent_hover","$text_edit_binding_name":"#text_box_item_name","$text_edit_box_label_size":["default",10],"anchor_from":"top_left","anchor_to":"top_left","max_length":300,"property_bag":{"#property_field":"#item_name"}},"title_label@anvil.generic_label":{"anchor_from":"bottom_middle","anchor_to":"bottom_middle","color":"white","offset":[0,3],"text":"container.repair"}}