{"bottle_empty_image":{"anchor_from":"center","anchor_to":"center","bindings":[{"binding_collection_name":"$item_collection_name","binding_name":"#empty_bottle_image_visible","binding_name_override":"#visible","binding_type":"collection"}],"layer":2,"offset":[1,-1],"size":[16,16],"texture":"textures/ui/v_bottle_empty","type":"image"},"brewing_arrow_empty_image":{"anchor_from":"center","anchor_to":"center","layer":1,"offset":[16,-14],"size":[9,28],"texture":"textures/ui/v_brewing_arrow_empty","type":"image"},"brewing_arrow_full_image":{"anchor_from":"center","anchor_to":"center","layer":1,"offset":[16,-14],"size":[9,28],"texture":"textures/ui/v_brewing_arrow_full","type":"image"},"brewing_fuel_bar_empty_image":{"anchor_from":"center","anchor_to":"center","layer":1,"offset":[-23,3],"size":[24,6],"texture":"textures/ui/v_brewing_fuel_bar_empty","type":"image"},"brewing_fuel_pipes":{"anchor_from":"center","anchor_to":"center","layer":2,"offset":[-47,-5],"size":[30,22],"texture":"textures/ui/v_brewing_fuel_pipes","type":"image"},"brewing_label":{"anchor_from":"top_middle","anchor_to":"top_middle","color":"white","layer":2,"offset":[0,-3],"text":"$container_title","type":"label"},"brewing_pipes":{"anchor_from":"center","anchor_to":"center","layer":2,"offset":[0,3],"size":[30,26],"texture":"textures/ui/v_brewing_pipes","type":"image"},"brewing_stand_panel":{"modifications":[{"array_name":"controls","operation":"insert_front","value":[{"v_dialog@common_dialogs.v_main_panel_no_buttons":{"$child_control":"brewing_stand.rcp_v_list_scrolling","$custom_background":"v_dialog_background_hollow_3","$ev_bg_alpha":0.8,"$fill_alpha":0,"$show_close_button":false,"$text_name":"§fRecipe","anchor_from":"center","anchor_to":"center","layer":22,"offset":[150,0],"size":[120,170]}}]}]},"brewing_stand_panel/root_panel/common_panel":{"$dialog_background":"common.v_dialog_background_hollow_3","$ev_bg_alpha":0.8,"$fill_alpha":0},"bubbles_empty_image":{"anchor_from":"center","anchor_to":"center","layer":2,"offset":[-23,-14],"size":[12,30],"texture":"textures/ui/v_bubbles_empty","type":"image"},"bubbles_full_image":{"bindings":[{"binding_condition":"always","binding_name":"#brewing_bubbles_ratio","binding_name_override":"#clip_ratio"}],"clip_direction":"down","layer":3,"offset":[-23,-14],"size":[12,30],"texture":"textures/ui/v_bubbles_full","type":"image"},"fuel_empty_image":{"anchor_from":"center","anchor_to":"center","bindings":[{"binding_collection_name":"$item_collection_name","binding_name":"#empty_fuel_image_visible","binding_name_override":"#visible","binding_type":"collection"}],"layer":2,"offset":[0,-1],"size":[16,16],"texture":"textures/ui/v_brewing_fuel_empty","type":"image"},"pnl":{"layer":30,"offset":[-37,0],"size":[175,225],"texture":"textures/ui/q_bw","type":"image"},"rcp_v_list_scrolling@common.scrolling_panel":{"$scrolling_content":"brewing_stand.pnl","$show_background":false,"layer":24}}