{"arrow_icon":{"size":[22,15],"texture":"textures/ui/v_arrow","type":"image"},"cartography_panel/root_panel":{"modifications":[{"control_name":"tab_close_and_help_button","operation":"remove"}]},"cartography_panel/root_panel/common_panel":{"$dialog_background":"common.v_dialog_background_hollow_3","$ev_bg_alpha":0.8,"$fill_alpha":0,"$show_close_button":true},"namespace":"cartography","plus_sign_icon":{"size":[13,13],"texture":"textures/ui/v_anvil-plus","type":"image"},"text_box_panel/map_name_label":{"color":"white"},"text_edit_control@common.text_edit_box":{"$place_holder_text":"#text_box_placeholder_name","$text_background_default":"common.v_edit_box_indent","$text_background_hover":"common.v_edit_box_indent_hover","$text_edit_box_label_size":["default",10],"$text_edit_box_placeholder_content_binding_name":"#text_box_placeholder_name","anchor_from":"top_left","anchor_to":"top_left","max_length":30,"size":["default",20]},"title_label":{"color":"white","text":"tile.cartography_table.name","type":"label"}}