{"chat_settings_popup@popup_dialog.form_fit_modal_dialog_popup":{"$dialog_background_texture":"textures/ui/clear_ui","$ev_bg_alpha":2,"$light_button_default_text_color":"white","$screen_background_alpha":0,"$v_dialog_texture":"textures/ui/v_better_gui_x","$window_type":"common.v_dialog_background_hollow_3","offset":[0,-10]},"namespace":"chat_settings","reset_button@common_buttons.light_text_button":{"$default_button_texture":"textures/ui/default_toggle_button_dark","$focus_border_size":[0,0],"$hover_button_texture":"textures/ui/hover_toggle_button_dark","$pressed_button_texture":"textures/ui/hover_toggle_button_dark","$v_color":"white"}}