{"auto_complete_panel_contents_with_item/text":{"offset":[0,0],"size":["100%",14]},"chat_screen@common.base_screen":{"$screen_bg_content":"common.empty_panel","$screen_content":"chat.v_chat_content_dialog","close_on_player_hurt":false},"commands_panel":{"offset":[0,-25],"size":["100%","100% - 25px"]},"messages_scrolling_panel@common.scrolling_panel":{"offset":[0,-25],"size":["100% - 2px","100% - 25px"]},"namespace":"chat","small_button@common_buttons.light_content_button":{"$default_button_texture":"textures/ui/default_toggle_button_dark","$focus_border_size":[0,0],"$hover_button_texture":"textures/ui/hover_toggle_button_dark","$pressed_button_texture":"textures/ui/hover_toggle_button_dark","$v_color":"white"},"text_edit_box@common.text_edit_box":{"$text_background_default":"common.v_edit_box_indent","$text_background_hover":"common.v_edit_box_indent_hover","size":["100% - 145px",22]},"v_chat_content":{"controls":[{"copy_coor":{"anchor_from":"top_middle","anchor_to":"top_middle","bindings":[{"binding_name":"#chat_coordinate_dropdown_visible","binding_name_override":"#visible","binding_type":"global"}],"controls":[{"coordinate_dropdown@chat.coordinate_dropdown":{"size":[100,20]}},{"coordinates_background_image":{"controls":[{"coordinates_text":{"bindings":[{"binding_name":"#coordinates_text","binding_name_override":"#text"}],"color":"$main_header_text_color","layer":2,"size":["default",10],"text":"#text","type":"label"}}],"size":["100%c + 14px",14],"texture":"textures/ui/lightgreybars","type":"image"}},{"copy_coordinate_button@chat.copy_coordinate_button":{"size":[16,16]}},{"paste_button@chat.paste_button":{"size":[16,16]}}],"layer":500,"offset":[4,-20],"orientation":"horizontal","size":["default",20],"type":"stack_panel"}},{"panel_z":{"controls":[{"popup_factory@chat_settings.popup_factory":{}},{"messages_panel@chat.messages_scrolling_panel":{}},{"autocomplete_commands_panel@chat.commands_panel":{"layer":3}},{"host_main_panel@host_options.host_panel":{"layer":4}}],"type":"panel"}},{"panel_x":{"anchor_from":"bottom_middle","anchor_to":"bottom_middle","controls":[{"keyboard_button@common_buttons.button_template_x":{"$button_type_panel":"chat.v_keyboard_texture","$pressed_button_name":"button.keyboard_toggle","size":[22,22]}},{"space_xx":{"size":[1,1],"type":"panel"}},{"host_main_button@common_buttons.button_template_x":{"$button_text":"/","$pressed_button_name":"button.host_toggle","bindings":[{"binding_name":"#cheats_on","binding_name_override":"#visible"},{"binding_name":"#host_main_button_focus_override_up","binding_name_override":"#focus_change_up"},{"binding_name":"#host_main_button_focus_override_down","binding_name_override":"#focus_change_down"}],"ignored":"$is_pregame","size":[22,22]}},{"space_x":{"size":[1,1],"type":"panel"}},{"chat_settings_button@common_buttons.button_template_x":{"$button_type_panel":"chat.v_setting_button_image","$pressed_button_name":"button.open_chat_settings","size":[22,22]}},{"space_xxx":{"size":[1,1],"type":"panel"}},{"text_box@chat.text_edit_box":{}},{"space_xxyxzz":{"size":[1,1],"type":"panel"}},{"previous_button@common_buttons.button_template_x":{"$button_text":"<","$pressed_button_name":"button.chat_previous_message","size":[22,22]}},{"space_xxzy":{"size":[1,1],"type":"panel"}},{"complete_button@common_buttons.button_template_x":{"$button_text":">","$pressed_button_name":"button.chat_autocomplete","size":[22,22]}},{"space_xxz":{"size":[1,1],"type":"panel"}},{"send_button@common_buttons.button_template_x":{"$button_text":"Send","$pressed_button_name":"button.send","bindings":[{"binding_name":"#send_button_visible","binding_name_override":"#enabled"},{"binding_name":"#send_button_accessibility_text"}],"size":[28,22]}}],"layer":99,"orientation":"horizontal","size":["100%",22],"type":"stack_panel"}}],"type":"panel"},"v_chat_content_dialog@common_dialogs.v_main_panel_no_buttons":{"$child_control":"chat.v_chat_content","$ev_bg_alpha":0.8,"$fill_alpha":0,"$show_close_button":true,"$text_name":"§fChat","size":["100% - 40px","100% - 30px"]},"v_keyboard_texture":{"size":[14,14],"texture":"textures/ui/v_keyboard","type":"image"},"v_setting_button_image":{"size":[14,14],"texture":"textures/ui/v_gear","type":"image"}}