{"chest_label":{"anchor_from":"top_left","anchor_to":"top_left","color":"white","layer":2,"offset":[7,-1],"size":["90%","default"],"text":"$container_title","type":"label"},"large_chest_panel":{"modifications":[{"array_name":"controls","operation":"insert_front","value":[{"search_bar@common.text_edit_box":{"$place_holder_text":"Search Items...","$text_background_default":"common.v_edit_box_indent","$text_background_hover":"common.v_edit_box_indent_hover","$text_edit_text_control":"u865-def-754b-3cd5","anchor_from":"top_right","anchor_to":"top_right","max_length":100,"offset":[-20,0],"size":["50% - 142px",18]}},{"clear_search_bar@common_toggles.light_text_toggle":{"$button_text":"§f-","$default_border_visible":false,"$default_texture":"textures/ui/default_toggle_button_dark","$hover_border_visible":false,"$hover_texture":"textures/ui/default_toggle_button_dark","$pressed_no_hover_texture":"textures/ui/hover_toggle_button_dark","$pressed_texture":"textures/ui/default_toggle_button_dark","$toggle_name":"ak-efbe65-u865-def-65a4b-3cd9","$toggle_view_binding_name":"dk-efbe65-u865-def-754b-3cd8","anchor_from":"top_right","anchor_to":"top_right","layer":1,"offset":[0,-1],"size":[20,20]}}]}]},"large_chest_panel/root_panel":{"modifications":[{"array_name":"controls","operation":"insert_front","value":[{"auto_place_panel":{"$button_ref":"inventory_button_mapping.auto_place_cmd","bindings":[{"binding_type":"view","source_control_name":"v_auto_place_mode","source_property_name":"#toggle_state","target_property_name":"#visible"}],"controls":[{"large_chest_panel_top_half@chest.large_chest_panel_top_half":{}},{"inventory_panel_bottom_half_with_label@common.inventory_panel_bottom_half_with_label":{}},{"hotbar_grid@common.hotbar_grid_template":{}},{"inventory_take_progress_icon_button@common.inventory_take_progress_icon_button":{}}],"layer":6,"type":"panel"}},{"drop_one_panel":{"$button_ref":"inventory_button_mapping.drop_mode_cmd","bindings":[{"binding_type":"view","source_control_name":"v_drop","source_property_name":"#toggle_state","target_property_name":"#visible"}],"controls":[{"large_chest_panel_top_half@chest.large_chest_panel_top_half":{}},{"inventory_panel_bottom_half_with_label@common.inventory_panel_bottom_half_with_label":{}},{"hotbar_grid@common.hotbar_grid_template":{}},{"inventory_take_progress_icon_button@common.inventory_take_progress_icon_button":{}}],"layer":7,"type":"panel"}},{"inventory_mode":{"anchor_from":"top_right","anchor_to":"top_right","controls":[{"default_mode@ev_template_toggles.inventory_mode":{"$button_type_panel":"button_type.object","$hover_text":"Default","$texture":"textures/ui/default_ic","$toggle_default_state":true,"$toggle_group_forced_index":0,"$toggle_view_binding_name":"null_mode","size":[30,30]}},{"drop_one_mode@ev_template_toggles.inventory_mode":{"$button_type_panel":"button_type.object","$hover_text":"Drop One","$texture":"textures/ui/drop_ic","$toggle_group_forced_index":2,"$toggle_view_binding_name":"v_drop","size":[30,30]}},{"auto_place_mode@ev_template_toggles.inventory_mode":{"$button_type_panel":"button_type.object","$hover_text":"Auto Place","$texture":"textures/ui/auto_place_ic","$toggle_group_forced_index":3,"$toggle_view_binding_name":"v_auto_place_mode","size":[30,30]}}],"offset":[31,0],"size":[30,"default"],"type":"stack_panel"}},{"paperdoll_render":{"anchor_from":"bottom_right","anchor_to":"bottom_right","controls":[{"hud_player":{"layer":2,"offset":[0,-10],"renderer":"live_player_renderer","size":[24,24],"type":"custom"}}],"layer":1,"offset":[46,0],"size":[45,55],"texture":"textures/ui/banners_dark","type":"image"}},{"search_bar_panel":{"controls":[{"chest@chest.v_large_chest":{}},{"inventory@chest.v_chest_x":{}},{"hotbar@chest.v_hotbar_grid":{}}],"layer":5,"type":"panel"}}]}]},"large_chest_panel/root_panel/chest_panel":{"bindings":[{"binding_type":"view","source_control_name":"null_mode","source_property_name":"#toggle_state","target_property_name":"#visible"}]},"large_chest_panel/root_panel/common_panel":{"$dialog_background":"common.v_dialog_background_hollow_3","$ev_bg_alpha":0.8,"$fill_alpha":0},"namespace":"chest","small_chest_panel/root_panel":{"modifications":[{"array_name":"controls","operation":"insert_front","value":[{"auto_place_panel":{"$button_ref":"inventory_button_mapping.auto_place_cmd","bindings":[{"binding_type":"view","source_control_name":"v_auto_place_mode","source_property_name":"#toggle_state","target_property_name":"#visible"}],"controls":[{"small_chest_panel_top_half@chest.small_chest_panel_top_half":{}},{"inventory_panel_bottom_half_with_label@common.inventory_panel_bottom_half_with_label":{}},{"hotbar_grid@common.hotbar_grid_template":{}},{"inventory_take_progress_icon_button@common.inventory_take_progress_icon_button":{}}],"layer":6,"type":"panel"}},{"drop_one_panel":{"$button_ref":"inventory_button_mapping.drop_mode_cmd","bindings":[{"binding_type":"view","source_control_name":"v_drop","source_property_name":"#toggle_state","target_property_name":"#visible"}],"controls":[{"small_chest_panel_top_half@chest.small_chest_panel_top_half":{}},{"inventory_panel_bottom_half_with_label@common.inventory_panel_bottom_half_with_label":{}},{"hotbar_grid@common.hotbar_grid_template":{}},{"inventory_take_progress_icon_button@common.inventory_take_progress_icon_button":{}}],"layer":7,"type":"panel"}},{"search_bar_panel":{"controls":[{"chest@chest.v_small_chest":{}},{"inventory@chest.v_chest_x":{}},{"hotbar@chest.v_hotbar_grid":{}}],"layer":5,"type":"panel"}},{"paperdoll_render":{"anchor_from":"bottom_right","anchor_to":"bottom_right","controls":[{"hud_player":{"layer":2,"offset":[0,-10],"renderer":"live_player_renderer","size":[24,24],"type":"custom"}}],"layer":1,"offset":[46,0],"size":[45,55],"texture":"textures/ui/banners_dark","type":"image"}},{"inventory_mode":{"anchor_from":"top_right","anchor_to":"top_right","controls":[{"default_mode@ev_template_toggles.inventory_mode":{"$button_type_panel":"button_type.object","$hover_text":"Default","$texture":"textures/ui/default_ic","$toggle_default_state":true,"$toggle_group_forced_index":0,"$toggle_view_binding_name":"null_mode","size":[30,30]}},{"drop_one_mode@ev_template_toggles.inventory_mode":{"$button_type_panel":"button_type.object","$hover_text":"Drop One","$texture":"textures/ui/drop_ic","$toggle_group_forced_index":2,"$toggle_view_binding_name":"v_drop","size":[30,30]}},{"auto_place_mode@ev_template_toggles.inventory_mode":{"$button_type_panel":"button_type.object","$hover_text":"Auto Place","$texture":"textures/ui/auto_place_ic","$toggle_group_forced_index":3,"$toggle_view_binding_name":"v_auto_place_mode","size":[30,30]}}],"offset":[31,0],"size":[30,"default"],"type":"stack_panel"}},{"search_bar@common.text_edit_box":{"$place_holder_text":"Search Items...","$text_background_default":"common.v_edit_box_indent","$text_background_hover":"common.v_edit_box_indent_hover","$text_edit_text_control":"u865-def-754b-3cd5","anchor_from":"top_left","anchor_to":"top_left","max_length":100,"offset":[0,-19],"size":[156,18]}},{"clear_search_bar@common_toggles.light_text_toggle":{"$button_text":"§f-","$default_border_visible":false,"$default_texture":"textures/ui/default_toggle_button_dark","$hover_border_visible":false,"$hover_texture":"textures/ui/default_toggle_button_dark","$pressed_no_hover_texture":"textures/ui/hover_toggle_button_dark","$pressed_texture":"textures/ui/default_toggle_button_dark","$toggle_name":"ak-efbe65-u865-def-65a4b-3cd9","$toggle_view_binding_name":"dk-efbe65-u865-def-754b-3cd8","anchor_from":"top_right","anchor_to":"top_right","layer":1,"offset":[0,-20],"size":[20,20]}}]}]},"small_chest_panel/root_panel/chest_panel":{"bindings":[{"binding_type":"view","source_control_name":"null_mode","source_property_name":"#toggle_state","target_property_name":"#visible"}]},"small_chest_panel/root_panel/common_panel":{"$dialog_background":"common.v_dialog_background_hollow_3","$ev_bg_alpha":0.8,"$fill_alpha":0},"template_x":{"alpha":0.8,"bindings":[{"binding_collection_name":"$item_collection","binding_condition":"always","binding_name":"#hover_text","binding_type":"collection"},{"binding_type":"view","source_control_name":"u865-def-754b-3cd5","source_property_name":"#item_name","target_property_name":"#real_evoker_mc"},{"binding_type":"view","source_property_name":"(((#hover_text - #real_evoker_mc) = #hover_text) and (not (#real_evoker_mc = '')))","target_property_name":"#visible"}],"layer":10,"size":[18,18],"texture":"textures/ui/v_slot_search","type":"image"},"v_chest_x":{"anchor_from":"bottom_left","anchor_to":"bottom_left","controls":[{"v_inventory_panel":{"anchor_from":"bottom_middle","anchor_to":"bottom_middle","controls":[{"inventory_grid":{"$item_collection":"inventory_items","anchor_from":"bottom_middle","anchor_to":"bottom_middle","collection_name":"inventory_items","grid_dimensions":[9,3],"grid_item_template":"chest.template_x","offset":[0,-26],"size":[162,54],"type":"grid"}}],"size":[88,83],"type":"panel"}}],"size":["100%",93],"type":"panel"},"v_hotbar_grid":{"$item_collection":"hotbar_items","anchor_from":"bottom_middle","anchor_to":"bottom_middle","collection_name":"hotbar_items","grid_dimensions":[9,1],"grid_item_template":"chest.template_x","offset":[0,-5],"size":[162,18],"type":"grid"},"v_large_chest":{"anchor_from":"top_left","anchor_to":"top_left","controls":[{"large_chest_grid":{"$item_collection":"container_items","anchor_from":"top_left","anchor_to":"top_left","collection_name":"container_items","grid_dimensions":[9,6],"grid_item_template":"chest.template_x","offset":[7,10],"size":[162,108],"type":"grid"}}],"offset":[0,11],"size":["100%",132],"type":"panel"},"v_small_chest":{"anchor_from":"top_left","anchor_to":"top_left","controls":[{"v_small_chest_grid":{"$item_collection":"container_items","anchor_from":"top_left","anchor_to":"top_left","collection_name":"container_items","grid_dimensions":[9,3],"grid_item_template":"chest.template_x","offset":[7,9],"size":[162,54],"type":"grid"}}],"offset":[0,12],"size":["100%","50%"],"type":"panel"}}