{"armor_image@horse.overlay_image":{"texture":"textures/ui/v_empty_horse_slot_armor"},"carpet_image@horse.overlay_image":{"texture":"textures/ui/v_empty_llama_slot_carpet"},"horse_label@common.section_heading_label":{"anchor_from":"top_left","anchor_to":"top_left","color":"white","layer":5,"offset":[7,7],"text":"$container_title"},"horse_panel/root_panel/common_panel":{"$dialog_background":"common.v_dialog_background_hollow_3","$ev_bg_alpha":0.8,"$fill_alpha":0,"$show_close_button":true,"$use_compact_close_button":false},"namespace":"horse","overlay_image":{"alpha":1,"type":"image"},"renderer_bg":{"texture":"textures/ui/v_cell_image","type":"image"},"saddle_image@horse.overlay_image":{"texture":"textures/ui/v_empty_horse_slot_saddle"}}