{"button_label":{"$button_label_shadow|default":true,"color":"white"},"host_main_button@common_buttons.light_text_form_fitting_button":{"$default_button_texture":"textures/ui/default_toggle_button_dark","$focus_border_size":[0,0],"$hover_button_texture":"textures/ui/hover_toggle_button_dark","$locked_button_texture":"textures/ui/locked_toggle_button_dark","$pressed_button_texture":"textures/ui/hover_toggle_button_dark","$v_color":"white"},"host_teleport_grid_item/host_option_toggle":{"$default_border_visible":false,"$default_texture":"textures/ui/default_toggle_button_dark","$hover_border_visible":false,"$hover_texture":"textures/ui/hover_toggle_button_dark","$locked_texture":"textures/ui/locked_toggle_button_dark","$pressed_no_hover_texture":"textures/ui/hover_toggle_button_dark","$pressed_texture":"textures/ui/hover_toggle_button_dark","$v_color":"white"},"main_dark_button@common_buttons.dark_content_button":{"$default_button_texture":"textures/ui/default_toggle_button_dark","$focus_border_size":[0,0],"$hover_button_texture":"textures/ui/hover_toggle_button_dark","$locked_button_texture":"textures/ui/locked_toggle_button_dark","$pressed_button_texture":"textures/ui/hover_toggle_button_dark","$v_color":"white"},"main_light_button@common_buttons.light_content_button":{"$default_button_texture":"textures/ui/default_toggle_button_dark","$focus_border_size":[0,0],"$hover_button_texture":"textures/ui/hover_toggle_button_dark","$locked_button_texture":"textures/ui/locked_toggle_button_dark","$pressed_button_texture":"textures/ui/hover_toggle_button_dark","$v_color":"white"},"namespace":"host_options"}