{"button_template_x@common.button":{"controls":[{"default@hud.template_x":{"$default":true,"$default_alpha|default":1,"$default_button_texture|default":"textures/ui/default_toggle_button_dark","alpha":"$default_alpha","layer":1,"texture":"$default_button_texture"}},{"hover@hud.template_x":{"$hover":true,"$hover_button_texture|default":"textures/ui/hover_toggle_button_dark","layer":1,"texture":"$hover_button_texture"}},{"pressed@hud.template_x":{"$pressed":true,"$pressed_button_texture|default":"textures/ui/hover_toggle_button_dark","layer":1,"texture":"$pressed_button_texture"}}]},"chat_panel":{"anchor_from":"top_left","anchor_to":"top_left","bindings":[{"binding_type":"view","source_control_name":"chat_pnl","source_property_name":"#toggle_state","target_property_name":"#visible"}],"controls":[{"stack_panel":{"anchor_from":"bottom_left","anchor_to":"bottom_left","factory":{"control_ids":{"chat_item":"chat_item@hud.chat_grid_item"},"max_children_size":50,"name":"chat_item_factory"},"type":"stack_panel"}}],"max_size":["100%","50%"],"size":["100%","100%c"],"type":"panel"},"content_toggle_label":{"controls":[{"icon":{"anchor_from":"center","anchor_to":"center","layer":65,"offset":[0,-12],"size":[28,28],"texture":"$select_icon","type":"image"}},{"label":{"anchor_from":"bottom_middle","anchor_to":"bottom_middle","font_type":"smooth","layer":66,"offset":[0,-14],"text":"$button_text","type":"label"}},{"mod_detail":{"$mod_detail_anchor_from|default":"bottom_right","$mod_detail_anchor_to|default":"bottom_right","$mod_detail_offset|default":[116,14],"alpha":2,"anchor_from":"$mod_detail_anchor_from","anchor_to":"$mod_detail_anchor_to","bindings":[{"binding_type":"view","source_control_name":"mod_detail_tg","source_property_name":"#toggle_state","target_property_name":"#visible"}],"controls":[{"stack_panel":{"controls":[{"text":{"$mod_detail_text|default":"","controls":[{"hover_text@common.hover_text":{"$hover_text_binding_name|default":"#hover_text","bindings":[{"binding_name":"$hover_text_binding_name","binding_name_override":"#hover_text","binding_type":"collection"}],"layer":501}}],"size":["100%","default"],"text":"$mod_detail_text","type":"label"}},{"performance_text":{"$performance_text|default":"","controls":[{"hover_text@common.hover_text":{"$hover_text_binding_name|default":"#hover_text","bindings":[{"binding_name":"$hover_text_binding_name","binding_name_override":"#hover_text","binding_type":"collection"}],"layer":501}}],"size":["100%","default"],"text":"$performance_text","type":"label"}}],"size":[140,"default"],"type":"stack_panel"}}],"ignored":"(not $toggle_checked_hover)","layer":500,"offset":"$mod_detail_offset","size":["100%c + 4px","100%c + 4px"],"texture":"textures/ui/hover_toggle_button_dark","type":"image"}}],"size":[72,62],"type":"panel"},"hide_enchant_text":{"$destroy_id|default":"item_name_text","$show_interact_padding|default":false,"$show_survival_padding|default":false,"$show_text_background|default":false,"$text_binding|default":"#item_text","$text_color|default":"$tool_tip_text","$wait_duration|default":1,"anchor_from":"bottom_middle","anchor_to":"bottom_middle","controls":[{"item_text_aligner":{"controls":[{"item_text_control":{"clips_children":true,"controls":[{"item_text_background":{"alpha":"@hud.anim_item_name_background_alpha_in","ignored":"(not $show_text_background)","size":["100%sm + 12px","100%sm + 5px"],"texture":"textures/ui/hud_tip_text_background","type":"image"}},{"item_text_label":{"alpha":"@hud.anim_item_name_text_alpha_in","anchor_from":"top_middle","anchor_to":"top_middle","bindings":[{"binding_name":"$text_binding","binding_name_override":"#text"}],"color":"$text_color","layer":31,"max_size":[200,"default"],"text":"#text","text_alignment":"center","type":"label"}}],"size":["100%cm + 2px",11],"type":"panel"}},{"interact_padding@common.empty_panel":{"bindings":[{"binding_condition":"always","binding_name":"#interact_visible","binding_name_override":"#visible"}],"size":["100%sm",18],"visible":"$show_interact_padding"}},{"survival_buffer@common.empty_panel":{"bindings":[{"binding_name":"#show_survival_ui","binding_name_override":"#visible"}],"size":["100%sm",17],"visible":"$show_survival_padding"}},{"armor_buffer@common.empty_panel":{"bindings":[{"binding_name":"#is_in_classic_ui_mode_with_visible_armor","binding_name_override":"#visible"}],"size":["100%sm",8],"visible":false}}],"size":["100%cm","100%c"],"type":"stack_panel"}}],"size":["100%cm","100%cm"],"type":"panel"},"hud_content":{"modifications":[{"array_name":"controls","operation":"insert_front","value":[{"mod@common_toggles.light_text_toggle_sw_2":{"$button_mappings":[{"from_button_id":"button.menu_select","mapping_type":"double_pressed","to_button_id":"button.evoker_dep_trai"}],"$button_text":"","$default_border_visible":false,"$default_texture":"textures/ui/clear_ui","$hover_border_visible":false,"$hover_texture":"textures/ui/clear_ui","$locked_texture":"textures/ui/clear_ui","$pressed_no_hover_texture":"textures/ui/clear_ui","$pressed_texture":"textures/ui/clear_ui","$toggle_group_forced_index":55,"$toggle_view_binding_name":"open_mod_menu","anchor_from":"bottom_left","anchor_to":"bottom_left","layer":8,"size":[22,22]}},{"mod_menu_screen@config.ev_mod_menu":{"controls":[{"v_mod_menu_screen@hud.mod_dialog_panel":{}}],"type":"panel"}},{"hide_button_panel":{"anchor_from":"bottom_middle","anchor_to":"bottom_middle","bindings":[{"binding_condition":"always","binding_name":"#inventory_touch_button","binding_name_override":"#visible","binding_type":"global"}],"controls":[{"hide_button@common_buttons.light_text_button":{"$button_text":"F1","$default_button_texture":"textures/ui/default_toggle_button_dark","$focus_border_size":[0,0],"$hover_button_texture":"textures/ui/hover_toggle_button_dark","$pressed_button_name":"button.hide_gui_all","$pressed_button_texture":"textures/ui/hover_toggle_button_dark","$v_color":"white","bindings":[{"binding_type":"view","source_control_name":"hide_button_tg","source_property_name":"#toggle_state","target_property_name":"#visible"}],"size":[20,20]}}],"offset":[-112,-1],"size":[20,20],"type":"panel"}}]}]},"hud_player_renderer":{"controls":[{"3d":{"bindings":[{"binding_type":"view","source_control_name":"2d_paper_doll","source_property_name":"(not #toggle_state)","target_property_name":"#visible"}],"controls":[{"hud_player":{"animation_reset_name":"screen_animation_reset","anims":["@common.screen_exit_size_animation_push","@common.screen_exit_size_animation_pop","@common.screen_entrance_size_animation_push","@common.screen_entrance_size_animation_pop"],"bindings":[{"binding_type":"view","source_control_name":"3d_paper_doll","source_property_name":"#toggle_state","target_property_name":"#visible"}],"layer":1,"renderer":"hud_player_renderer","type":"custom"}}],"size":[15,15],"type":"panel"}},{"2d":{"bindings":[{"binding_type":"view","source_control_name":"3d_paper_doll","source_property_name":"#toggle_state","target_property_name":"#visible"}],"controls":[{"hud_player":{"animation_reset_name":"screen_animation_reset","anims":["@common.screen_exit_size_animation_push","@common.screen_exit_size_animation_pop","@common.screen_entrance_size_animation_push","@common.screen_entrance_size_animation_pop"],"bindings":[{"binding_type":"view","source_control_name":"2d_paper_doll","source_property_name":"#toggle_state","target_property_name":"#visible"}],"layer":1,"renderer":"live_player_renderer","type":"custom"}}],"size":[15,15],"type":"panel"}}],"type":"panel"},"hud_screen@common.base_screen":{"$screen_animations":["@common.screen_exit_animation_push_fade","@common.screen_exit_animation_pop_fade","@common.screen_entrance_animation_push_fade","@common.screen_entrance_animation_pop_fade"],"$screen_bg_content":"hud.v_crosshair","$screen_content":"hud.hud_content","absorbs_input":false,"always_accepts_input":true,"button_mappings":[{"from_button_id":"button.scoreboard","mapping_type":"global","to_button_id":"button.scoreboard"},{"from_button_id":"button.inventory_left","mapping_type":"global","to_button_id":"button.hotbar_inventory_left"},{"from_button_id":"button.inventory_right","mapping_type":"global","to_button_id":"button.hotbar_inventory_right"},{"from_button_id":"button.hide_gui","mapping_type":"global","to_button_id":"button.hide_gui_all"},{"from_button_id":"button.hide_tooltips","mapping_type":"global","to_button_id":"button.hide_tooltips_hud"},{"from_button_id":"button.hide_paperdoll","mapping_type":"global","to_button_id":"button.hide_paperdoll_hud"},{"from_button_id":"button.slot1","mapping_type":"global","to_button_id":"button.slot_1"},{"from_button_id":"button.slot2","mapping_type":"global","to_button_id":"button.slot_2"},{"from_button_id":"button.slot3","mapping_type":"global","to_button_id":"button.slot_3"},{"from_button_id":"button.slot4","mapping_type":"global","to_button_id":"button.slot_4"},{"from_button_id":"button.slot5","mapping_type":"global","to_button_id":"button.slot_5"},{"from_button_id":"button.slot6","mapping_type":"global","to_button_id":"button.slot_6"},{"from_button_id":"button.slot7","mapping_type":"global","to_button_id":"button.slot_7"},{"from_button_id":"button.slot8","mapping_type":"global","to_button_id":"button.slot_8"},{"from_button_id":"button.slot9","mapping_type":"global","to_button_id":"button.slot_9"},{"from_button_id":"button.slot0","mapping_type":"global","to_button_id":"button.slot_0"}],"is_showing_menu":false,"low_frequency_rendering":true,"send_telemetry":false,"should_steal_mouse":true},"inventory_overlay":{"$durability_bar_required":true,"$item_collection_name":"hotbar_items","$stack_count_required":true,"controls":[{"x@common.stack_count_label":{"layer":7}},{"xx@common.item_renderer":{"layer":6,"size":[16,16]}},{"xxx@common.durability_bar":{"layer":7}}],"size":[18,18],"type":"panel"},"item_id_aux_text_item":{"bindings":[{"binding_collection_name":"hotbar_items","binding_name":"#slot_selected","binding_name_override":"#visible","binding_type":"collection"}],"controls":[{"itemIDPanel":{"anchor_from":"top_right","anchor_to":"top_right","controls":[{"text":{"bindings":[{"binding_collection_name":"hotbar_items","binding_condition":"none","binding_name":"#item_id_aux","binding_type":"collection"},{"binding_type":"view","source_property_name":"('§eItem ID Aux : ' + '§r' + #item_id_aux)","target_property_name":"#text"}],"layer":14,"shadow":true,"text":"#text","type":"label"}}],"offset":[-1,-1],"size":["100%cm + 4px","100%cm + 4px"],"texture":"textures/ui/banners_dark","type":"image"}}],"size":[0,0],"type":"panel"},"item_id_aux_text_panel":{"bindings":[{"binding_name":"#hotbar_grid_dimensions","binding_type":"global"}],"collection_name":"hotbar_items","grid_dimension_binding":"#hotbar_grid_dimensions","grid_item_template":"hud.item_id_aux_text_item","size":["100%cm","100%cm"],"type":"grid"},"item_name_text@hud.v_item_name_text":{"offset":[0,-14]},"main_hand_slot":{"$item_collection_name":"hotbar_items","$stack_count_required":true,"bindings":[{"binding_collection_name":"hotbar_items","binding_name":"#slot_selected","binding_name_override":"#visible","binding_type":"collection"}],"controls":[{"hotbar_parent":{"controls":[{"item_icon@hotbar_hud_item_icon":{"layer":3,"size":[10,10]}}],"size":[12,12],"type":"panel"}},{"hotbar_renderer":{"bindings":[{"binding_collection_name":"$hotbar_collection_name","binding_type":"collection_details"}],"layer":10,"renderer":"hotbar_cooldown_renderer","size":[14,14],"type":"custom"}}],"layer":1,"size":[0,0],"type":"panel"},"mod_dialog_panel":{"bindings":[{"binding_type":"view","source_control_name":"open_mod_menu","source_property_name":"#toggle_state","target_property_name":"#visible"}],"controls":[{"select_dialog@common_dialogs.v_main_panel_no_buttons":{"$child_control":"hud.v_select_scroll","$ev_bg_alpha":0.8,"$fill_alpha":0,"$show_close_button":false,"$text_name":"§fSelect","anchor_from":"top_left","anchor_to":"top_left","animation_reset_name":"button.evoker_dep_trai","anims":["@v_animation.select_dialog"],"layer":30,"size":[115,170]}},{"content_dialog@common_dialogs.v_main_panel_no_buttons":{"$child_control":"hud.v_content_scroll","$ev_bg_alpha":0.8,"$fill_alpha":0,"$show_close_button":false,"$text_name":"§fMod Menu","anchor_from":"top_right","anchor_to":"top_right","animation_reset_name":"button.evoker_dep_trai","anims":["@v_animation.content_dialog"],"layer":30,"size":[248,170]}},{"close@common_toggles.light_text_toggle_sw_2":{"$button_text":"X","$default_border_visible":false,"$default_texture":"textures/ui/clear_ui","$hover_border_visible":false,"$hover_texture":"textures/ui/hover_toggle_button_dark","$locked_texture":"textures/ui/hover_toggle_button_dark","$pressed_no_hover_texture":"textures/ui/hover_toggle_button_dark","$pressed_texture":"textures/ui/hover_toggle_button_dark","$toggle_group_forced_index":60,"$toggle_view_binding_name":"null","$v_color":"white","anchor_from":"top_right","anchor_to":"top_right","animation_reset_name":"button.evoker_dep_trai","anims":["@v_animation.close_button"],"layer":43,"size":[20,20]}}],"size":[365,170],"type":"panel"},"mod_menu_toggle@common_toggles.light_ui_toggle":{"$button_type_panel":"hud.content_toggle_label","$default_border_visible":false,"$default_texture":"textures/ui/button_texture/off","$hover_border_visible":true,"$hover_texture":"textures/ui/button_texture/on","$locked_texture":"textures/ui/button_texture/off","$pressed_no_hover_texture":"textures/ui/button_texture/on","$pressed_texture":"textures/ui/button_texture/off","$toggle_name":"content_tab"},"mod_menu_toggle_x@common_toggles.light_ui_toggle":{"$button_type_panel":"hud.content_toggle_label","$default_border_visible":false,"$default_texture":"textures/ui/button_texture/off","$hover_border_visible":true,"$hover_texture":"textures/ui/button_texture/on","$locked_texture":"textures/ui/button_texture/off","$pressed_no_hover_texture":"textures/ui/button_texture/on","$pressed_texture":"textures/ui/button_texture/off"},"namespace":"hud","play_music_ic":{"size":[13,13],"texture":"textures/ui/play_music_ic","type":"image"},"root_panel":{"modifications":[{"array_name":"controls","operation":"insert_front","value":[{"input_and_world_name_panel":{"anchor_from":"bottom_left","anchor_to":"bottom_left","controls":[{"world_name":{"bindings":[{"binding_type":"view","source_control_name":"world_name_tg","source_property_name":"#toggle_state","target_property_name":"#visible"}],"controls":[{"world_name_text":{"bindings":[{"binding_name":"#player_list_title","binding_name_override":"#text"}],"layer":12,"text":"#text","type":"label"}}],"layer":5,"size":["100%c + 6px","100%c + 2px"],"texture":"textures/ui/banners_dark","type":"image"}},{"space":{"bindings":[{"binding_type":"view","source_control_name":"v_input_tg","source_property_name":"#toggle_state","target_property_name":"#visible"}],"size":[1,1],"type":"panel"}},{"input":{"bindings":[{"binding_type":"view","source_control_name":"v_input_tg","source_property_name":"#toggle_state","target_property_name":"#visible"}],"controls":[{"touch ":{"bindings":[{"binding_condition":"always","binding_name":"#inventory_touch_button","binding_name_override":"#visible","binding_type":"global"}],"layer":2,"shadow":true,"text":"§eInput : §fTouch","type":"label"}},{"controller":{"bindings":[{"binding_condition":"always","binding_name":"#gamepad_helper_visible","binding_name_override":"#visible","binding_type":"global"}],"layer":2,"shadow":true,"text":"§eInput : §fController","type":"label"}},{"keyboard_mouse":{"bindings":[{"binding_condition":"always","binding_name":"#keyboard_helper_visible","binding_name_override":"#visible","binding_type":"global"}],"layer":2,"shadow":true,"text":"§eInput : §fKeyboard & Mouse","type":"label"}}],"layer":5,"size":["100%c + 6px","100%c + 2px"],"texture":"textures/ui/banners_dark","type":"image"}}],"size":["100%c","default"],"type":"stack_panel"}},{"clock_and_compass":{"anchor_from":"top_left","anchor_to":"top_left","controls":[{"clock":{"bindings":[{"binding_type":"view","source_control_name":"v_toolbox_tg","source_property_name":"#toggle_state","target_property_name":"#visible"}],"property_bag":{"#item_id_aux":22740992},"renderer":"inventory_item_renderer","size":[12,12],"type":"custom"}},{"compass":{"bindings":[{"binding_type":"view","source_control_name":"v_toolbox_tg","source_property_name":"#toggle_state","target_property_name":"#visible"}],"property_bag":{"#item_id_aux":22609920},"renderer":"inventory_item_renderer","size":[12,12],"type":"custom"}},{"recovery_compass":{"bindings":[{"binding_type":"view","source_control_name":"anti_crash","source_property_name":"#toggle_state","target_property_name":"#visible"}],"controls":[{"inventory_item_renderer":{"$item_data_value|default":0,"$item_id|default":653,"$renderer_size|default":[12,12],"$viewItemMode|default":{"#item_id_aux":"($item_id * 65536 + $item_data_value)"},"property_bag":"$viewItemMode","renderer":"inventory_item_renderer","size":"$renderer_size","type":"custom","variables":[{"$viewItemMode|default":{"#item_id_aux":"($item_id * 65536 - $item_data_value)"},"requires":"($item_id < 0)"}]}}],"size":[12,12],"type":"panel"}}],"layer":2,"offset":[0,0],"orientation":"horizontal","size":["default",12],"type":"stack_panel"}},{"v_percent":{"anchor_from":"top_middle","anchor_to":"top_middle","bindings":[{"binding_type":"view","source_control_name":"endurance_counter","source_property_name":"#toggle_state","target_property_name":"#visible"}],"controls":[{"percent@asa_hud_content.asa_main_hand_durability_percent":{}}],"offset":[10,27],"size":["100%c","100%c"],"type":"panel"}},{"armor_hud_and_main_hand_hud_not_survival_mode":{"bindings":[{"binding_name":"(not #is_creative_mode)","binding_name_override":"#visible","binding_type":"global"}],"controls":[{"main_hand_hud":{"anchor_from":"bottom_middle","anchor_to":"bottom_middle","bindings":[{"binding_type":"view","source_control_name":"v_mh_hud","source_property_name":"#toggle_state","target_property_name":"#visible"}],"controls":[{"v_grid":{"$hotbar_collection_name|default":"hotbar_items","bindings":[{"binding_name":"#hotbar_grid_dimensions","binding_type":"global"}],"collection_name":"$hotbar_collection_name","grid_dimension_binding":"#hotbar_grid_dimensions","grid_item_template":"hud.main_hand_slot","type":"grid"}}],"offset":[79,-39],"size":[16,16],"type":"panel"}},{"armor_hud":{"anchor_from":"bottom_middle","anchor_to":"bottom_middle","bindings":[{"binding_type":"view","source_control_name":"v_armor_hud_tg","source_property_name":"#toggle_state","target_property_name":"#visible"}],"controls":[{"hud_player":{"layer":1,"renderer":"live_player_renderer","size":[24,24],"type":"custom"}}],"offset":[65,1648],"size":[16,16],"type":"panel"}}],"type":"panel"}},{"armor_hud_and_main_hand_hud_survival_mode":{"bindings":[{"binding_name":"#is_creative_mode","binding_name_override":"#visible","binding_type":"global"}],"controls":[{"main_hand_hud":{"anchor_from":"bottom_middle","anchor_to":"bottom_middle","bindings":[{"binding_type":"view","source_control_name":"v_mh_hud","source_property_name":"#toggle_state","target_property_name":"#visible"}],"controls":[{"v_grid":{"$hotbar_collection_name|default":"hotbar_items","bindings":[{"binding_name":"#hotbar_grid_dimensions","binding_type":"global"}],"collection_name":"$hotbar_collection_name","grid_dimension_binding":"#hotbar_grid_dimensions","grid_item_template":"hud.main_hand_slot","type":"grid"}}],"offset":[79,-22],"size":[16,16],"type":"panel"}},{"armor_hud":{"anchor_from":"bottom_middle","anchor_to":"bottom_middle","bindings":[{"binding_type":"view","source_control_name":"v_armor_hud_tg","source_property_name":"#toggle_state","target_property_name":"#visible"}],"controls":[{"hud_player":{"layer":1,"renderer":"live_player_renderer","size":[24,24],"type":"custom"}}],"offset":[65,1666],"size":[16,16],"type":"panel"}}],"type":"panel"}},{"brighter":{"bindings":[{"binding_type":"view","source_control_name":"brighter_tg","source_property_name":"#toggle_state","target_property_name":"#visible"}],"controls":[{"brighter":{"alpha":0.1,"bindings":[{"binding_type":"view","source_control_name":"brighter_x_tg","source_property_name":"(not #toggle_state)","target_property_name":"#visible"},{"binding_type":"view","source_control_name":"brighter_alpha","source_property_name":"(#slider_value / 20)","target_property_name":"#alpha"}],"color1":[1,1,1,1],"color2":[1,1,1,1],"renderer":"gradient_renderer","size":["125%","125%"],"type":"custom"}}],"type":"panel"}},{"brighter2":{"bindings":[{"binding_type":"view","source_control_name":"brighter_tg","source_property_name":"#toggle_state","target_property_name":"#visible"}],"controls":[{"brighter2":{"alpha":0.1,"bindings":[{"binding_type":"view","source_control_name":"brighter_x_tg","source_property_name":"#toggle_state","target_property_name":"#visible"},{"binding_type":"view","source_control_name":"brighter_alpha","source_property_name":"(#slider_value / 20)","target_property_name":"#alpha"}],"color1":[0.255,0.241,0,1],"color2":[0.255,0.241,0,1],"layer":2,"renderer":"gradient_renderer","size":["125%","125%"],"type":"custom"}}],"type":"panel"}},{"v_item_id_aux_panel":{"anchor_from":"top_right","anchor_to":"top_right","bindings":[{"binding_type":"view","source_control_name":"v_item_id_aux","source_property_name":"#toggle_state","target_property_name":"#visible"}],"controls":[{"item_id_aux_text_panel@hud.item_id_aux_text_panel":{}}],"size":["100%c","100%c"],"type":"panel"}},{"v_item_id_panel":{"anchor_from":"top_right","anchor_to":"top_right","bindings":[{"binding_type":"view","source_control_name":"v_item_id","source_property_name":"#toggle_state","target_property_name":"#visible"}],"controls":[{"v_item_id_panel@hud.v_item_id_panel":{}}],"offset":[0,16],"size":["100%c","100%c"],"type":"panel"}},{"inventory_panel":{"anchor_from":"bottom_right","anchor_to":"bottom_right","bindings":[{"binding_type":"view","source_control_name":"v_inventory_overlay","source_property_name":"#toggle_state","target_property_name":"#visible"}],"clips_children":true,"controls":[{"inventory_grid":{"collection_name":"hotbar_items","grid_dimensions":[9,4],"grid_item_template":"hud.inventory_overlay","offset":[0,-10],"size":["162px","54px + 16px"],"type":"grid"}}],"size":[162,52],"texture":"textures/ui/v_cell_image","type":"image"}}]}]},"root_panel/boss_health_panel":{"bindings":[{"binding_type":"view","source_control_name":"v_boss_tg","source_property_name":"#toggle_state","target_property_name":"#visible"}]},"root_panel/mob_effects_renderer":{"bindings":[{"binding_type":"view","source_control_name":"v_mob_ef_tg","source_property_name":"#toggle_state","target_property_name":"#visible"}]},"root_panel/sidebar":{"bindings":[{"binding_type":"view","source_control_name":"v_scoreboard_tg","source_property_name":"#toggle_state","target_property_name":"#visible"}]},"root_panel/vignette_rend":{"bindings":[{"binding_type":"view","source_control_name":"vignette_tg","source_property_name":"#toggle_state","target_property_name":"#visible"}]},"seclect_toggle_label":{"controls":[{"icon@hud.v_binding":{"anchor_from":"left_middle","anchor_to":"left_middle","layer":65,"offset":[5,0],"size":[21,21],"texture":"$select_icon","type":"image"}},{"back_icon@hud.v_binding_x":{"anchor_from":"left_middle","anchor_to":"left_middle","layer":65,"offset":[5,0],"size":[21,21],"texture":"textures/ui/back_ic","type":"image"}},{"label@hud.v_binding":{"text":"$button_text","type":"label"}},{"back_label@hud.v_binding_x":{"text":"Back","type":"label"}}],"size":[98,25],"type":"panel"},"select_toggle_template@common_toggles.other_toggle":{"$button_type_panel":"hud.seclect_toggle_label","$default_texture":"textures/ui/default_toggle_button_dark","$hover_texture":"textures/ui/hover_toggle_button_dark","$locked_texture":"textures/ui/locked_toggle_button_dark","$pressed_no_hover_texture":"textures/ui/hover_toggle_button_dark","$pressed_texture":"textures/ui/hover_toggle_button_dark","$toggle_name":"select_tab"},"settings_toggle@common_toggles.light_ui_toggle":{"$button_type_panel":"common_toggles.template_toggle_txt_sw","$default_border_visible":false,"$hover_border_visible":true,"$radio_toggle_group":true},"smart_crosshair_panel":{"bindings":[{"binding_name":"#hotbar_grid_dimensions","binding_type":"global"}],"collection_name":"hotbar_items","grid_dimension_binding":"#hotbar_grid_dimensions","grid_item_template":"hud.v_smart_crosshair","size":[0,0],"type":"grid"},"stop_music_ic":{"size":[13,13],"texture":"textures/ui/stop_music_ic","type":"image"},"template_x":{"$button_type_panel|default":"","controls":[{"ev_x@$button_type_panel":{}}],"type":"image"},"v_binding":{"bindings":[{"binding_type":"view","source_control_name":"brighter_option_panel","source_property_name":"(not #toggle_state)","target_property_name":"#visible"},{"binding_type":"view","source_control_name":"paper_doll_option_panel","source_property_name":"(not #toggle_state)","target_property_name":"#visible"},{"binding_type":"view","source_control_name":"crosshair_option_panel","source_property_name":"(not #toggle_state)","target_property_name":"#visible"}]},"v_binding_x":{"bindings":[{"binding_type":"view","source_control_name":"brighter_option_panel","source_property_name":"#toggle_state","target_property_name":"#visible"},{"binding_type":"view","source_control_name":"paper_doll_option_panel","source_property_name":"#toggle_state","target_property_name":"#visible"},{"binding_type":"view","source_control_name":"crosshair_option_panel","source_property_name":"#toggle_state","target_property_name":"#visible"}]},"v_content_panel":{"controls":[{"utilities":{"anchor_from":"top_left","anchor_to":"top_left","bindings":[{"binding_type":"view","source_control_name":"utilities_tab","source_property_name":"#toggle_state","target_property_name":"#visible"}],"controls":[{"stack_panel_x":{"controls":[{"armor_hud_toggle@hud.mod_menu_toggle":{"$button_text":"Armor Hud","$mod_detail_text":"Show armor on screen","$performance_text":"§ePerformance Impact: §fMedium","$select_icon":"textures/ui/armor_hud_ic","$toggle_default_state":"$armor_hud","$toggle_view_binding_name":"v_armor_hud_tg","size":[72,62]}},{"space_x":{"size":[1,1],"type":"panel"}},{"main_hand_hud_toggle@hud.mod_menu_toggle":{"$button_text":"Main Hand Hud","$mod_detail_anchor_from":"bottom_left","$mod_detail_anchor_to":"bottom_left","$mod_detail_offset":[-70,58],"$mod_detail_text":"Display the item held in the right hand. This feature has a significant impact on performance","$performance_text":"§ePerformance Impact: §fHigh","$select_icon":"textures/ui/main_hand_hud_ic","$toggle_default_state":"$main_hand_hud","$toggle_view_binding_name":"v_mh_hud","size":[72,62]}},{"space_xx":{"size":[1,1],"type":"panel"}},{"brighter":{"controls":[{"brighter_toggle@hud.mod_menu_toggle":{"$button_text":"Brighter","$mod_detail_anchor_from":"bottom_left","$mod_detail_anchor_to":"bottom_left","$mod_detail_offset":[-128,34],"$mod_detail_text":"This feature enhances the brightness of the game","$performance_text":"§ePerformance Impact: §fMedium","$select_icon":"textures/ui/brighter_ic","$toggle_default_state":"$brighter","$toggle_view_binding_name":"brighter_tg","size":[72,62]}},{"bright@hud.settings_toggle":{"$button_text":"","$default_texture":"textures/ui/gear_ic","$hover_texture":"textures/ui/gear_ic","$locked_texture":"textures/ui/gear_ic","$pressed_no_hover_texture":"textures/ui/gear_ic","$pressed_texture":"textures/ui/gear_ic","$toggle_group_forced_index":46,"$toggle_name":"select_tab","$toggle_view_binding_name":"brighter_option_panel","anchor_from":"bottom_right","anchor_to":"bottom_right","layer":51,"offset":[-2,-12],"size":[13,13]}}],"size":[72,62],"type":"panel"}}],"orientation":"horizontal","size":["100%c",63],"type":"stack_panel"}},{"stack_panel_xx":{"controls":[{"recovery_compass_toggle@hud.mod_menu_toggle":{"$button_text":"Recovery Compass","$mod_detail_offset":[128,24],"$mod_detail_text":"Display the recovery compass on the screen","$performance_text":"§ePerformance Impact: §fLow","$select_icon":"textures/ui/recovery_compass_ic","$toggle_default_state":"$recovery_compass","$toggle_view_binding_name":"anti_crash","size":[72,62]}},{"space_x":{"size":[1,1],"type":"panel"}},{"compass_and_clock_toggle@hud.mod_menu_toggle":{"$button_text":"Compass & Clock","$mod_detail_anchor_from":"bottom_left","$mod_detail_anchor_to":"bottom_left","$mod_detail_offset":[4,32],"$mod_detail_text":"Display the clock and compass on the screen","$performance_text":"§ePerformance Impact: §fLow","$select_icon":"textures/ui/compass_and_clock_ic","$toggle_default_state":"$compass_and_clock","$toggle_view_binding_name":"v_toolbox_tg","size":[72,62]}},{"space_xx":{"size":[1,1],"type":"panel"}},{"chat_toggle@hud.mod_menu_toggle":{"$button_text":"Chat","$mod_detail_anchor_from":"bottom_left","$mod_detail_anchor_to":"bottom_left","$mod_detail_offset":[-128,14],"$mod_detail_text":"Show chat on screen","$performance_text":"§ePerformance Impact: §fLow","$select_icon":"textures/ui/chat_ic","$toggle_default_state":"$chat","$toggle_view_binding_name":"chat_pnl","size":[72,62]}}],"orientation":"horizontal","size":["100%c",63],"type":"stack_panel"}},{"stack_panel_xxx":{"controls":[{"percent_durability_toggle@hud.mod_menu_toggle":{"$button_text":"Percent Durability","$mod_detail_offset":[128,48],"$mod_detail_text":"Display the durability percentage of the item. This feature causes a significant decrease in performance","$performance_text":"§ePerformance Impact: §fHigh","$select_icon":"textures/ui/percent_durability_ic","$toggle_default_state":"$percent_durability","$toggle_view_binding_name":"endurance_counter","size":[72,62]}},{"space_x":{"size":[1,1],"type":"panel"}},{"bossbar_toggle@hud.mod_menu_toggle":{"$button_text":"Bossbar","$mod_detail_anchor_from":"bottom_left","$mod_detail_anchor_to":"bottom_left","$mod_detail_offset":[4,18],"$mod_detail_text":"Display the bossbar","$performance_text":"§ePerformance Impact: §fLow","$select_icon":"textures/ui/bossbar_ic","$toggle_default_state":"$bossbar","$toggle_view_binding_name":"v_boss_tg","size":[72,62]}},{"space_xx":{"size":[1,1],"type":"panel"}},{"aux_id_toggle@hud.mod_menu_toggle":{"$button_text":"Item Aux Id","$mod_detail_anchor_from":"bottom_left","$mod_detail_anchor_to":"bottom_left","$mod_detail_offset":[-128,14],"$mod_detail_text":"Display Item ID Aux","$performance_text":"§ePerformance Impact: §fLow","$select_icon":"textures/ui/item_aux_id_ic","$toggle_default_state":"$item_aux_id","$toggle_view_binding_name":"v_item_id_aux","size":[72,62]}}],"orientation":"horizontal","size":["100%c",63],"type":"stack_panel"}},{"stack_panel_xxxx":{"controls":[{"paper_doll_panel":{"controls":[{"paperdoll_toggle@hud.mod_menu_toggle":{"$button_text":"Paper Doll","$mod_detail_text":"Display Paper Doll ( 3D )","$performance_text":"§ePerformance Impact: §fLow","$select_icon":"textures/ui/paper_doll_ic","$toggle_default_state":"$paper_doll","$toggle_view_binding_name":"3d_paper_doll","size":[72,62]}},{"v_paper_doll_option@hud.settings_toggle":{"$button_text":"","$default_texture":"textures/ui/gear_ic","$hover_texture":"textures/ui/gear_ic","$locked_texture":"textures/ui/gear_ic","$pressed_no_hover_texture":"textures/ui/gear_ic","$pressed_texture":"textures/ui/gear_ic","$toggle_group_forced_index":47,"$toggle_name":"select_tab","$toggle_view_binding_name":"paper_doll_option_panel","anchor_from":"bottom_right","anchor_to":"bottom_right","layer":51,"offset":[-2,-12],"size":[13,13]}}],"size":[72,62],"type":"panel"}},{"space_x":{"size":[1,1],"type":"panel"}},{"item_id_toggle@hud.mod_menu_toggle":{"$button_text":"Item ID","$mod_detail_anchor_from":"bottom_left","$mod_detail_anchor_to":"bottom_left","$mod_detail_offset":[4,16],"$mod_detail_text":"Display Item ID","$performance_text":"§ePerformance Impact: §fLow","$select_icon":"textures/ui/item_id_ic","$toggle_default_state":"$item_id","$toggle_view_binding_name":"v_item_id","size":[72,62]}},{"space_xx":{"size":[1,1],"type":"panel"}},{"inventory_overlay_toggle@hud.mod_menu_toggle":{"$button_text":"Inventory overlay","$mod_detail_anchor_from":"bottom_left","$mod_detail_anchor_to":"bottom_left","$mod_detail_offset":[-128,26],"$mod_detail_text":"Display the items in the inventory on the screen","$performance_text":"§ePerformance Impact: §fHigh","$select_icon":"textures/ui/inventory_overlay_ic","$toggle_default_state":"$inventory_overlay","$toggle_view_binding_name":"v_inventory_overlay","size":[72,62]}}],"orientation":"horizontal","size":["100%c",63],"type":"stack_panel"}},{"panel_empty":{"bindings":[{"binding_type":"view","source_control_name":"mod_detail_tg","source_property_name":"#toggle_state","target_property_name":"#visible"}],"size":["100%c",35],"type":"panel"}}],"type":"stack_panel"}},{"display":{"anchor_from":"top_left","anchor_to":"top_left","bindings":[{"binding_type":"view","source_control_name":"display_tab","source_property_name":"#toggle_state","target_property_name":"#visible"}],"controls":[{"stack_panel_x":{"controls":[{"vignette_toggle@hud.mod_menu_toggle":{"$button_text":"Vignette","$mod_detail_offset":[128,38],"$mod_detail_text":"Blur edge effect. This feature has an impact on performance","$performance_text":"§ePerformance Impact: §fMedium","$select_icon":"textures/ui/vignette_ic","$toggle_default_state":"$vignette","$toggle_view_binding_name":"vignette_tg","size":[72,62]}},{"space_x":{"size":[1,1],"type":"panel"}},{"effect_toggle@hud.mod_menu_toggle":{"$button_text":"Effect Icon","$mod_detail_anchor_from":"bottom_left","$mod_detail_anchor_to":"bottom_left","$mod_detail_offset":[4,20],"$mod_detail_text":"Display the effect icon","$performance_text":"§ePerformance Impact: §fLow","$select_icon":"textures/ui/effect_ic","$toggle_default_state":"$effect_icon","$toggle_view_binding_name":"v_mob_ef_tg","size":[72,62]}},{"space_xx":{"size":[1,1],"type":"panel"}},{"scoreboard@hud.mod_menu_toggle":{"$button_text":"Scoreboard","$mod_detail_anchor_from":"bottom_left","$mod_detail_anchor_to":"bottom_left","$mod_detail_offset":[-128,38],"$mod_detail_text":"Display the scoreboard on the right side of the screen","$performance_text":"§ePerformance Impact: §fMedium","$select_icon":"textures/ui/scoreboard_ic","$toggle_default_state":"$scoreboard","$toggle_view_binding_name":"v_scoreboard_tg","size":[72,62]}}],"orientation":"horizontal","size":["100%c",63],"type":"stack_panel"}},{"stack_panel_xx":{"controls":[{"input_toggle@hud.mod_menu_toggle":{"$button_text":"Input","$mod_detail_offset":[128,34],"$mod_detail_text":"Input display: Touch, Controller, Keyboard","$performance_text":"§ePerformance Impact: §fLow","$select_icon":"textures/ui/input_ic","$toggle_default_state":"$input","$toggle_view_binding_name":"v_input_tg","size":[72,62]}},{"space_x":{"size":[1,1],"type":"panel"}},{"hide_button_toggle@hud.mod_menu_toggle":{"$button_text":"F1 Button","$mod_detail_anchor_from":"bottom_left","$mod_detail_anchor_to":"bottom_left","$mod_detail_offset":[4,20],"$mod_detail_text":"Display F1 button","$performance_text":"§ePerformance Impact: §fLow","$select_icon":"textures/ui/f1_ic","$toggle_default_state":"$f1_button","$toggle_view_binding_name":"hide_button_tg","size":[72,62]}},{"space_xx":{"size":[1,1],"type":"panel"}},{"java_item_name_toggle@hud.mod_menu_toggle":{"$button_text":"Java Item Name","$mod_detail_anchor_from":"bottom_left","$mod_detail_anchor_to":"bottom_left","$mod_detail_offset":[-128,26],"$mod_detail_text":"The text on the item is in Java Edition style","$performance_text":"§ePerformance Impact: §fLow","$select_icon":"textures/ui/java_item_name_ic","$toggle_default_state":"$java_item_name","$toggle_view_binding_name":"hide_enchant_tg","size":[72,62]}}],"orientation":"horizontal","size":["100%c",63],"type":"stack_panel"}},{"stack_panel_xxx":{"controls":[{"crosshair":{"controls":[{"cr@hud.mod_menu_toggle":{"$button_text":"Crosshair","$mod_detail_offset":[128,28],"$mod_detail_text":"Display crosshair on screen","$performance_text":"§ePerformance Impact: §fLow","$select_icon":"textures/ui/crosshair_ic","$toggle_default_state":"$crosshair","$toggle_view_binding_name":"v_crosshair_tg","size":[72,62]}},{"crosshair@hud.settings_toggle":{"$button_text":"","$default_texture":"textures/ui/gear_ic","$hover_texture":"textures/ui/gear_ic","$locked_texture":"textures/ui/gear_ic","$pressed_no_hover_texture":"textures/ui/gear_ic","$pressed_texture":"textures/ui/gear_ic","$toggle_group_forced_index":45,"$toggle_name":"select_tab","$toggle_view_binding_name":"crosshair_option_panel","anchor_from":"bottom_right","anchor_to":"bottom_right","layer":51,"offset":[-2,-12],"size":[13,13]}}],"size":[72,62],"type":"panel"}},{"space_x":{"size":[1,1],"type":"panel"}},{"world_name_toggle@hud.mod_menu_toggle":{"$button_text":"World Name","$mod_detail_anchor_from":"bottom_left","$mod_detail_anchor_to":"bottom_left","$mod_detail_offset":[4,28],"$mod_detail_text":"Display world name on screen","$performance_text":"§ePerformance Impact: §fLow","$select_icon":"textures/ui/world_name_ic","$toggle_default_state":"$world_name","$toggle_view_binding_name":"world_name_tg","size":[72,62]}},{"space_xx":{"size":[1,1],"type":"panel"}},{"mod_detail_toggle@hud.mod_menu_toggle":{"$button_text":"Detail","$mod_detail_anchor_from":"bottom_left","$mod_detail_anchor_to":"bottom_left","$mod_detail_offset":[-128,28],"$mod_detail_text":"Display mod detail","$performance_text":"§ePerformance Impact: §fLow","$select_icon":"textures/ui/mod_detail_ic","$toggle_default_state":"$mod_detail","$toggle_view_binding_name":"mod_detail_tg","size":[72,62]}}],"orientation":"horizontal","size":["100%c",63],"type":"stack_panel"}},{"panel_empty":{"bindings":[{"binding_type":"view","source_control_name":"mod_detail_tg","source_property_name":"#toggle_state","target_property_name":"#visible"}],"size":["100%c",35],"type":"panel"}}],"type":"stack_panel"}},{"info":{"anchor_from":"top_left","anchor_to":"top_left","bindings":[{"binding_type":"view","source_control_name":"info_tab","source_property_name":"#toggle_state","target_property_name":"#visible"}],"controls":[{"text_x":{"size":["100%","default"],"text":"How to save mod menu ?","type":"label"}},{"text_xx":{"size":["100%","default"],"text":"§aTo save the mod menu you need to edit this file","type":"label"}},{"text_xxx":{"size":["100%","default"],"text":"§ePath : resource_packs/Evoker UI Pack v4/System/config/mod_menu.json","type":"label"}}],"type":"stack_panel"}},{"brighter_option":{"anchor_from":"top_left","anchor_to":"top_left","bindings":[{"binding_type":"view","source_control_name":"brighter_option_panel","source_property_name":"#toggle_state","target_property_name":"#visible"}],"controls":[{"slider_text":{"layer":157,"text":"Opacity","type":"label"}},{"space_x":{"size":[2,2],"type":"panel"}},{"slider@common.v_slider_panel":{"$config_slider":"$brighter_alpha","$slider_steps":5,"$slider_view_binding_name":"brighter_alpha","layer":157,"size":["100% - 10px",10]}},{"space_xx":{"size":[2,2],"type":"panel"}},{"protect_eyes@hud.v_old_toggle":{"$button_text":"Protect eyes","$toggle_view_binding_name":"brighter_x_tg","layer":157,"size":[28,22]}}],"type":"stack_panel"}},{"paper_doll_option":{"anchor_from":"top_left","anchor_to":"top_left","bindings":[{"binding_type":"view","source_control_name":"paper_doll_option_panel","source_property_name":"#toggle_state","target_property_name":"#visible"}],"controls":[{"paperdoll_2d@hud.v_old_toggle":{"$button_text":"2D Paper Doll","$toggle_view_binding_name":"2d_paper_doll","layer":173,"size":[28,22]}}],"type":"stack_panel"}},{"crosshair_option":{"anchor_from":"top_left","anchor_to":"top_left","bindings":[{"binding_type":"view","source_control_name":"crosshair_option_panel","source_property_name":"#toggle_state","target_property_name":"#visible"}],"controls":[{"cr@hud.v_old_toggle":{"$button_text":"Smart Crosshair","$toggle_view_binding_name":"smart_crosshair_tg","layer":157,"size":[28,22]}}],"type":"stack_panel"}}],"layer":40,"size":["100%","100%c"],"type":"panel"},"v_content_scroll@common.scrolling_panel":{"$scrolling_content":"hud.v_content_panel","$show_background":false},"v_crosshair":{"bindings":[{"binding_type":"view","source_control_name":"v_crosshair_tg","source_property_name":"#toggle_state","target_property_name":"#visible"}],"controls":[{"Crosshair":{"anchor_from":"center","anchor_to":"center","bindings":[{"binding_type":"view","source_control_name":"smart_crosshair_tg","source_property_name":"(not #toggle_state)","target_property_name":"#visible"}],"font_type":"smooth","offset":[0,0],"shadow":false,"text":"+","type":"label"}},{"abcd":{"bindings":[{"binding_type":"view","source_control_name":"smart_crosshair_tg","source_property_name":"#toggle_state","target_property_name":"#visible"}],"controls":[{"a@hud.smart_crosshair_panel":{}}],"size":["100%c","100%c"],"type":"panel"}}],"type":"panel"},"v_item_id_panel":{"bindings":[{"binding_name":"#hotbar_grid_dimensions","binding_type":"global"}],"collection_name":"hotbar_items","grid_dimension_binding":"#hotbar_grid_dimensions","grid_item_template":"hud.v_item_id_text","size":[0,0],"type":"grid"},"v_item_id_text":{"bindings":[{"binding_collection_name":"hotbar_items","binding_name":"#slot_selected","binding_name_override":"#visible","binding_type":"collection"}],"controls":[{"itemID":{"anchor_from":"top_right","anchor_to":"top_right","controls":[{"text1":{"bindings":[{"binding_collection_name":"hotbar_items","binding_name":"#item_id_aux","binding_type":"collection"},{"binding_type":"view","source_property_name":"(#item_id_aux > -1)","target_property_name":"#visible"},{"binding_type":"view","source_property_name":"('§eItem ID: ' + '§r' + (#item_id_aux / 65536) + ':' + (#item_id_aux - ((#item_id_aux / 65536) * 65536)))","target_property_name":"#text"}],"font_scale_factor":1,"layer":14,"localize":false,"shadow":true,"text":"#text","type":"label"}},{"text2":{"bindings":[{"binding_collection_name":"hotbar_items","binding_name":"#item_id_aux","binding_type":"collection"},{"binding_type":"view","source_property_name":"(#item_id_aux < 0)","target_property_name":"#visible"},{"binding_type":"view","source_property_name":"('§eItem ID: ' + '§r' + ((#item_id_aux - 65535) / 65536)  + ':' + (#item_id_aux - (((#item_id_aux - 65535) / 65536) * 65536)))","target_property_name":"#text"}],"font_scale_factor":1,"layer":14,"localize":false,"shadow":true,"text":"#text","type":"label"}}],"offset":[-1,-1],"size":["100%cm + 4px","100%cm + 4px"],"texture":"textures/ui/banners_dark","type":"image"}}],"size":["0","0"],"type":"panel"},"v_item_name_text":{"controls":[{"default_panel":{"bindings":[{"binding_type":"view","source_control_name":"hide_enchant_tg","source_property_name":"(not #toggle_state)","target_property_name":"#visible"}],"controls":[{"item_name_text_root@hud.item_name_text_root":{}}],"size":["100%cm","100%cm"],"type":"panel"}},{"java_item_text_panel":{"bindings":[{"binding_type":"view","source_control_name":"hide_enchant_tg","source_property_name":"#toggle_state","target_property_name":"#visible"}],"controls":[{"v_item_name_text_root@hud.hide_enchant_text":{}}],"size":["100%cm","100%cm"],"type":"panel"}}],"size":["100%c","100%c"],"type":"panel"},"v_old_toggle@common_toggles.light_image_toggle":{"$border_visible":false,"$button_type_panel":"hud.v_template_toggle","$checked_control":"common_toggles.toggle_checked","$checked_hover_control":"common_toggles.toggle_checked_hover","$checked_locked_control":"common_toggles.toggle_checked_locked","$checked_locked_hover_control":"common_toggles.toggle_checked_locked","$checked_locked_texture":"textures/ui/v_toggle_on","$default_border_visible":false,"$default_texture":"textures/ui/v_toggle_off","$hover_border_visible":false,"$hover_texture":"textures/ui/v_toggle_on","$locked_alpha":0.5,"$pressed_no_hover_texture":"textures/ui/v_toggle_on_hover","$pressed_texture":"textures/ui/v_toggle_off_hover","$toggle_name":"hacker_toggle","$unchecked_control":"common_toggles.toggle_unchecked","$unchecked_hover_control":"common_toggles.toggle_unchecked_hover","$unchecked_locked_control":"common_toggles.toggle_unchecked_locked","$unchecked_locked_hover_control":"common_toggles.toggle_unchecked_locked","$unchecked_locked_texture":"textures/ui/v_toggle_on"},"v_select_panel":{"controls":[{"utilities@hud.select_toggle_template":{"$button_text":"Utilities","$select_icon":"textures/ui/utilities","$toggle_group_forced_index":0,"$toggle_view_binding_name":"utilities_tab","bindings":[{"binding_type":"view","source_control_name":"crosshair_option_panel","source_property_name":"(not #toggle_state)","target_property_name":"#visible"}],"layer":40,"size":[98,25]}},{"display@hud.select_toggle_template":{"$button_text":"Display","$select_icon":"textures/ui/display","$toggle_group_forced_index":3,"$toggle_view_binding_name":"display_tab","bindings":[{"binding_type":"view","source_control_name":"brighter_option_panel","source_property_name":"(not #toggle_state)","target_property_name":"#visible"},{"binding_type":"view","source_control_name":"paper_doll_option_panel","source_property_name":"(not #toggle_state)","target_property_name":"#visible"}],"layer":40,"size":[98,25]}},{"info@hud.select_toggle_template":{"$button_text":"Info","$select_icon":"textures/ui/save_mod_ic","$toggle_group_forced_index":9,"$toggle_view_binding_name":"info_tab","bindings":[{"binding_type":"view","source_control_name":"brighter_option_panel","source_property_name":"(not #toggle_state)","target_property_name":"#visible"},{"binding_type":"view","source_control_name":"paper_doll_option_panel","source_property_name":"(not #toggle_state)","target_property_name":"#visible"},{"binding_type":"view","source_control_name":"crosshair_option_panel","source_property_name":"(not #toggle_state)","target_property_name":"#visible"}],"layer":40,"size":[98,25]}}],"type":"stack_panel"},"v_select_scroll@common.scrolling_panel":{"$scrolling_content":"hud.v_select_panel","$show_background":false},"v_smart_crosshair":{"bindings":[{"binding_collection_name":"hotbar_items","binding_name":"#slot_selected","binding_name_override":"#visible","binding_type":"collection"}],"controls":[{"smart_crosshair":{"anchor_from":"center","anchor_to":"center","bindings":[{"binding_collection_name":"hotbar_items","binding_name":"#item_id_aux","binding_type":"collection"},{"binding_type":"view","source_property_name":"((#item_id_aux / 65536 = 376) or (#item_id_aux / 65536 = 392) or (#item_id_aux / 65536 = 424) or (#item_id_aux / 65536 = 516))","target_property_name":"#visible"}],"font_type":"smooth","offset":[0,0],"shadow":false,"text":"+","type":"label"}}],"type":"panel"},"v_template_toggle":{"controls":[{"txt":{"anchor_from":"left_middle","anchor_to":"left_middle","layer":158,"offset":[32,0],"shadow":true,"text":"$button_text","type":"label"}}],"type":"panel"}}