{"asaLabel":{"$font_color|default":[1,1,1],"color":"$font_color","type":"label"},"crafting_arrow":{"anchor_from":"top_left","anchor_to":"top_left","controls":[{"quick_crafting@common_buttons.button_template_x":{"$button_text":">","$focus_border_size":[0,0],"button_mappings":[{"from_button_id":"button.menu_select","mapping_type":"pressed","to_button_id":"button.crafting_output_tertiary"}],"layer":3,"property_bag":{"#collection_index":0,"#collection_name":"crafting_output_items"},"size":[18,15],"type":"button"}}],"layer":1,"size":[16,13],"texture":"textures/ui/clear_ui","type":"image"},"crafting_arrow_large":{"anchor_from":"top_left","anchor_to":"top_left","controls":[{"quick_crafting@common_buttons.button_template_x":{"$button_text":">","$focus_border_size":[0,0],"button_mappings":[{"from_button_id":"button.menu_select","mapping_type":"pressed","to_button_id":"button.crafting_output_tertiary"}],"layer":5,"property_bag":{"#collection_index":0,"#collection_name":"crafting_output_items"},"size":[24,18],"type":"button"}}],"layer":1,"size":[22,15],"texture":"textures/ui/clear_ui","type":"image"},"crafting_container_cell_images@crafting.v_container_cell_images":{"$cell_images_binding_condition":"always"},"crafting_label":{"anchor_from":"top_left","anchor_to":"top_left","bindings":[{"binding_name":"#crafting_label_text"}],"color":"white","layer":2,"text":"#crafting_label_text","type":"label"},"crafting_panel_top_half":{"modifications":[{"array_name":"controls","operation":"insert_front","value":[{"itemCount":{"anchor_from":"right_middle","anchor_to":"right_middle","bindings":[{"binding_type":"view","source_control_name":"item_output_count","source_property_name":"(not #isEmpty)","target_property_name":"#visible"}],"controls":[{"x@asaLabel":{"text":"x"}},{"totalCanbeCraftingCounter@totalCanbeCraftingCounter":{"$font_color":[1,1,1]}}],"layer":12,"offset":[-26,20],"orientation":"horizontal","size":["100%c","100%cm"],"type":"stack_panel"}}]}]},"creative_label":{"anchor_from":"center","anchor_to":"center","bindings":[{"binding_name":"#tab_label_text"}],"color":"white","layer":2,"size":["100%",10],"text":"#tab_label_text","text_alignment":"right","type":"label"},"ev_construction_tab@crafting.v_top_tab":{"$focus_id":"construction_tab","$focus_override_right":"equipment_tab","$focus_override_up":"FOCUS_OVERRIDE_STOP","$is_left_most_tab":true,"$tab_icon":"crafting.construction_icon","$tab_view_binding_name":"construction_tab_toggle","$toggle_binding_type":"global","$toggle_group_forced_index":"$construction_index","$toggle_state_binding_name":"#is_left_tab_construct"},"ev_equipment_tab@crafting.v_top_tab":{"$focus_id":"equipment_tab","$focus_override_left":"construction_tab","$focus_override_right":"items_tab","$focus_override_up":"FOCUS_OVERRIDE_STOP","$tab_icon":"crafting.equipment_icon","$tab_view_binding_name":"equipment_tab_toggle","$toggle_binding_type":"global","$toggle_group_forced_index":"$equipment_index","$toggle_state_binding_name":"#is_left_tab_equipment"},"ev_items_tab@crafting.v_top_tab":{"$focus_id":"items_tab","$focus_override_left":"equipment_tab","$focus_override_right":"nature_tab","$focus_override_up":"FOCUS_OVERRIDE_STOP","$tab_icon":"crafting.miscellaneous_icon","$tab_view_binding_name":"items_tab_toggle","$toggle_binding_type":"global","$toggle_group_forced_index":"$items_index","$toggle_state_binding_name":"#is_left_tab_items"},"ev_nature_tab@crafting.v_top_tab":{"$focus_id":"nature_tab","$focus_override_left":"items_tab","$focus_override_right":"search_tab","$focus_override_up":"FOCUS_OVERRIDE_STOP","$tab_icon":"crafting.nature_icon","$tab_view_binding_name":"nature_tab_toggle","$toggle_binding_type":"global","$toggle_group_forced_index":"$nature_index","$toggle_state_binding_name":"#is_left_tab_nature"},"ev_search_tab@crafting.v_top_tab":{"$focus_id":"search_tab","$focus_override_left":"nature_tab","$focus_override_up":"FOCUS_OVERRIDE_STOP","$is_right_most_tab":true,"$tab_icon":"crafting.search_icon","$tab_view_binding_name":"search_tab_toggle","$toggle_binding_type":"global","$toggle_group_forced_index":"$search_index","$toggle_state_binding_name":"#is_left_tab_search"},"inputCount":{"anchor_from":"bottom_left","anchor_to":"bottom_left","collection_name":"crafting_input_items","controls":[{"0@item_input":{"$input_slot":"crafting_input_0","collection_index":0}},{"1@item_input":{"$input_slot":"crafting_input_1","collection_index":1}},{"2@item_input":{"$input_slot":"crafting_input_2","collection_index":2}},{"3@item_input":{"$input_slot":"crafting_input_3","collection_index":3}},{"4@item_input":{"$input_slot":"crafting_input_4","collection_index":4}},{"5@item_input":{"$input_slot":"crafting_input_5","collection_index":5}},{"6@item_input":{"$input_slot":"crafting_input_6","collection_index":6}},{"7@item_input":{"$input_slot":"crafting_input_7","collection_index":7}},{"8@item_input":{"$input_slot":"crafting_input_8","collection_index":8}}],"size":["100%cm","100%c"],"type":"stack_panel"},"inventory_label":{"anchor_from":"top_left","anchor_to":"top_left","color":"white","layer":2,"text":"container.inventory","type":"label"},"item_input":{"$input_slot_one|default":"crafting_input_one_0","$input_slot|default":"crafting_input_0","controls":[{"$input_slot@asaLabel":{"bindings":[{"binding_collection_name":"crafting_input_items","binding_condition":"none","binding_name":"#inventory_stack_count","binding_type":"collection"},{"binding_collection_name":"crafting_input_items","binding_condition":"none","binding_name":"#item_id_aux","binding_type":"collection"},{"binding_type":"view","source_control_name":"item_output_count","source_property_name":"(#itemStackCount - §z)","target_property_name":"#itemCount"},{"binding_type":"view","source_property_name":"(((#inventory_stack_count * 1) + 1 - 1) * #itemCount)","target_property_name":"#itemStackCount"},{"binding_type":"view","source_property_name":"((#inventory_stack_count * 1) + 1 - 1)","target_property_name":"#inputCount"},{"binding_type":"view","source_property_name":"(#item_id_aux = -1)","target_property_name":"#isEmpty"}]}}],"size":["100%cm","100%cm"],"type":"panel"},"itemCountSlot":{"$crafting_slot_name|default":"crafting_input_0","controls":[{"itemCountSlot":{"bindings":[{"binding_type":"view","source_control_name":"$crafting_slot_name","source_property_name":"#isEmpty","target_property_name":"#1"},{"binding_type":"view","source_control_name":"item_output_count","source_property_name":"#isEmpty","target_property_name":"#2"},{"binding_type":"view","source_property_name":"(not (#1 or #2))","target_property_name":"#visible"}],"controls":[{"count_full":{"bindings":[{"binding_type":"view","source_control_name":"$crafting_slot_name","source_property_name":"(§z + #itemStackCount)","target_property_name":"#asaCount"},{"binding_type":"view","source_control_name":"$crafting_slot_name","source_property_name":"(not #itemStackCount = 0)","target_property_name":"#visible"}],"text":"#asaCount","type":"label"}},{"count_one":{"bindings":[{"binding_type":"view","source_control_name":"$crafting_slot_name","source_property_name":"(#inputCount = 0)","target_property_name":"#1"},{"binding_type":"view","source_control_name":"item_output_count","source_property_name":"(#itemStackCount = 0)","target_property_name":"#2"},{"binding_type":"view","source_property_name":"(#1 and #2)","target_property_name":"#visible"}],"text":"1","type":"label"}},{"isSlotInputNot0":{"bindings":[{"binding_type":"view","source_control_name":"$crafting_slot_name","source_property_name":"(§z + #inputCount)","target_property_name":"#asaCount"},{"binding_type":"view","source_control_name":"$crafting_slot_name","source_property_name":"(not #inputCount = 0)","target_property_name":"#1"},{"binding_type":"view","source_control_name":"item_output_count","source_property_name":"(#itemStackCount = 0)","target_property_name":"#2"},{"binding_type":"view","source_property_name":"(#1 and #2)","target_property_name":"#visible"}],"text":"#asaCount","type":"label"}},{"isSlotOutputNot0":{"bindings":[{"binding_type":"view","source_control_name":"item_output_count","source_property_name":"(§z + #itemStackCount)","target_property_name":"#asaCount"},{"binding_type":"view","source_control_name":"$crafting_slot_name","source_property_name":"(#inputCount = 0)","target_property_name":"#1"},{"binding_type":"view","source_control_name":"item_output_count","source_property_name":"(not #itemStackCount = 0)","target_property_name":"#2"},{"binding_type":"view","source_property_name":"(#1 and #2)","target_property_name":"#visible"}],"text":"#asaCount","type":"label"}}],"size":["100%cm","100%cm"],"type":"panel"}}],"size":["100%cm","100%cm"],"type":"panel"},"outputCount":{"anchor_from":"top_left","anchor_to":"top_left","collection_name":"crafting_output_items","controls":[{"item_output_count@asaLabel":{"bindings":[{"binding_collection_name":"crafting_output_items","binding_condition":"none","binding_name":"#inventory_stack_count","binding_type":"collection"},{"binding_collection_name":"crafting_output_items","binding_condition":"none","binding_name":"#item_id_aux","binding_type":"collection"},{"binding_type":"view","source_property_name":"((#inventory_stack_count * 1) + 1 - 1)","target_property_name":"#itemStackCount"},{"binding_type":"view","source_property_name":"(#item_id_aux = -1)","target_property_name":"#isEmpty"}],"collection_index":0}}],"size":["100%cm","100%cm"],"type":"stack_panel"},"player_armor_panel":{"modifications":[{"array_name":"controls","operation":"insert_front","value":[{"auto_place_armor_grid":{"$item_collection_name":"armor_items","anchor_from":"top_left","anchor_to":"top_left","bindings":[{"binding_type":"view","source_control_name":"v_auto_place_mode","source_property_name":"#toggle_state","target_property_name":"#visible"}],"collection_name":"$item_collection_name","controls":[{"head_grid_item@common.container_item":{"$button_ref":"inventory_button_mapping.auto_place_cmd","$cell_overlay_ref":"crafting.v_armor_overlay_helmet","$focus_id":"armor_item_head","$focus_id_binding_type":"none","$focus_override_right":"crafting_input_top_left","$focus_override_right_binding_type":"none","grid_position":[0,0]}},{"chest_grid_item@common.container_item":{"$button_ref":"inventory_button_mapping.auto_place_cmd","$cell_overlay_ref":"crafting.v_armor_overlay_chest","$focus_id":"armor_item_chest","$focus_id_binding_type":"none","$focus_override_right":"crafting_input_top_left","$focus_override_right_binding_type":"none","grid_position":[0,1]}},{"legs_grid_item@common.container_item":{"$button_ref":"inventory_button_mapping.auto_place_cmd","$cell_overlay_ref":"crafting.v_armor_overlay_legs","$focus_id":"armor_item_legs","$focus_id_binding_type":"none","$focus_override_right":"crafting_input_mid_left","$focus_override_right_binding_type":"none","grid_position":[0,2]}},{"feet_grid_item@common.container_item":{"$button_ref":"inventory_button_mapping.auto_place_cmd","$cell_overlay_ref":"crafting.v_armor_image_feet","$focus_id":"armor_item_feet","$focus_id_binding_type":"none","$focus_override_right":"offhand_items0","$focus_override_right_binding_type":"none","grid_position":[0,3]}}],"grid_dimensions":[1,4],"layer":5,"offset":[7,7],"size":[18,72],"type":"grid"}},{"auto_place_offhand_grid":{"$item_collection_name":"offhand_items","anchor_from":"top_left","anchor_to":"top_left","bindings":[{"binding_type":"view","source_control_name":"v_auto_place_mode","source_property_name":"#toggle_state","target_property_name":"#visible"}],"collection_name":"$item_collection_name","controls":[{"offhand_grid_item@common.container_item":{"$button_ref":"inventory_button_mapping.auto_place_cmd","$cell_overlay_ref":"crafting.v_armor_overlay_shield","$focus_override_left":"armor_item_feet","$focus_override_left_binding_type":"none","grid_position":[0,0]}}],"grid_dimensions":[1,1],"layer":5,"offset":[79,61],"size":[18,18],"type":"grid"}},{"drop_mode_armor_grid":{"$item_collection_name":"armor_items","anchor_from":"top_left","anchor_to":"top_left","bindings":[{"binding_type":"view","source_control_name":"v_drop_one","source_property_name":"#toggle_state","target_property_name":"#visible"}],"collection_name":"$item_collection_name","controls":[{"head_grid_item@common.container_item":{"$button_ref":"inventory_button_mapping.drop_mode_cmd","$cell_overlay_ref":"crafting.v_armor_overlay_helmet","$focus_id":"armor_item_head","$focus_id_binding_type":"none","$focus_override_right":"crafting_input_top_left","$focus_override_right_binding_type":"none","grid_position":[0,0]}},{"chest_grid_item@common.container_item":{"$button_ref":"inventory_button_mapping.drop_mode_cmd","$cell_overlay_ref":"crafting.v_armor_overlay_chest","$focus_id":"armor_item_chest","$focus_id_binding_type":"none","$focus_override_right":"crafting_input_top_left","$focus_override_right_binding_type":"none","grid_position":[0,1]}},{"legs_grid_item@common.container_item":{"$button_ref":"inventory_button_mapping.drop_mode_cmd","$cell_overlay_ref":"crafting.v_armor_overlay_legs","$focus_id":"armor_item_legs","$focus_id_binding_type":"none","$focus_override_right":"crafting_input_mid_left","$focus_override_right_binding_type":"none","grid_position":[0,2]}},{"feet_grid_item@common.container_item":{"$button_ref":"inventory_button_mapping.drop_mode_cmd","$cell_overlay_ref":"crafting.v_armor_image_feet","$focus_id":"armor_item_feet","$focus_id_binding_type":"none","$focus_override_right":"offhand_items0","$focus_override_right_binding_type":"none","grid_position":[0,3]}}],"grid_dimensions":[1,4],"layer":7,"offset":[7,7],"size":[18,72],"type":"grid"}},{"drop_mode_offhand_grid":{"$item_collection_name":"offhand_items","anchor_from":"top_left","anchor_to":"top_left","bindings":[{"binding_type":"view","source_control_name":"v_drop_one","source_property_name":"#toggle_state","target_property_name":"#visible"}],"collection_name":"$item_collection_name","controls":[{"offhand_grid_item@common.container_item":{"$button_ref":"inventory_button_mapping.drop_mode_cmd","$cell_overlay_ref":"crafting.v_armor_overlay_shield","$focus_override_left":"armor_item_feet","$focus_override_left_binding_type":"none","grid_position":[0,0]}}],"grid_dimensions":[1,1],"layer":7,"offset":[79,61],"size":[18,18],"type":"grid"}},{"remove_mode_armor_grid":{"$item_collection_name":"armor_items","anchor_from":"top_left","anchor_to":"top_left","bindings":[{"binding_type":"view","source_control_name":"v_destroy_all","source_property_name":"#toggle_state","target_property_name":"#visible"}],"collection_name":"$item_collection_name","controls":[{"head_grid_item@common.container_item":{"$button_ref":"inventory_button_mapping.destroy_mode_cmd","$cell_overlay_ref":"crafting.v_armor_overlay_helmet","$focus_id":"armor_item_head","$focus_id_binding_type":"none","$focus_override_right":"crafting_input_top_left","$focus_override_right_binding_type":"none","grid_position":[0,0]}},{"chest_grid_item@common.container_item":{"$button_ref":"inventory_button_mapping.destroy_mode_cmd","$cell_overlay_ref":"crafting.v_armor_overlay_chest","$focus_id":"armor_item_chest","$focus_id_binding_type":"none","$focus_override_right":"crafting_input_top_left","$focus_override_right_binding_type":"none","grid_position":[0,1]}},{"legs_grid_item@common.container_item":{"$button_ref":"inventory_button_mapping.destroy_mode_cmd","$cell_overlay_ref":"crafting.v_armor_overlay_legs","$focus_id":"armor_item_legs","$focus_id_binding_type":"none","$focus_override_right":"crafting_input_mid_left","$focus_override_right_binding_type":"none","grid_position":[0,2]}},{"feet_grid_item@common.container_item":{"$button_ref":"inventory_button_mapping.destroy_mode_cmd","$cell_overlay_ref":"crafting.v_armor_image_feet","$focus_id":"armor_item_feet","$focus_id_binding_type":"none","$focus_override_right":"offhand_items0","$focus_override_right_binding_type":"none","grid_position":[0,3]}}],"grid_dimensions":[1,4],"layer":9,"offset":[7,7],"size":[18,72],"type":"grid"}},{"remove_mode_offhand_grid":{"$item_collection_name":"offhand_items","anchor_from":"top_left","anchor_to":"top_left","bindings":[{"binding_type":"view","source_control_name":"v_destroy_all","source_property_name":"#toggle_state","target_property_name":"#visible"}],"collection_name":"$item_collection_name","controls":[{"offhand_grid_item@common.container_item":{"$button_ref":"inventory_button_mapping.destroy_mode_cmd","$cell_overlay_ref":"crafting.v_armor_overlay_shield","$focus_override_left":"armor_item_feet","$focus_override_left_binding_type":"none","grid_position":[0,0]}}],"grid_dimensions":[1,1],"layer":9,"offset":[79,61],"size":[18,18],"type":"grid"}},{"default_armor_grid":{"$item_collection_name":"armor_items","anchor_from":"top_left","anchor_to":"top_left","bindings":[{"binding_type":"view","source_control_name":"null_mode","source_property_name":"#toggle_state","target_property_name":"#visible"}],"collection_name":"$item_collection_name","controls":[{"head_grid_item@common.container_item":{"$button_ref":"crafting.no_coalesce_container_slot_button","$cell_overlay_ref":"crafting.v_armor_overlay_helmet","$focus_id":"armor_item_head","$focus_id_binding_type":"none","$focus_override_right":"crafting_input_top_left","$focus_override_right_binding_type":"none","grid_position":[0,0]}},{"chest_grid_item@common.container_item":{"$button_ref":"crafting.no_coalesce_container_slot_button","$cell_overlay_ref":"crafting.v_armor_overlay_chest","$focus_id":"armor_item_chest","$focus_id_binding_type":"none","$focus_override_right":"crafting_input_top_left","$focus_override_right_binding_type":"none","grid_position":[0,1]}},{"legs_grid_item@common.container_item":{"$button_ref":"crafting.no_coalesce_container_slot_button","$cell_overlay_ref":"crafting.v_armor_overlay_legs","$focus_id":"armor_item_legs","$focus_id_binding_type":"none","$focus_override_right":"crafting_input_mid_left","$focus_override_right_binding_type":"none","grid_position":[0,2]}},{"feet_grid_item@common.container_item":{"$button_ref":"crafting.no_coalesce_container_slot_button","$cell_overlay_ref":"crafting.v_armor_image_feet","$focus_id":"armor_item_feet","$focus_id_binding_type":"none","$focus_override_right":"offhand_items0","$focus_override_right_binding_type":"none","grid_position":[0,3]}}],"grid_dimensions":[1,4],"layer":5,"offset":[7,7],"size":[18,72],"type":"grid"}},{"default_offhand_grid":{"$item_collection_name":"offhand_items","anchor_from":"top_left","anchor_to":"top_left","bindings":[{"binding_type":"view","source_control_name":"null_mode","source_property_name":"#toggle_state","target_property_name":"#visible"}],"collection_name":"$item_collection_name","controls":[{"offhand_grid_item@common.container_item":{"$button_ref":"crafting.no_coalesce_container_slot_button","$cell_overlay_ref":"crafting.v_armor_overlay_shield","$focus_override_left":"armor_item_feet","$focus_override_left_binding_type":"none","grid_position":[0,0]}}],"grid_dimensions":[1,1],"layer":9,"offset":[79,61],"size":[18,18],"type":"grid"}}]},{"control_name":"armor_grid","operation":"remove"},{"control_name":"offhand_grid","operation":"remove"},{"control_name":"player_preview_border","operation":"remove"}]},"player_armor_panel/player_bg":{"offset":[26,7],"size":[52,72],"texture":"textures/ui/v_cell_image"},"recipe_book@crafting.crafting_root_panel":{"controls":[{"bg@common.common_panel":{"$dialog_background":"common.v_dialog_background_hollow_3","$fill_alpha":0,"$show_close_button":false}},{"gamepad_helper_bumpers@crafting.gamepad_helper_bumpers":{"anchor_from":"top_left","anchor_to":"bottom_left","offset":[0,-5],"size":[146,16]}},{"tab_content_panel@crafting.tab_content":{"$scrolling_pane_control":"crafting.recipe_book_scroll_panel","layer":2,"size":["100%","100%"]}}],"layer":2},"recipe_ic":{"size":[15,15],"texture":"$texture","type":"image"},"recipe_inventory_screen_content":{"modifications":[{"array_name":"controls","operation":"insert_front","value":[{"required@outputCount":{}},{"required_2@inputCount":{}}]},{"array_name":"controls","operation":"insert_front","value":[{"v_inventory_base":{"controls":[{"v_player_inventory@common_dialogs.v_main_panel_no_title_no_buttons":{"$child_control":"crafting.v_player_inventory","$ev_bg_alpha":0.8,"$fill_alpha":0,"$show_close_button":false,"anchor_from":"center","anchor_to":"center","offset":[0,8],"size":[175,166]}},{"v_recipe_book@crafting.recipe_book":{"anchor_from":"top_right","anchor_to":"top_right","bindings":[{"binding_name":"(not #is_survival_layout)","binding_name_override":"#visible","binding_type":"global"}],"offset":[0,44],"size":["50% - 122px","100% - 46px"]}},{"tab@crafting.v_tab_navigation_panel_layout":{"bindings":[{"binding_name":"(not #is_survival_layout)","binding_name_override":"#visible","binding_type":"global"}]}}],"type":"panel"}}]},{"control_name":"controller_gamepad_helpers_stack_panel","operation":"remove"},{"control_name":"content_stack_panel","operation":"remove"}]},"survival_panel_top_half":{"modifications":[{"array_name":"controls","operation":"insert_front","value":[{"itemCount":{"anchor_from":"right_middle","anchor_to":"right_middle","bindings":[{"binding_type":"view","source_control_name":"item_output_count","source_property_name":"(not #isEmpty)","target_property_name":"#visible"}],"controls":[{"x@asaLabel":{"text":"x"}},{"totalCanbeCraftingCounter@totalCanbeCraftingCounter":{"$font_color":[1,1,1]}}],"layer":12,"offset":[-6,10],"orientation":"horizontal","size":["100%c","100%cm"],"type":"stack_panel"}}]}]},"tab_content/tab_content_search_bar_panel/search_and_filter_panel/text_edit_control":{"$text_background_default":"common.v_edit_box_indent","$text_background_hover":"common.v_edit_box_indent_hover"},"totalCanbeCraftingCounter":{"controls":[{"0@itemCountSlot":{"$crafting_slot_name":"crafting_input_0","bindings":[{"binding_type":"view","source_control_name":"crafting_input_0","source_property_name":"#inputCount","target_property_name":"#slot_0"},{"binding_type":"view","source_control_name":"crafting_input_1","source_property_name":"#inputCount","target_property_name":"#slot_1"},{"binding_type":"view","source_control_name":"crafting_input_2","source_property_name":"#inputCount","target_property_name":"#slot_2"},{"binding_type":"view","source_control_name":"crafting_input_3","source_property_name":"#inputCount","target_property_name":"#slot_3"},{"binding_type":"view","source_control_name":"crafting_input_4","source_property_name":"#inputCount","target_property_name":"#slot_4"},{"binding_type":"view","source_control_name":"crafting_input_5","source_property_name":"#inputCount","target_property_name":"#slot_5"},{"binding_type":"view","source_control_name":"crafting_input_6","source_property_name":"#inputCount","target_property_name":"#slot_6"},{"binding_type":"view","source_control_name":"crafting_input_7","source_property_name":"#inputCount","target_property_name":"#slot_7"},{"binding_type":"view","source_control_name":"crafting_input_8","source_property_name":"#inputCount","target_property_name":"#slot_8"},{"binding_type":"view","source_control_name":"crafting_input_0","source_property_name":"#isEmpty","target_property_name":"#slot_empty_0"},{"binding_type":"view","source_control_name":"crafting_input_1","source_property_name":"#isEmpty","target_property_name":"#slot_empty_1"},{"binding_type":"view","source_control_name":"crafting_input_2","source_property_name":"#isEmpty","target_property_name":"#slot_empty_2"},{"binding_type":"view","source_control_name":"crafting_input_3","source_property_name":"#isEmpty","target_property_name":"#slot_empty_3"},{"binding_type":"view","source_control_name":"crafting_input_4","source_property_name":"#isEmpty","target_property_name":"#slot_empty_4"},{"binding_type":"view","source_control_name":"crafting_input_5","source_property_name":"#isEmpty","target_property_name":"#slot_empty_5"},{"binding_type":"view","source_control_name":"crafting_input_6","source_property_name":"#isEmpty","target_property_name":"#slot_empty_6"},{"binding_type":"view","source_control_name":"crafting_input_7","source_property_name":"#isEmpty","target_property_name":"#slot_empty_7"},{"binding_type":"view","source_control_name":"crafting_input_8","source_property_name":"#isEmpty","target_property_name":"#slot_empty_8"},{"binding_type":"view","source_property_name":"(((#slot_0 < #slot_1) or (#slot_0 = #slot_1)) or #slot_empty_1)","target_property_name":"#0"},{"binding_type":"view","source_property_name":"(((#slot_0 < #slot_2) or (#slot_0 = #slot_2)) or #slot_empty_2)","target_property_name":"#1"},{"binding_type":"view","source_property_name":"(((#slot_0 < #slot_3) or (#slot_0 = #slot_3)) or #slot_empty_3)","target_property_name":"#2"},{"binding_type":"view","source_property_name":"(((#slot_0 < #slot_4) or (#slot_0 = #slot_4)) or #slot_empty_4)","target_property_name":"#3"},{"binding_type":"view","source_property_name":"(((#slot_0 < #slot_5) or (#slot_0 = #slot_5)) or #slot_empty_5)","target_property_name":"#4"},{"binding_type":"view","source_property_name":"(((#slot_0 < #slot_6) or (#slot_0 = #slot_6)) or #slot_empty_6)","target_property_name":"#5"},{"binding_type":"view","source_property_name":"(((#slot_0 < #slot_7) or (#slot_0 = #slot_7)) or #slot_empty_7)","target_property_name":"#6"},{"binding_type":"view","source_property_name":"(((#slot_0 < #slot_8) or (#slot_0 = #slot_8)) or #slot_empty_8)","target_property_name":"#7"},{"binding_type":"view","source_property_name":"(#0 and #1 and #2 and #3 and #4 and #5 and #6 and #7)","target_property_name":"#visible"}]}},{"1@itemCountSlot":{"$crafting_slot_name":"crafting_input_1","bindings":[{"binding_type":"view","source_control_name":"crafting_input_0","source_property_name":"#inputCount","target_property_name":"#slot_0"},{"binding_type":"view","source_control_name":"crafting_input_1","source_property_name":"#inputCount","target_property_name":"#slot_1"},{"binding_type":"view","source_control_name":"crafting_input_2","source_property_name":"#inputCount","target_property_name":"#slot_2"},{"binding_type":"view","source_control_name":"crafting_input_3","source_property_name":"#inputCount","target_property_name":"#slot_3"},{"binding_type":"view","source_control_name":"crafting_input_4","source_property_name":"#inputCount","target_property_name":"#slot_4"},{"binding_type":"view","source_control_name":"crafting_input_5","source_property_name":"#inputCount","target_property_name":"#slot_5"},{"binding_type":"view","source_control_name":"crafting_input_6","source_property_name":"#inputCount","target_property_name":"#slot_6"},{"binding_type":"view","source_control_name":"crafting_input_7","source_property_name":"#inputCount","target_property_name":"#slot_7"},{"binding_type":"view","source_control_name":"crafting_input_8","source_property_name":"#inputCount","target_property_name":"#slot_8"},{"binding_type":"view","source_control_name":"crafting_input_0","source_property_name":"#isEmpty","target_property_name":"#slot_empty_0"},{"binding_type":"view","source_control_name":"crafting_input_1","source_property_name":"#isEmpty","target_property_name":"#slot_empty_1"},{"binding_type":"view","source_control_name":"crafting_input_2","source_property_name":"#isEmpty","target_property_name":"#slot_empty_2"},{"binding_type":"view","source_control_name":"crafting_input_3","source_property_name":"#isEmpty","target_property_name":"#slot_empty_3"},{"binding_type":"view","source_control_name":"crafting_input_4","source_property_name":"#isEmpty","target_property_name":"#slot_empty_4"},{"binding_type":"view","source_control_name":"crafting_input_5","source_property_name":"#isEmpty","target_property_name":"#slot_empty_5"},{"binding_type":"view","source_control_name":"crafting_input_6","source_property_name":"#isEmpty","target_property_name":"#slot_empty_6"},{"binding_type":"view","source_control_name":"crafting_input_7","source_property_name":"#isEmpty","target_property_name":"#slot_empty_7"},{"binding_type":"view","source_control_name":"crafting_input_8","source_property_name":"#isEmpty","target_property_name":"#slot_empty_8"},{"binding_type":"view","source_property_name":"(((#slot_1 < #slot_0) or (#slot_1 = #slot_0)) or #slot_empty_0)","target_property_name":"#1"},{"binding_type":"view","source_property_name":"(((#slot_1 < #slot_2) or (#slot_1 = #slot_2)) or #slot_empty_2)","target_property_name":"#2"},{"binding_type":"view","source_property_name":"(((#slot_1 < #slot_3) or (#slot_1 = #slot_3)) or #slot_empty_3)","target_property_name":"#3"},{"binding_type":"view","source_property_name":"(((#slot_1 < #slot_4) or (#slot_1 = #slot_4)) or #slot_empty_4)","target_property_name":"#4"},{"binding_type":"view","source_property_name":"(((#slot_1 < #slot_5) or (#slot_1 = #slot_5)) or #slot_empty_5)","target_property_name":"#5"},{"binding_type":"view","source_property_name":"(((#slot_1 < #slot_6) or (#slot_1 = #slot_6)) or #slot_empty_6)","target_property_name":"#6"},{"binding_type":"view","source_property_name":"(((#slot_1 < #slot_7) or (#slot_1 = #slot_7)) or #slot_empty_7)","target_property_name":"#7"},{"binding_type":"view","source_property_name":"(((#slot_1 < #slot_8) or (#slot_1 = #slot_8)) or #slot_empty_8)","target_property_name":"#8"},{"binding_type":"view","source_property_name":"(#1 and #2 and #3 and #4 and #5 and #6 and #7 and #8)","target_property_name":"#visible"}]}},{"2@itemCountSlot":{"$crafting_slot_name":"crafting_input_2","bindings":[{"binding_type":"view","source_control_name":"crafting_input_0","source_property_name":"#inputCount","target_property_name":"#slot_0"},{"binding_type":"view","source_control_name":"crafting_input_1","source_property_name":"#inputCount","target_property_name":"#slot_1"},{"binding_type":"view","source_control_name":"crafting_input_2","source_property_name":"#inputCount","target_property_name":"#slot_2"},{"binding_type":"view","source_control_name":"crafting_input_3","source_property_name":"#inputCount","target_property_name":"#slot_3"},{"binding_type":"view","source_control_name":"crafting_input_4","source_property_name":"#inputCount","target_property_name":"#slot_4"},{"binding_type":"view","source_control_name":"crafting_input_5","source_property_name":"#inputCount","target_property_name":"#slot_5"},{"binding_type":"view","source_control_name":"crafting_input_6","source_property_name":"#inputCount","target_property_name":"#slot_6"},{"binding_type":"view","source_control_name":"crafting_input_7","source_property_name":"#inputCount","target_property_name":"#slot_7"},{"binding_type":"view","source_control_name":"crafting_input_8","source_property_name":"#inputCount","target_property_name":"#slot_8"},{"binding_type":"view","source_control_name":"crafting_input_0","source_property_name":"#isEmpty","target_property_name":"#slot_empty_0"},{"binding_type":"view","source_control_name":"crafting_input_1","source_property_name":"#isEmpty","target_property_name":"#slot_empty_1"},{"binding_type":"view","source_control_name":"crafting_input_2","source_property_name":"#isEmpty","target_property_name":"#slot_empty_2"},{"binding_type":"view","source_control_name":"crafting_input_3","source_property_name":"#isEmpty","target_property_name":"#slot_empty_3"},{"binding_type":"view","source_control_name":"crafting_input_4","source_property_name":"#isEmpty","target_property_name":"#slot_empty_4"},{"binding_type":"view","source_control_name":"crafting_input_5","source_property_name":"#isEmpty","target_property_name":"#slot_empty_5"},{"binding_type":"view","source_control_name":"crafting_input_6","source_property_name":"#isEmpty","target_property_name":"#slot_empty_6"},{"binding_type":"view","source_control_name":"crafting_input_7","source_property_name":"#isEmpty","target_property_name":"#slot_empty_7"},{"binding_type":"view","source_control_name":"crafting_input_8","source_property_name":"#isEmpty","target_property_name":"#slot_empty_8"},{"binding_type":"view","source_property_name":"(((#slot_2 < #slot_0) or (#slot_2 = #slot_0)) or #slot_empty_0)","target_property_name":"#1"},{"binding_type":"view","source_property_name":"(((#slot_2 < #slot_1) or (#slot_2 = #slot_1)) or #slot_empty_1)","target_property_name":"#2"},{"binding_type":"view","source_property_name":"(((#slot_2 < #slot_3) or (#slot_2 = #slot_3)) or #slot_empty_3)","target_property_name":"#3"},{"binding_type":"view","source_property_name":"(((#slot_2 < #slot_4) or (#slot_2 = #slot_4)) or #slot_empty_4)","target_property_name":"#4"},{"binding_type":"view","source_property_name":"(((#slot_2 < #slot_5) or (#slot_2 = #slot_5)) or #slot_empty_5)","target_property_name":"#5"},{"binding_type":"view","source_property_name":"(((#slot_2 < #slot_6) or (#slot_2 = #slot_6)) or #slot_empty_6)","target_property_name":"#6"},{"binding_type":"view","source_property_name":"(((#slot_2 < #slot_7) or (#slot_2 = #slot_7)) or #slot_empty_7)","target_property_name":"#7"},{"binding_type":"view","source_property_name":"(((#slot_2 < #slot_8) or (#slot_2 = #slot_8)) or #slot_empty_8)","target_property_name":"#8"},{"binding_type":"view","source_property_name":"(#1 and #2 and #3 and #4 and #5 and #6 and #7 and #8)","target_property_name":"#visible"}]}},{"3@itemCountSlot":{"$crafting_slot_name":"crafting_input_3","bindings":[{"binding_type":"view","source_control_name":"crafting_input_0","source_property_name":"#inputCount","target_property_name":"#slot_0"},{"binding_type":"view","source_control_name":"crafting_input_1","source_property_name":"#inputCount","target_property_name":"#slot_1"},{"binding_type":"view","source_control_name":"crafting_input_2","source_property_name":"#inputCount","target_property_name":"#slot_2"},{"binding_type":"view","source_control_name":"crafting_input_3","source_property_name":"#inputCount","target_property_name":"#slot_3"},{"binding_type":"view","source_control_name":"crafting_input_4","source_property_name":"#inputCount","target_property_name":"#slot_4"},{"binding_type":"view","source_control_name":"crafting_input_5","source_property_name":"#inputCount","target_property_name":"#slot_5"},{"binding_type":"view","source_control_name":"crafting_input_6","source_property_name":"#inputCount","target_property_name":"#slot_6"},{"binding_type":"view","source_control_name":"crafting_input_7","source_property_name":"#inputCount","target_property_name":"#slot_7"},{"binding_type":"view","source_control_name":"crafting_input_8","source_property_name":"#inputCount","target_property_name":"#slot_8"},{"binding_type":"view","source_control_name":"crafting_input_0","source_property_name":"#isEmpty","target_property_name":"#slot_empty_0"},{"binding_type":"view","source_control_name":"crafting_input_1","source_property_name":"#isEmpty","target_property_name":"#slot_empty_1"},{"binding_type":"view","source_control_name":"crafting_input_2","source_property_name":"#isEmpty","target_property_name":"#slot_empty_2"},{"binding_type":"view","source_control_name":"crafting_input_3","source_property_name":"#isEmpty","target_property_name":"#slot_empty_3"},{"binding_type":"view","source_control_name":"crafting_input_4","source_property_name":"#isEmpty","target_property_name":"#slot_empty_4"},{"binding_type":"view","source_control_name":"crafting_input_5","source_property_name":"#isEmpty","target_property_name":"#slot_empty_5"},{"binding_type":"view","source_control_name":"crafting_input_6","source_property_name":"#isEmpty","target_property_name":"#slot_empty_6"},{"binding_type":"view","source_control_name":"crafting_input_7","source_property_name":"#isEmpty","target_property_name":"#slot_empty_7"},{"binding_type":"view","source_control_name":"crafting_input_8","source_property_name":"#isEmpty","target_property_name":"#slot_empty_8"},{"binding_type":"view","source_property_name":"(((#slot_3 < #slot_0) or (#slot_3 = #slot_0)) or #slot_empty_0)","target_property_name":"#1"},{"binding_type":"view","source_property_name":"(((#slot_3 < #slot_1) or (#slot_3 = #slot_1)) or #slot_empty_1)","target_property_name":"#2"},{"binding_type":"view","source_property_name":"(((#slot_3 < #slot_2) or (#slot_3 = #slot_2)) or #slot_empty_2)","target_property_name":"#3"},{"binding_type":"view","source_property_name":"(((#slot_3 < #slot_4) or (#slot_3 = #slot_4)) or #slot_empty_4)","target_property_name":"#4"},{"binding_type":"view","source_property_name":"(((#slot_3 < #slot_5) or (#slot_3 = #slot_5)) or #slot_empty_5)","target_property_name":"#5"},{"binding_type":"view","source_property_name":"(((#slot_3 < #slot_6) or (#slot_3 = #slot_6)) or #slot_empty_6)","target_property_name":"#6"},{"binding_type":"view","source_property_name":"(((#slot_3 < #slot_7) or (#slot_3 = #slot_7)) or #slot_empty_7)","target_property_name":"#7"},{"binding_type":"view","source_property_name":"(((#slot_3 < #slot_8) or (#slot_3 = #slot_8)) or #slot_empty_8)","target_property_name":"#8"},{"binding_type":"view","source_property_name":"(#1 and #2 and #3 and #4 and #5 and #6 and #7 and #8)","target_property_name":"#visible"}]}},{"4@itemCountSlot":{"$crafting_slot_name":"crafting_input_4","bindings":[{"binding_type":"view","source_control_name":"crafting_input_0","source_property_name":"#inputCount","target_property_name":"#slot_0"},{"binding_type":"view","source_control_name":"crafting_input_1","source_property_name":"#inputCount","target_property_name":"#slot_1"},{"binding_type":"view","source_control_name":"crafting_input_2","source_property_name":"#inputCount","target_property_name":"#slot_2"},{"binding_type":"view","source_control_name":"crafting_input_3","source_property_name":"#inputCount","target_property_name":"#slot_3"},{"binding_type":"view","source_control_name":"crafting_input_4","source_property_name":"#inputCount","target_property_name":"#slot_4"},{"binding_type":"view","source_control_name":"crafting_input_5","source_property_name":"#inputCount","target_property_name":"#slot_5"},{"binding_type":"view","source_control_name":"crafting_input_6","source_property_name":"#inputCount","target_property_name":"#slot_6"},{"binding_type":"view","source_control_name":"crafting_input_7","source_property_name":"#inputCount","target_property_name":"#slot_7"},{"binding_type":"view","source_control_name":"crafting_input_8","source_property_name":"#inputCount","target_property_name":"#slot_8"},{"binding_type":"view","source_control_name":"crafting_input_0","source_property_name":"#isEmpty","target_property_name":"#slot_empty_0"},{"binding_type":"view","source_control_name":"crafting_input_1","source_property_name":"#isEmpty","target_property_name":"#slot_empty_1"},{"binding_type":"view","source_control_name":"crafting_input_2","source_property_name":"#isEmpty","target_property_name":"#slot_empty_2"},{"binding_type":"view","source_control_name":"crafting_input_3","source_property_name":"#isEmpty","target_property_name":"#slot_empty_3"},{"binding_type":"view","source_control_name":"crafting_input_4","source_property_name":"#isEmpty","target_property_name":"#slot_empty_4"},{"binding_type":"view","source_control_name":"crafting_input_5","source_property_name":"#isEmpty","target_property_name":"#slot_empty_5"},{"binding_type":"view","source_control_name":"crafting_input_6","source_property_name":"#isEmpty","target_property_name":"#slot_empty_6"},{"binding_type":"view","source_control_name":"crafting_input_7","source_property_name":"#isEmpty","target_property_name":"#slot_empty_7"},{"binding_type":"view","source_control_name":"crafting_input_8","source_property_name":"#isEmpty","target_property_name":"#slot_empty_8"},{"binding_type":"view","source_property_name":"(((#slot_4 < #slot_0) or (#slot_4 = #slot_0)) or #slot_empty_0)","target_property_name":"#1"},{"binding_type":"view","source_property_name":"(((#slot_4 < #slot_1) or (#slot_4 = #slot_1)) or #slot_empty_1)","target_property_name":"#2"},{"binding_type":"view","source_property_name":"(((#slot_4 < #slot_2) or (#slot_4 = #slot_2)) or #slot_empty_2)","target_property_name":"#3"},{"binding_type":"view","source_property_name":"(((#slot_4 < #slot_3) or (#slot_4 = #slot_3)) or #slot_empty_3)","target_property_name":"#4"},{"binding_type":"view","source_property_name":"(((#slot_4 < #slot_5) or (#slot_4 = #slot_5)) or #slot_empty_5)","target_property_name":"#5"},{"binding_type":"view","source_property_name":"(((#slot_4 < #slot_6) or (#slot_4 = #slot_6)) or #slot_empty_6)","target_property_name":"#6"},{"binding_type":"view","source_property_name":"(((#slot_4 < #slot_7) or (#slot_4 = #slot_7)) or #slot_empty_7)","target_property_name":"#7"},{"binding_type":"view","source_property_name":"(((#slot_4 < #slot_8) or (#slot_4 = #slot_8)) or #slot_empty_8)","target_property_name":"#8"},{"binding_type":"view","source_property_name":"(#1 and #2 and #3 and #4 and #5 and #6 and #7 and #8)","target_property_name":"#visible"}]}},{"5@itemCountSlot":{"$crafting_slot_name":"crafting_input_5","bindings":[{"binding_type":"view","source_control_name":"crafting_input_0","source_property_name":"#inputCount","target_property_name":"#slot_0"},{"binding_type":"view","source_control_name":"crafting_input_1","source_property_name":"#inputCount","target_property_name":"#slot_1"},{"binding_type":"view","source_control_name":"crafting_input_2","source_property_name":"#inputCount","target_property_name":"#slot_2"},{"binding_type":"view","source_control_name":"crafting_input_3","source_property_name":"#inputCount","target_property_name":"#slot_3"},{"binding_type":"view","source_control_name":"crafting_input_4","source_property_name":"#inputCount","target_property_name":"#slot_4"},{"binding_type":"view","source_control_name":"crafting_input_5","source_property_name":"#inputCount","target_property_name":"#slot_5"},{"binding_type":"view","source_control_name":"crafting_input_6","source_property_name":"#inputCount","target_property_name":"#slot_6"},{"binding_type":"view","source_control_name":"crafting_input_7","source_property_name":"#inputCount","target_property_name":"#slot_7"},{"binding_type":"view","source_control_name":"crafting_input_8","source_property_name":"#inputCount","target_property_name":"#slot_8"},{"binding_type":"view","source_control_name":"crafting_input_0","source_property_name":"#isEmpty","target_property_name":"#slot_empty_0"},{"binding_type":"view","source_control_name":"crafting_input_1","source_property_name":"#isEmpty","target_property_name":"#slot_empty_1"},{"binding_type":"view","source_control_name":"crafting_input_2","source_property_name":"#isEmpty","target_property_name":"#slot_empty_2"},{"binding_type":"view","source_control_name":"crafting_input_3","source_property_name":"#isEmpty","target_property_name":"#slot_empty_3"},{"binding_type":"view","source_control_name":"crafting_input_4","source_property_name":"#isEmpty","target_property_name":"#slot_empty_4"},{"binding_type":"view","source_control_name":"crafting_input_5","source_property_name":"#isEmpty","target_property_name":"#slot_empty_5"},{"binding_type":"view","source_control_name":"crafting_input_6","source_property_name":"#isEmpty","target_property_name":"#slot_empty_6"},{"binding_type":"view","source_control_name":"crafting_input_7","source_property_name":"#isEmpty","target_property_name":"#slot_empty_7"},{"binding_type":"view","source_control_name":"crafting_input_8","source_property_name":"#isEmpty","target_property_name":"#slot_empty_8"},{"binding_type":"view","source_property_name":"(((#slot_5 < #slot_0) or (#slot_5 = #slot_0)) or #slot_empty_0)","target_property_name":"#1"},{"binding_type":"view","source_property_name":"(((#slot_5 < #slot_1) or (#slot_5 = #slot_1)) or #slot_empty_1)","target_property_name":"#2"},{"binding_type":"view","source_property_name":"(((#slot_5 < #slot_2) or (#slot_5 = #slot_2)) or #slot_empty_2)","target_property_name":"#3"},{"binding_type":"view","source_property_name":"(((#slot_5 < #slot_3) or (#slot_5 = #slot_3)) or #slot_empty_3)","target_property_name":"#4"},{"binding_type":"view","source_property_name":"(((#slot_5 < #slot_4) or (#slot_5 = #slot_4)) or #slot_empty_4)","target_property_name":"#5"},{"binding_type":"view","source_property_name":"(((#slot_5 < #slot_6) or (#slot_5 = #slot_6)) or #slot_empty_6)","target_property_name":"#6"},{"binding_type":"view","source_property_name":"(((#slot_5 < #slot_7) or (#slot_5 = #slot_7)) or #slot_empty_7)","target_property_name":"#7"},{"binding_type":"view","source_property_name":"(((#slot_5 < #slot_8) or (#slot_5 = #slot_8)) or #slot_empty_8)","target_property_name":"#8"},{"binding_type":"view","source_property_name":"(#1 and #2 and #3 and #4 and #5 and #6 and #7 and #8)","target_property_name":"#visible"}]}},{"6@itemCountSlot":{"$crafting_slot_name":"crafting_input_6","bindings":[{"binding_type":"view","source_control_name":"crafting_input_0","source_property_name":"#inputCount","target_property_name":"#slot_0"},{"binding_type":"view","source_control_name":"crafting_input_1","source_property_name":"#inputCount","target_property_name":"#slot_1"},{"binding_type":"view","source_control_name":"crafting_input_2","source_property_name":"#inputCount","target_property_name":"#slot_2"},{"binding_type":"view","source_control_name":"crafting_input_3","source_property_name":"#inputCount","target_property_name":"#slot_3"},{"binding_type":"view","source_control_name":"crafting_input_4","source_property_name":"#inputCount","target_property_name":"#slot_4"},{"binding_type":"view","source_control_name":"crafting_input_5","source_property_name":"#inputCount","target_property_name":"#slot_5"},{"binding_type":"view","source_control_name":"crafting_input_6","source_property_name":"#inputCount","target_property_name":"#slot_6"},{"binding_type":"view","source_control_name":"crafting_input_7","source_property_name":"#inputCount","target_property_name":"#slot_7"},{"binding_type":"view","source_control_name":"crafting_input_8","source_property_name":"#inputCount","target_property_name":"#slot_8"},{"binding_type":"view","source_control_name":"crafting_input_0","source_property_name":"#isEmpty","target_property_name":"#slot_empty_0"},{"binding_type":"view","source_control_name":"crafting_input_1","source_property_name":"#isEmpty","target_property_name":"#slot_empty_1"},{"binding_type":"view","source_control_name":"crafting_input_2","source_property_name":"#isEmpty","target_property_name":"#slot_empty_2"},{"binding_type":"view","source_control_name":"crafting_input_3","source_property_name":"#isEmpty","target_property_name":"#slot_empty_3"},{"binding_type":"view","source_control_name":"crafting_input_4","source_property_name":"#isEmpty","target_property_name":"#slot_empty_4"},{"binding_type":"view","source_control_name":"crafting_input_5","source_property_name":"#isEmpty","target_property_name":"#slot_empty_5"},{"binding_type":"view","source_control_name":"crafting_input_6","source_property_name":"#isEmpty","target_property_name":"#slot_empty_6"},{"binding_type":"view","source_control_name":"crafting_input_7","source_property_name":"#isEmpty","target_property_name":"#slot_empty_7"},{"binding_type":"view","source_control_name":"crafting_input_8","source_property_name":"#isEmpty","target_property_name":"#slot_empty_8"},{"binding_type":"view","source_property_name":"(((#slot_6 < #slot_0) or (#slot_6 = #slot_0)) or #slot_empty_0)","target_property_name":"#1"},{"binding_type":"view","source_property_name":"(((#slot_6 < #slot_1) or (#slot_6 = #slot_1)) or #slot_empty_1)","target_property_name":"#2"},{"binding_type":"view","source_property_name":"(((#slot_6 < #slot_2) or (#slot_6 = #slot_2)) or #slot_empty_2)","target_property_name":"#3"},{"binding_type":"view","source_property_name":"(((#slot_6 < #slot_3) or (#slot_6 = #slot_3)) or #slot_empty_3)","target_property_name":"#4"},{"binding_type":"view","source_property_name":"(((#slot_6 < #slot_4) or (#slot_6 = #slot_4)) or #slot_empty_4)","target_property_name":"#5"},{"binding_type":"view","source_property_name":"(((#slot_6 < #slot_5) or (#slot_6 = #slot_5)) or #slot_empty_5)","target_property_name":"#6"},{"binding_type":"view","source_property_name":"(((#slot_6 < #slot_7) or (#slot_6 = #slot_7)) or #slot_empty_7)","target_property_name":"#7"},{"binding_type":"view","source_property_name":"(((#slot_6 < #slot_8) or (#slot_6 = #slot_8)) or #slot_empty_8)","target_property_name":"#8"},{"binding_type":"view","source_property_name":"(#1 and #2 and #3 and #4 and #5 and #6 and #7 and #8)","target_property_name":"#visible"}]}},{"7@itemCountSlot":{"$crafting_slot_name":"crafting_input_7","bindings":[{"binding_type":"view","source_control_name":"crafting_input_0","source_property_name":"#inputCount","target_property_name":"#slot_0"},{"binding_type":"view","source_control_name":"crafting_input_1","source_property_name":"#inputCount","target_property_name":"#slot_1"},{"binding_type":"view","source_control_name":"crafting_input_2","source_property_name":"#inputCount","target_property_name":"#slot_2"},{"binding_type":"view","source_control_name":"crafting_input_3","source_property_name":"#inputCount","target_property_name":"#slot_3"},{"binding_type":"view","source_control_name":"crafting_input_4","source_property_name":"#inputCount","target_property_name":"#slot_4"},{"binding_type":"view","source_control_name":"crafting_input_5","source_property_name":"#inputCount","target_property_name":"#slot_5"},{"binding_type":"view","source_control_name":"crafting_input_6","source_property_name":"#inputCount","target_property_name":"#slot_6"},{"binding_type":"view","source_control_name":"crafting_input_7","source_property_name":"#inputCount","target_property_name":"#slot_7"},{"binding_type":"view","source_control_name":"crafting_input_8","source_property_name":"#inputCount","target_property_name":"#slot_8"},{"binding_type":"view","source_control_name":"crafting_input_0","source_property_name":"#isEmpty","target_property_name":"#slot_empty_0"},{"binding_type":"view","source_control_name":"crafting_input_1","source_property_name":"#isEmpty","target_property_name":"#slot_empty_1"},{"binding_type":"view","source_control_name":"crafting_input_2","source_property_name":"#isEmpty","target_property_name":"#slot_empty_2"},{"binding_type":"view","source_control_name":"crafting_input_3","source_property_name":"#isEmpty","target_property_name":"#slot_empty_3"},{"binding_type":"view","source_control_name":"crafting_input_4","source_property_name":"#isEmpty","target_property_name":"#slot_empty_4"},{"binding_type":"view","source_control_name":"crafting_input_5","source_property_name":"#isEmpty","target_property_name":"#slot_empty_5"},{"binding_type":"view","source_control_name":"crafting_input_6","source_property_name":"#isEmpty","target_property_name":"#slot_empty_6"},{"binding_type":"view","source_control_name":"crafting_input_7","source_property_name":"#isEmpty","target_property_name":"#slot_empty_7"},{"binding_type":"view","source_control_name":"crafting_input_8","source_property_name":"#isEmpty","target_property_name":"#slot_empty_8"},{"binding_type":"view","source_property_name":"(((#slot_7 < #slot_0) or (#slot_7 = #slot_0)) or #slot_empty_0)","target_property_name":"#1"},{"binding_type":"view","source_property_name":"(((#slot_7 < #slot_1) or (#slot_7 = #slot_1)) or #slot_empty_1)","target_property_name":"#2"},{"binding_type":"view","source_property_name":"(((#slot_7 < #slot_2) or (#slot_7 = #slot_2)) or #slot_empty_2)","target_property_name":"#3"},{"binding_type":"view","source_property_name":"(((#slot_7 < #slot_3) or (#slot_7 = #slot_3)) or #slot_empty_3)","target_property_name":"#4"},{"binding_type":"view","source_property_name":"(((#slot_7 < #slot_4) or (#slot_7 = #slot_4)) or #slot_empty_4)","target_property_name":"#5"},{"binding_type":"view","source_property_name":"(((#slot_7 < #slot_5) or (#slot_7 = #slot_5)) or #slot_empty_5)","target_property_name":"#6"},{"binding_type":"view","source_property_name":"(((#slot_7 < #slot_6) or (#slot_7 = #slot_6)) or #slot_empty_6)","target_property_name":"#7"},{"binding_type":"view","source_property_name":"(((#slot_7 < #slot_8) or (#slot_7 = #slot_8)) or #slot_empty_8)","target_property_name":"#8"},{"binding_type":"view","source_property_name":"(#1 and #2 and #3 and #4 and #5 and #6 and #7 and #8)","target_property_name":"#visible"}]}},{"8@itemCountSlot":{"$crafting_slot_name":"crafting_input_8","bindings":[{"binding_type":"view","source_control_name":"crafting_input_0","source_property_name":"#inputCount","target_property_name":"#slot_0"},{"binding_type":"view","source_control_name":"crafting_input_1","source_property_name":"#inputCount","target_property_name":"#slot_1"},{"binding_type":"view","source_control_name":"crafting_input_2","source_property_name":"#inputCount","target_property_name":"#slot_2"},{"binding_type":"view","source_control_name":"crafting_input_3","source_property_name":"#inputCount","target_property_name":"#slot_3"},{"binding_type":"view","source_control_name":"crafting_input_4","source_property_name":"#inputCount","target_property_name":"#slot_4"},{"binding_type":"view","source_control_name":"crafting_input_5","source_property_name":"#inputCount","target_property_name":"#slot_5"},{"binding_type":"view","source_control_name":"crafting_input_6","source_property_name":"#inputCount","target_property_name":"#slot_6"},{"binding_type":"view","source_control_name":"crafting_input_7","source_property_name":"#inputCount","target_property_name":"#slot_7"},{"binding_type":"view","source_control_name":"crafting_input_8","source_property_name":"#inputCount","target_property_name":"#slot_8"},{"binding_type":"view","source_control_name":"crafting_input_0","source_property_name":"#isEmpty","target_property_name":"#slot_empty_0"},{"binding_type":"view","source_control_name":"crafting_input_1","source_property_name":"#isEmpty","target_property_name":"#slot_empty_1"},{"binding_type":"view","source_control_name":"crafting_input_2","source_property_name":"#isEmpty","target_property_name":"#slot_empty_2"},{"binding_type":"view","source_control_name":"crafting_input_3","source_property_name":"#isEmpty","target_property_name":"#slot_empty_3"},{"binding_type":"view","source_control_name":"crafting_input_4","source_property_name":"#isEmpty","target_property_name":"#slot_empty_4"},{"binding_type":"view","source_control_name":"crafting_input_5","source_property_name":"#isEmpty","target_property_name":"#slot_empty_5"},{"binding_type":"view","source_control_name":"crafting_input_6","source_property_name":"#isEmpty","target_property_name":"#slot_empty_6"},{"binding_type":"view","source_control_name":"crafting_input_7","source_property_name":"#isEmpty","target_property_name":"#slot_empty_7"},{"binding_type":"view","source_control_name":"crafting_input_8","source_property_name":"#isEmpty","target_property_name":"#slot_empty_8"},{"binding_type":"view","source_property_name":"(((#slot_8 < #slot_0) or (#slot_8 = #slot_0)) or #slot_empty_0)","target_property_name":"#1"},{"binding_type":"view","source_property_name":"(((#slot_8 < #slot_1) or (#slot_8 = #slot_1)) or #slot_empty_1)","target_property_name":"#2"},{"binding_type":"view","source_property_name":"(((#slot_8 < #slot_2) or (#slot_8 = #slot_2)) or #slot_empty_2)","target_property_name":"#3"},{"binding_type":"view","source_property_name":"(((#slot_8 < #slot_3) or (#slot_8 = #slot_3)) or #slot_empty_3)","target_property_name":"#4"},{"binding_type":"view","source_property_name":"(((#slot_8 < #slot_4) or (#slot_8 = #slot_4)) or #slot_empty_4)","target_property_name":"#5"},{"binding_type":"view","source_property_name":"(((#slot_8 < #slot_5) or (#slot_8 = #slot_5)) or #slot_empty_5)","target_property_name":"#6"},{"binding_type":"view","source_property_name":"(((#slot_8 < #slot_6) or (#slot_8 = #slot_6)) or #slot_empty_6)","target_property_name":"#7"},{"binding_type":"view","source_property_name":"(((#slot_8 < #slot_7) or (#slot_8 = #slot_7)) or #slot_empty_7)","target_property_name":"#8"},{"binding_type":"view","source_property_name":"(#1 and #2 and #3 and #4 and #5 and #6 and #7 and #8)","target_property_name":"#visible"}]}}],"size":["100%cm","100%cm"],"type":"panel"},"v_armor_image_feet@v_armor_overlay":{"texture":"textures/ui/v_empty_armor_slot_boots"},"v_armor_overlay":{"$armor_overlay_size|default":[16,16],"bindings":[{"binding_collection_name":"$item_collection_name","binding_name":"#empty_armor_image_visible","binding_name_override":"#visible","binding_type":"collection"}],"layer":2,"size":"$armor_overlay_size","type":"image"},"v_armor_overlay_chest@v_armor_overlay":{"texture":"textures/ui/v_empty_armor_slot_chestplate"},"v_armor_overlay_helmet@v_armor_overlay":{"texture":"textures/ui/v_empty_armor_slot_helmet"},"v_armor_overlay_legs@v_armor_overlay":{"texture":"textures/ui/v_empty_armor_slot_leggings"},"v_armor_overlay_shield@v_offhand_overlay":{"texture":"textures/ui/v_empty_armor_slot_shield"},"v_auto_place_panel@common.root_panel":{"controls":[{"inventory_panel_top_half@$top_half_variant":{"layer":4}},{"inventory_panel_bottom_half@common.inventory_panel_bottom_half":{"$background_images":"crafting.v_container_cell_images","layer":4}},{"hotbar_grid@common.hotbar_grid_template":{"$background_images":"crafting.v_container_cell_images","layer":4}}]},"v_cell_image":{"texture":"textures/ui/v_cell_image","type":"image"},"v_cell_image_classic@crafting.v_cell_image":{"$cell_image_size|default":["default","default"],"bindings":[{"binding_type":"view","resolve_sibling_scope":true,"source_control_name":"$background_image_control_name","source_property_name":"(#container_item_background = 0)","target_property_name":"#visible"}],"size":"$cell_image_size","texture":"textures/ui/v_cell_image"},"v_container_cell_images":{"$cell_images_binding_condition|default":"visible","bindings":[{"binding_collection_name":"$item_collection_name","binding_condition":"$cell_images_binding_condition","binding_name":"#container_item_background","binding_type":"collection"}],"controls":[{"cell_classic@crafting.v_cell_image_classic":{}},{"cell_normal@crafting.cell_image_normal":{}},{"cell_invert@crafting.cell_image_invert":{}},{"cell_red@crafting.cell_image_red":{}},{"cell_selected@crafting.cell_image_selected":{}},{"cell_hint@game_tip.cell_image_classic_hint":{}},{"cell_darkgrey@crafting.cell_image_darkgrey":{}}],"type":"panel"},"v_default_panel@common.root_panel":{"controls":[{"inventory_panel_top_half@$top_half_variant":{"layer":2}},{"inventory_panel_bottom_half@common.inventory_panel_bottom_half":{"$background_images":"crafting.v_container_cell_images","layer":2}},{"hotbar_grid@common.hotbar_grid_template":{"$background_images":"crafting.v_container_cell_images","layer":2}}]},"v_destroy_panel@common.root_panel":{"controls":[{"inventory_panel_top_half@$top_half_variant":{"layer":6}},{"inventory_panel_bottom_half@common.inventory_panel_bottom_half":{"$background_images":"crafting.v_container_cell_images","layer":6}},{"hotbar_grid@common.hotbar_grid_template":{"$background_images":"crafting.v_container_cell_images","layer":6}}]},"v_drop_panel@common.root_panel":{"controls":[{"inventory_panel_top_half@$top_half_variant":{"layer":5}},{"inventory_panel_bottom_half@common.inventory_panel_bottom_half":{"$background_images":"crafting.v_container_cell_images","layer":5}},{"hotbar_grid@common.hotbar_grid_template":{"$background_images":"crafting.v_container_cell_images","layer":5}}]},"v_layout_toggle@common_toggles.light_ui_toggle":{"$button_type_panel":"crafting.recipe_ic","$toggle_name":"layout_toggle"},"v_offhand_overlay":{"$offhand_overlay_size|default":[16,16],"bindings":[{"binding_collection_name":"$item_collection_name","binding_name":"#empty_offhand_image_visible","binding_name_override":"#visible","binding_type":"collection"}],"layer":2,"size":"$offhand_overlay_size","type":"image"},"v_player_inventory":{"controls":[{"default_panel@crafting.v_default_panel":{"$button_ref":"crafting.inventory_container_slot_button","bindings":[{"binding_type":"view","source_control_name":"null_mode","source_property_name":"#toggle_state","target_property_name":"#visible"}]}},{"drop_one_panel@crafting.v_drop_panel":{"$button_ref":"inventory_button_mapping.drop_mode_cmd","bindings":[{"binding_type":"view","source_control_name":"v_drop_one","source_property_name":"#toggle_state","target_property_name":"#visible"}]}},{"destroy_all_panel@crafting.v_destroy_panel":{"$button_ref":"inventory_button_mapping.destroy_mode_cmd","bindings":[{"binding_type":"view","source_control_name":"v_destroy_all","source_property_name":"#toggle_state","target_property_name":"#visible"}]}},{"auto_place_inventory_panel@crafting.v_auto_place_panel":{"$button_ref":"inventory_button_mapping.auto_place_cmd","bindings":[{"binding_type":"view","source_control_name":"v_auto_place_mode","source_property_name":"#toggle_state","target_property_name":"#visible"}]}},{"toolbar_stack_panel":{"anchor_from":"top_left","anchor_to":"top_left","controls":[{"recipe_book_creative":{"bindings":[{"binding_name":"#is_creative_mode","binding_name_override":"#visible","binding_type":"global"}],"controls":[{"recipe_book_cr@crafting.v_layout_toggle":{"$default_border_visible":false,"$default_texture":"textures/ui/default_toggle_button_dark","$focus_id":"creative_layout_toggle","$hover_border_visible":false,"$hover_texture":"textures/ui/hover_toggle_button_dark","$icon_control":"crafting.recipe_book_icon","$locked_texture":"textures/ui/hover_toggle_button_dark","$pressed_no_hover_texture":"textures/ui/hover_toggle_button_dark","$pressed_texture":"textures/ui/hover_toggle_button_dark","$texture":"textures/ui/rcp_ic","$toggle_binding_type":"global","$toggle_default_state":true,"$toggle_group_forced_index":"$creative_layout_index","$toggle_state_binding_name":"#is_creative_layout","size":[30,30]}}],"size":[30,30],"type":"panel"}},{"recipe_book_survival":{"bindings":[{"binding_name":"(not #is_creative_mode)","binding_name_override":"#visible","binding_type":"global"}],"controls":[{"recipe_book_sr@crafting.v_layout_toggle":{"$default_border_visible":false,"$default_texture":"textures/ui/default_toggle_button_dark","$focus_id":"recipe_book_layout_toggle","$hover_border_visible":false,"$hover_texture":"textures/ui/hover_toggle_button_dark","$icon_control":"crafting.recipe_book_icon","$locked_texture":"textures/ui/hover_toggle_button_dark","$pressed_no_hover_texture":"textures/ui/hover_toggle_button_dark","$pressed_texture":"textures/ui/hover_toggle_button_dark","$texture":"textures/ui/rcp_ic","$toggle_binding_type":"global","$toggle_default_state":true,"$toggle_group_forced_index":"$recipe_book_layout_index","$toggle_state_binding_name":"#is_recipe_book_layout","size":[30,30]}}],"size":[30,30],"type":"panel"}},{"hide_recipe_book@crafting.v_layout_toggle":{"$default_border_visible":false,"$default_texture":"textures/ui/default_toggle_button_dark","$hover_border_visible":false,"$hover_texture":"textures/ui/hover_toggle_button_dark","$icon_control":"crafting.inventory_icon","$locked_texture":"textures/ui/hover_toggle_button_dark","$pressed_no_hover_texture":"textures/ui/hover_toggle_button_dark","$pressed_texture":"textures/ui/hover_toggle_button_dark","$texture":"textures/ui/default_ic","$toggle_binding_type":"global","$toggle_group_forced_index":"$survival_layout_index","$toggle_state_binding_name":"#is_survival_layout","size":[30,30]}},{"help_button@common_buttons.light_text_button":{"$button_text":"§f?","$default_button_texture":"textures/ui/default_toggle_button_dark","$focus_border_size":[0,0],"$hover_button_texture":"textures/ui/hover_toggle_button_dark","$locked_button_texture":"textures/ui/hover_toggle_button_dark","$pressed_button_name":"button.help","$pressed_button_texture":"textures/ui/hover_toggle_button_dark","size":[30,30]}}],"offset":[-39,-6],"type":"stack_panel"}},{"inventory_mode":{"anchor_from":"top_right","anchor_to":"top_right","controls":[{"exit@common_buttons.light_text_button":{"$button_text":"§fX","$default_button_texture":"textures/ui/default_toggle_button_dark","$focus_border_size":[0,0],"$hover_button_texture":"textures/ui/hover_toggle_button_dark","$pressed_button_name":"button.menu_exit","$pressed_button_texture":"textures/ui/hover_toggle_button_dark","size":[30,30]}},{"default_mode@ev_template_toggles.inventory_mode":{"$button_type_panel":"button_type.object","$hover_text":"Default","$texture":"textures/ui/default_ic","$toggle_default_state":true,"$toggle_group_forced_index":0,"$toggle_view_binding_name":"null_mode","size":[30,30]}},{"drop_mode@ev_template_toggles.inventory_mode":{"$button_type_panel":"button_type.object","$hover_text":"Drop One","$texture":"textures/ui/drop_ic","$toggle_group_forced_index":2,"$toggle_view_binding_name":"v_drop_one","size":[30,30]}},{"destroy_mode@ev_template_toggles.inventory_mode":{"$button_type_panel":"button_type.object","$hover_text":"Destroy Item","$texture":"textures/ui/destroy_all_ic","$toggle_group_forced_index":22,"$toggle_view_binding_name":"v_destroy_all","bindings":[{"binding_name":"#is_creative_mode","binding_name_override":"#visible","binding_type":"global"}],"size":[30,30]}},{"auto_place_mode@ev_template_toggles.inventory_mode":{"$button_type_panel":"button_type.object","$hover_text":"Auto Place","$texture":"textures/ui/auto_place_ic","$toggle_group_forced_index":3,"$toggle_view_binding_name":"v_auto_place_mode","size":[30,30]}}],"offset":[39,-6],"size":[30,"default"],"type":"stack_panel"}}],"layer":4,"type":"panel"},"v_tab_navigation_panel_layout":{"anchor_from":"top_right","anchor_to":"top_right","controls":[{"panel":{"controls":[{"tab_x":{"anchor_from":"top_left","anchor_to":"top_left","controls":[{"v_construction_tab@crafting.ev_construction_tab":{"size":["100% - 1px",20]}},{"space_x":{"size":[1,1],"type":"panel"}},{"v_equipment_tab@crafting.ev_equipment_tab":{"size":["100% - 1px",20]}},{"space_xx":{"size":[1,1],"type":"panel"}},{"v_items_tab@crafting.ev_items_tab":{"size":["100% - 1px",20]}}],"orientation":"horizontal","size":["33.333%",20],"type":"stack_panel"}},{"tab_xx":{"anchor_from":"bottom_left","anchor_to":"bottom_left","controls":[{"v_nature_tab@crafting.ev_nature_tab":{"size":["100% - 1px",20]}},{"space_x":{"size":[1,1],"type":"panel"}},{"search_tab_holder":{"controls":[{"v_search_tab_end_creative@crafting.ev_search_tab":{"bindings":[{"binding_name":"#is_creative_and_recipe_book_layout","binding_name_override":"#visible","binding_type":"global"}]}},{"v_search_tab_creative@crafting.ev_search_tab":{"$is_right_most_tab":false,"bindings":[{"binding_name":"#is_creative_and_creative_layout","binding_name_override":"#visible","binding_type":"global"}]}},{"v_search_tab_survival@crafting.ev_search_tab":{"bindings":[{"binding_name":"(not #is_creative_mode)","binding_name_override":"#visible","binding_type":"global"}]}}],"size":["100% - 1px",20],"type":"panel"}}],"orientation":"horizontal","size":["50%",20],"type":"stack_panel"}}],"type":"panel"}}],"offset":[0,2],"size":["50% - 122px",41],"type":"panel"},"v_tab_top@common_tabs.base_tab":{"$checked_default_image|default":"textures/ui/hover_toggle_button_dark","$checked_hover_image|default":"textures/ui/hover_toggle_button_dark","$checked_locked_hover_image|default":"textures/ui/hover_toggle_button_dark","$checked_locked_image|default":"textures/ui/hover_toggle_button_dark","$unchecked_default_image":"textures/ui/default_toggle_button_dark","$unchecked_hover_image":"textures/ui/hover_toggle_button_dark","$unchecked_locked_hover_image":"textures/ui/hover_toggle_button_dark","$unchecked_locked_image":"textures/ui/hover_toggle_button_dark"},"v_top_tab@crafting.v_tab_top":{"$allow_controller_back_button_mapping":"$is_ps4","$tab_content":"crafting.empty_tab_panel","$toggle_focus_enabled":false,"$toggle_group_default_selected":"$construction_index","$toggle_name":"navigation_tab"}}