{"arrow_icon":{"size":[18,12],"texture":"textures/ui/v_arrow","type":"image"},"banner_empty_image@loom.item_empty_image":{"texture":"textures/ui/v_loom_banner_empty"},"banner_outline":{"texture":"textures/ui/clear_ui","type":"image"},"center_fold/center_bg":{"texture":"textures/ui/clear_ui"},"dye_empty_image@loom.item_empty_image":{"texture":"textures/ui/v_loom_dye_empty"},"loom_label":{"anchor_from":"top_middle","anchor_to":"top_middle","color":"white","layer":1,"text":"container.loom","type":"label"},"material_item_slot@common.container_item":{"$background_images":"loom.v_cell_image"},"namespace":"loom","pattern_book_panel/bg":{"$dialog_background":"common.v_dialog_background_hollow_3","$ev_bg_alpha":0.8,"$fill_alpha":0,"$show_close_button":false},"pattern_item_empty_image@loom.item_empty_image":{"texture":"textures/ui/v_loom_pattern_item_empty"},"right_panel/common_panel":{"$dialog_background":"common.v_dialog_background_hollow_3","$ev_bg_alpha":0.8,"$fill_alpha":0,"$show_close_button":true},"screen_stack_panel":{"modifications":[{"control_name":"toolbar_anchor","operation":"remove"}]},"v_cell_image":{"layer":1,"texture":"textures/ui/v_cell_image","type":"image"}}