{"button_label":{"controls":[{"label":{"$font_type|default":"default","$shadow|default":true,"$v_color|default":"white","bindings":"$button_bindings","color":"$v_color","font_type":"$font_type","layer":8,"max_size":["100% - 4px","100% - 4px"],"shadow":"$shadow","text":"$button_text","type":"label"}}],"type":"panel"},"button_template_x@common.button":{"controls":[{"default@pause.template_x":{"$default":true,"$default_alpha|default":1,"$default_button_texture|default":"textures/ui/default_toggle_button_dark","alpha":"$default_alpha","layer":1,"texture":"$default_button_texture"}},{"hover@pause.template_x":{"$hover":true,"$hover_button_texture|default":"textures/ui/hover_toggle_button_dark","layer":1,"texture":"$hover_button_texture"}},{"pressed@pause.template_x":{"$pressed":true,"$pressed_button_texture|default":"textures/ui/hover_toggle_button_dark","layer":1,"texture":"$pressed_button_texture"}}]},"empty_panel":{"size":[1,1],"type":"panel"},"music_player_ic":{"size":[12,12],"texture":"textures/ui/music_player_ic","type":"image"},"panel_x":{"anchor_from":"center","anchor_to":"center","controls":[{"settings_button@pause.button_template_x":{"$button_text":"Settings","$pressed_button_name":"button.menu_settings","layer":4,"size":[80,22]}},{"space_1":{"size":[1,1],"type":"panel"}},{"profile_button@pause.button_template_x":{"$button_text":"Profile","$pressed_button_name":"button.to_profile_or_skins_screen","layer":4,"size":[80,22]}},{"space_2":{"size":[1,1],"type":"panel"}},{"infomation_button@pause.button_template_x":{"$button_text":"Information","$pressed_button_name":"button.menu_buy_game","layer":4,"size":[80,22]}}],"offset":[-40.5,18],"size":[80,"default"],"type":"stack_panel"},"panel_xx":{"anchor_from":"center","anchor_to":"center","controls":[{"achievements_button@pause.button_template_x":{"$button_text":"Achievements","$pressed_button_name":"button.menu_achievements","layer":4,"size":[80,22]}},{"space_1":{"size":[1,1],"type":"panel"}},{"store_button@pause.button_template_x":{"$button_text":"Store","$pressed_button_name":"button.menu_store","layer":4,"size":[80,22]}},{"space_2":{"size":[1,1],"type":"panel"}},{"screenshot_button@pause.button_template_x":{"$button_text":"Screenshot","$pressed_button_name":"button.screenshot","layer":4,"size":[80,22],"sound_name":"random.screenshot","sound_pitch":1,"sound_volume":1}}],"offset":[40.5,18],"size":[80,"default"],"type":"stack_panel"},"panel_xxx":{"anchor_from":"center","anchor_to":"center","controls":[{"player_list_button@common_toggles.light_text_toggle_sw_4":{"$button_text":"Player list","$default_border_visible":false,"$default_texture":"textures/ui/default_toggle_button_dark","$hover_border_visible":false,"$hover_texture":"textures/ui/hover_toggle_button_dark","$locked_texture":"textures/ui/hover_toggle_button_dark","$pressed_no_hover_texture":"textures/ui/hover_toggle_button_dark","$pressed_texture":"textures/ui/hover_toggle_button_dark","$shadow":true,"$toggle_group_forced_index":85,"$toggle_name":"truc","$toggle_view_binding_name":"show_player_list_pnl","$v_color":"white","anchor_from":"left_middle","anchor_to":"left_middle","layer":4,"size":[82,24]}},{"quit_button@common_toggles.light_text_toggle_sw_4":{"$button_text":"Save & Quit","$default_border_visible":false,"$default_texture":"textures/ui/default_toggle_button_dark","$hover_border_visible":false,"$hover_texture":"textures/ui/hover_toggle_button_dark","$locked_texture":"textures/ui/hover_toggle_button_dark","$pressed_no_hover_texture":"textures/ui/hover_toggle_button_dark","$pressed_texture":"textures/ui/hover_toggle_button_dark","$shadow":true,"$toggle_group_forced_index":9,"$toggle_name":"xac_nhan_thoat","$toggle_view_binding_name":"exit_world","$v_color":"white","anchor_from":"center","anchor_from":"right_middle","anchor_to":"center","anchor_to":"right_middle","layer":4,"size":[82,24]}}],"offset":[0,64],"size":[163,22],"type":"panel"},"pause_screen@common.base_screen":{"button_mappings":[],"cache_screen":true,"force_render_below":true,"variables":[{"$screen_bg_content":"common.screen_background","$screen_content":"pause.pause_screen_content","requires":"$ignore_edu_pause"},{"$screen_content":"edu_pause.pause_screen_content","requires":"(not $ignore_edu_pause)"}]},"pause_screen_content":{"anchor_from":"top_left","anchor_to":"top_left","controls":[{"root_panel":{"animation_reset_name":"screen_animation_reset","anims":["v_animation.screen_entrance_animation_pop_fade","v_animation.screen_entrance_animation_push_fade","v_animation.screen_exit_animation_pop_fade","v_animation.screen_exit_animation_push_fade","v_animation.screen_entrance_animation_pop_offset","v_animation.screen_entrance_animation_push_offset","v_animation.screen_exit_animation_pop_offset","v_animation.screen_exit_animation_push_offset"],"bindings":[{"binding_type":"view","source_control_name":"open_mod_menu","source_property_name":"(not #toggle_state)","target_property_name":"#visible"}],"controls":[{"panel_x@pause.panel_x":{"bindings":[{"binding_type":"view","source_control_name":"show_player_list_pnl","source_property_name":"(not #toggle_state)","target_property_name":"#visible"}]}},{"panel_xx@pause.panel_xx":{"bindings":[{"binding_type":"view","source_control_name":"show_player_list_pnl","source_property_name":"(not #toggle_state)","target_property_name":"#visible"}]}},{"panel_xxx@pause.panel_xxx":{"bindings":[{"binding_type":"view","source_control_name":"show_player_list_pnl","source_property_name":"(not #toggle_state)","target_property_name":"#visible"}]}},{"play_button@pause.button_template_x":{"$button_text":"Continue","$pressed_button_name":"button.menu_continue","anchor_from":"center","anchor_to":"center","bindings":[{"binding_type":"view","source_control_name":"show_player_list_pnl","source_property_name":"(not #toggle_state)","target_property_name":"#visible"}],"layer":4,"offset":[0,-28],"size":[161,22]}},{"panel_":{"bindings":[{"binding_type":"view","source_control_name":"exit_world","source_property_name":"#toggle_state","target_property_name":"#visible"}],"controls":[{"exit_confirm":{"anchor_from":"center","anchor_to":"center","controls":[{"text":{"anchor_from":"center","anchor_to":"center","font_type":"smooth","layer":33,"offset":[8,0],"size":["55%","default"],"text":"Do you want to exit and save the world?","type":"label"}},{"cancel@common_toggles.light_text_toggle_sw_4":{"$button_text":"Cancel","$default_border_visible":false,"$default_texture":"textures/ui/v_better_gui","$hover_border_visible":false,"$hover_texture":"textures/ui/v_better_gui_hover","$locked_texture":"textures/ui/v_better_gui_hover","$pressed_no_hover_texture":"textures/ui/v_better_gui_hover","$pressed_texture":"textures/ui/v_better_gui_hover","$shadow":false,"$toggle_group_forced_index":10,"$toggle_name":"xac_nhan_thoat","$toggle_view_binding_name":"null","anchor_from":"bottom_left","anchor_to":"bottom_left","layer":16,"offset":[8,-5],"size":[82.8,22.8]}},{"quit@pause.button_template_x":{"$button_text":"Quit","$default_button_texture":"textures/ui/v_better_gui","$font_type":"default","$hover_button_texture":"textures/ui/v_better_gui_hover","$pressed_button_name":"button.menu_quit","$pressed_button_texture":"textures/ui/v_better_gui_hover","$shadow":false,"$v_color":[0.3,0.3,0.3],"anchor_from":"bottom_right","anchor_to":"bottom_right","layer":16,"offset":[-8,-5],"size":[82,22]}}],"layer":15,"size":[185,135],"texture":"textures/ui/v_better_gui_x","type":"image"}}],"layer":10,"offset":[0,18],"size":["100%c","100%c"],"type":"screen"}},{"v_player_list_panel":{"bindings":[{"binding_type":"view","source_control_name":"show_player_list_pnl","source_property_name":"#toggle_state","target_property_name":"#visible"}],"controls":[{"player_list@common_dialogs.v_main_panel_no_buttons":{"$child_control":"pause.info_panel_content_list","$ev_bg_alpha":0.8,"$fill_alpha":0,"$show_close_button":false,"$text_name":"§fPlayer list","layer":22,"size":[210,170]}},{"close_button@common_toggles.light_text_toggle_sw_4":{"$button_text":"X","$default_border_visible":false,"$default_texture":"textures/ui/clear_ui","$hover_border_visible":false,"$hover_texture":"textures/ui/hover_toggle_button_dark","$locked_texture":"textures/ui/hover_toggle_button_dark","$pressed_no_hover_texture":"textures/ui/hover_toggle_button_dark","$pressed_texture":"textures/ui/hover_toggle_button_dark","$shadow":true,"$toggle_group_forced_index":83,"$toggle_name":"truc","$toggle_view_binding_name":"null","$v_color":"white","anchor_from":"top_right","anchor_to":"top_right","layer":99,"size":[20,20]}}],"size":[210,170],"type":"panel"}},{"music_player_base":{"anchor_from":"center","anchor_to":"center","animation_reset_name":"button.music_player_off","anims":["v_animation.music_player_screen","v_animation.music_player_screen_off"],"bindings":[{"binding_type":"view","source_control_name":"show_player_list_pnl","source_property_name":"(not #toggle_state)","target_property_name":"#visible"}],"bindings":[{"binding_type":"view","source_control_name":"show_player_list_pnl","source_property_name":"(not #toggle_state)","target_property_name":"#visible"}],"controls":[{"v_panel_":{"anchor_from":"center","anchor_to":"center","controls":[{"v_music_player@common_dialogs.v_main_panel_no_buttons":{"$child_control":"start.v_music_player","$ev_bg_alpha":1.5,"$fill_alpha":0,"$show_close_button":false,"$text_name":"§fMusic Player","$v_dialog_texture":"textures/ui/hover_toggle_button_dark","layer":500,"size":[185,140]}},{"close@common_buttons.button_template_x":{"$button_text":"X","$default_button_texture":"textures/ui/clear_ui","$pressed_button_name":"button.music_player_off","anchor_from":"top_right","anchor_to":"top_right","layer":505,"size":[20,20]}},{"music_list@common_buttons.button_template_x":{"$button_text":"","$button_type_panel":"start.v_music_list_icon","$default_button_texture":"textures/ui/clear_ui","$pressed_button_name":"button.music_list","anchor_from":"top_right","anchor_to":"top_right","layer":505,"offset":[0,21],"size":[20,20]}}],"size":[185,140],"type":"panel"}},{"v_panel_xx":{"anchor_from":"center","anchor_to":"center","animation_reset_name":"button.music_list_off","anims":["v_animation.music_list","v_animation.music_list_off"],"controls":[{"v_music_player@common_dialogs.v_main_panel_no_buttons":{"$child_control":"start.v_music_list","$ev_bg_alpha":1.5,"$fill_alpha":0,"$show_close_button":false,"$text_name":"§fList","$v_dialog_texture":"textures/ui/hover_toggle_button_dark","layer":97,"size":[115,120]}},{"close@common_buttons.button_template_x":{"$button_text":"X","$default_button_texture":"textures/ui/clear_ui","$pressed_button_name":"button.music_list_off","anchor_from":"top_right","anchor_to":"top_right","layer":98,"size":[20,20]}}],"layer":96,"offset":[0,0],"size":[115,120],"type":"panel"}}],"layer":95,"offset":[0,"-100%"],"size":[230,180],"type":"screen"}},{"music_button@common_buttons.button_template_x":{"$button_type_panel":"pause.music_player_ic","$pressed_button_name":"button.music_player","anchor_from":"bottom_left","anchor_to":"bottom_left","bindings":[{"binding_type":"view","source_control_name":"show_player_list_pnl","source_property_name":"(not #toggle_state)","target_property_name":"#visible"}],"offset":[1,-22],"size":[20,20]}}],"type":"panel"}},{"mod_dialog_panel":{"bindings":[{"binding_type":"view","source_control_name":"open_mod_menu","source_property_name":"#toggle_state","target_property_name":"#visible"}],"controls":[{"select_dialog@common_dialogs.v_main_panel_no_buttons":{"$child_control":"pause.v_mod_menu_scroll","$ev_bg_alpha":0,"$fill_alpha":0,"$show_close_button":false,"$text_name":"","$v_dialog_texture":"textures/ui/clear_ui","anchor_from":"top_left","anchor_to":"top_left","animation_reset_name":"button.evoker_dep_trai","anims":["@v_animation.select_dialog"],"layer":30,"size":[115,170]}},{"content_dialog@common_dialogs.v_main_panel_no_buttons":{"$child_control":"pause.v_mod_menu_scroll","$ev_bg_alpha":0,"$fill_alpha":0,"$show_close_button":false,"$text_name":"","$v_dialog_texture":"textures/ui/clear_ui","anchor_from":"top_right","anchor_to":"top_right","animation_reset_name":"button.evoker_dep_trai","anims":["@v_animation.content_dialog"],"layer":30,"size":[248,170]}},{"close@common_toggles.light_text_toggle_sw_2":{"$button_text":"X","$default_border_visible":false,"$default_texture":"textures/ui/clear_ui","$hover_border_visible":false,"$hover_texture":"textures/ui/hover_toggle_button_dark","$locked_texture":"textures/ui/hover_toggle_button_dark","$pressed_no_hover_texture":"textures/ui/hover_toggle_button_dark","$pressed_texture":"textures/ui/hover_toggle_button_dark","$toggle_group_forced_index":60,"$toggle_view_binding_name":"null","$v_color":"white","anchor_from":"top_right","anchor_to":"top_right","animation_reset_name":"button.evoker_dep_trai","anims":["@v_animation.close_button"],"layer":43,"size":[20,20]}}],"size":[365,170],"type":"panel"}},{"mod@common_toggles.light_text_toggle_sw_2":{"$button_mappings":[{"from_button_id":"button.menu_select","mapping_type":"double_pressed","to_button_id":"button.evoker_dep_trai"}],"$button_text":"M","$default_border_visible":false,"$default_texture":"textures/ui/default_toggle_button_dark","$hover_border_visible":false,"$hover_texture":"textures/ui/hover_toggle_button_dark","$locked_texture":"textures/ui/hover_toggle_button_dark","$pressed_no_hover_texture":"textures/ui/hover_toggle_button_dark","$pressed_texture":"textures/ui/hover_toggle_button_dark","$toggle_group_forced_index":55,"$toggle_view_binding_name":"open_mod_menu","$v_color":"white","anchor_from":"bottom_left","anchor_to":"bottom_left","layer":8,"size":[22,22]}},{"tip":{"anchor_from":"bottom_left","anchor_to":"bottom_left","anims":["@v_animation.wait_x"],"bindings":[{"binding_type":"view","source_control_name":"open_mod_menu","source_property_name":"(not #toggle_state)","target_property_name":"#visible"}],"controls":[{"tip_text":{"anims":["@v_animation.wait_x"],"color":"black","layer":105,"size":["95%","default"],"text":"Double tap to open mod menu","type":"label"}}],"layer":100,"offset":[3,-19],"size":[100,32],"texture":"textures/ui/flyout","type":"image"}}],"layer":1,"size":["100%","100%"],"type":"panel"},"template_x":{"controls":[{"ev@pause.button_label":{}}],"type":"image"},"v_mod_menu_scroll@common.scrolling_panel":{"$scrolling_content":"pause.empty_panel","$show_background":false,"size":["100%","100%"]}}