{"add_friend_button@common_buttons.light_text_button":{"$default_button_texture":"textures/ui/default_toggle_button_dark","$focus_border_size":[0,0],"$hover_button_texture":"textures/ui/hover_toggle_button_dark","$pressed_button_texture":"textures/ui/hover_toggle_button_dark","$v_color":"white"},"add_server_toggle_button@common_toggles.light_text_toggle":{"$default_texture":"textures/ui/default_toggle_button_dark","$focus_border_size":[0,0],"$hover_texture":"textures/ui/hover_toggle_button_dark","$pressed_no_hover_texture":"textures/ui/hover_toggle_button_dark","$pressed_texture":"textures/ui/hover_toggle_button_dark","$v_color":"white"},"additional_server_info_panel/server_info_stack_panel/join_server_button":{"$default_button_texture":"textures/ui/default_toggle_button_dark","$focus_border_size":[0,0],"$hover_button_texture":"textures/ui/hover_toggle_button_dark","$pressed_button_texture":"textures/ui/hover_toggle_button_dark","$v_color":"white"},"create_new_world_button@common_buttons.light_text_button":{"$default_button_texture":"textures/ui/default_toggle_button_dark","$focus_border_size":[0,0],"$hover_button_texture":"textures/ui/hover_toggle_button_dark","$pressed_button_texture":"textures/ui/hover_toggle_button_dark","$v_color":"white"},"join_by_code_button@common_buttons.light_text_button":{"$default_button_texture":"textures/ui/default_toggle_button_dark","$focus_border_size":[0,0],"$hover_button_texture":"textures/ui/hover_toggle_button_dark","$pressed_button_texture":"textures/ui/hover_toggle_button_dark","$v_color":"white"},"legacy_world_item_button@common_buttons.dark_content_button":{"$default_button_texture":"textures/ui/default_toggle_button_dark","$focus_border_size":[0,0],"$hover_button_texture":"textures/ui/hover_toggle_button_dark","$pressed_button_texture":"textures/ui/hover_toggle_button_dark","$v_color":"white"},"local_world_edit_button@common_buttons.dark_glyph_button":{"$default_button_texture":"textures/ui/default_toggle_button_dark","$focus_border_size":[0,0],"$hover_button_texture":"textures/ui/hover_toggle_button_dark","$pressed_button_texture":"textures/ui/hover_toggle_button_dark","$v_color":"white"},"local_world_item_button@common_buttons.dark_content_button":{"$default_button_texture":"textures/ui/default_toggle_button_dark","$focus_border_size":[0,0],"$hover_button_texture":"textures/ui/hover_toggle_button_dark","$pressed_button_texture":"textures/ui/hover_toggle_button_dark","$v_color":"white"},"network_server_world_edit_button@common_buttons.dark_glyph_button":{"$default_button_texture":"textures/ui/default_toggle_button_dark","$focus_border_size":[0,0],"$hover_button_texture":"textures/ui/hover_toggle_button_dark","$pressed_button_texture":"textures/ui/hover_toggle_button_dark","$v_color":"white"},"network_world_item_button@common_buttons.dark_content_button":{"$default_button_texture":"textures/ui/default_toggle_button_dark","$focus_border_size":[0,0],"$hover_button_texture":"textures/ui/hover_toggle_button_dark","$pressed_button_texture":"textures/ui/hover_toggle_button_dark","$v_color":"white"},"play_screen@common.base_screen":{"$screen_animations":["@common.container_screen_exit_animation_push","@common.container_screen_exit_animation_pop","@common.container_screen_entrance_animation_push","@common.container_screen_entrance_animation_pop","@common.screen_exit_animation_push_fade","@common.screen_exit_animation_pop_fade","@common.screen_entrance_animation_push_fade","@common.screen_entrance_animation_pop_fade"],"$screen_bg_content":"custom_background.background_x","$screen_content":"play.v_root_panel"},"screenshots_section_panel/navigation_panel/left_arrow_button":{"$default_button_texture":"textures/ui/default_toggle_button_dark","$focus_border_size":[0,0],"$hover_button_texture":"textures/ui/hover_toggle_button_dark","$pressed_button_texture":"textures/ui/hover_toggle_button_dark","$v_color":"white"},"screenshots_section_panel/navigation_panel/right_arrow_button":{"$default_button_texture":"textures/ui/default_toggle_button_dark","$focus_border_size":[0,0],"$hover_button_texture":"textures/ui/hover_toggle_button_dark","$pressed_button_texture":"textures/ui/hover_toggle_button_dark","$v_color":"white"},"server_toggle_base@common_toggles.dark_image_toggle_collection":{"$default_texture":"textures/ui/default_toggle_button_dark","$focus_border_size":[0,0],"$hover_texture":"textures/ui/hover_toggle_button_dark","$pressed_no_hover_texture":"textures/ui/hover_toggle_button_dark","$pressed_texture":"textures/ui/hover_toggle_button_dark","$v_color":"white"},"third_party_server_info_panel/server_info_stack_panel/join_server_button":{"$default_button_texture":"textures/ui/default_toggle_button_dark","$focus_border_size":[0,0],"$hover_button_texture":"textures/ui/hover_toggle_button_dark","$pressed_button_texture":"textures/ui/hover_toggle_button_dark","$v_color":"white"},"v_common_navigation_tab_content":{"controls":[{"icon_section":{"anchor_from":"left_middle","anchor_to":"left_middle","offset":[4,0],"size":[12,12],"texture":"$tab_icon","type":"image"}},{"cout_text_panel":{"anchor_from":"center","anchor_to":"center","controls":[{"text_panel":{"controls":[{"cout_text":{"color":"white","layer":100,"text":"$tab_text_name","type":"label"}}],"size":["100%c + 2px","100%c + 2px"],"texture":"textures/ui/clear_ui","type":"image"}},{"space_x":{"size":[1.5,1.5],"type":"panel"}},{"cont_panel":{"alpha":0.3,"controls":[{"cout_text":{"bindings":[{"binding_name":"$count_text_name"}],"color":"white","layer":100,"text":"$count_text_name","type":"label"}}],"size":["100%c + 6px","100%c + 2px"],"texture":"textures/ui/v_dark_dialog","type":"image"}}],"offset":[0,2],"orientation":"horizontal","size":["default",16],"type":"stack_panel"}}],"size":["100%","100%"],"type":"panel"},"v_content":{"controls":[{"worlds_tab_content_panel":{"bindings":[{"binding_type":"view","source_control_name":"world_navigation_tab_toggle","source_property_name":"#toggle_state","target_property_name":"#visible"}],"controls":[{"content@play.worlds_scroll_content":{}}],"type":"panel"}},{"friends_tab_content_panel":{"bindings":[{"binding_type":"view","source_control_name":"friends_navigation_tab_toggle","source_property_name":"#toggle_state","target_property_name":"#visible"}],"controls":[{"content@play.friends_scroll_content":{}}],"type":"panel"}},{"server_tab_content_panel":{"bindings":[{"binding_type":"view","source_control_name":"server_navigation_tab_toggle","source_property_name":"#toggle_state","target_property_name":"#visible"}],"controls":[{"content@play.server_scroll_content":{}}],"type":"panel"}}],"size":["100%","100%"],"type":"panel"},"v_root_panel":{"controls":[{"v_play_screen@common_dialogs.v_main_panel_no_buttons":{"$child_control":"play.v_content","$ev_bg_alpha":0.8,"$fill_alpha":0,"$show_close_button":true,"anchor_from":"top_middle","anchor_to":"top_middle","offset":[0,2],"size":["100% - 10px","100% - 28px"]}},{"tab_panel":{"anchor_from":"bottom_middle","anchor_to":"bottom_middle","controls":[{"world_tab@play.v_top_tab":{"$count_text_name":"#world_item_count","$is_left_most_tab":true,"$tab_content":"play.v_common_navigation_tab_content","$tab_icon":"textures/ui/worldsIcon","$tab_text_name":"selectWorld.tab.worlds","$tab_view_binding_name":"world_navigation_tab_toggle","$toggle_group_forced_index":0,"size":["33%",24]}},{"space_x":{"size":[2,2],"type":"panel"}},{"friends_tab@play.v_top_tab":{"$count_text_name":"#friend_world_item_count","$tab_content":"play.v_common_navigation_tab_content","$tab_icon":"textures/ui/FriendsIcon","$tab_text_name":"selectWorld.tab.friends","$tab_view_binding_name":"friends_navigation_tab_toggle","$toggle_group_forced_index":1,"$visibility_binding_override_name":"#friends_tab_show_bouncing","$visibility_binding_override_name_nobounce":"#friends_tab_show_not_bouncing","$visibility_binding_override_name_notification":"#friends_tab_show_invites","size":["33%",24]}},{"space_xx":{"size":[2,2],"type":"panel"}},{"server_tab@play.v_top_tab":{"$count_text_name":"#server_world_item_count","$tab_content":"play.v_common_navigation_tab_content","$tab_icon":"textures/ui/servers","$tab_text_name":"selectWorld.tab.thirdParty","$tab_view_binding_name":"server_navigation_tab_toggle","$toggle_group_forced_index":2,"size":["33%",24]}}],"orientation":"horizontal","size":["100%",24],"type":"stack_panel"}},{"popup_dialog_factory":{"control_ids":{"high_ping_warning":"@play.popup_dialog_high_ping","join_by_code":"@play.popup_dialog_join_by_code"},"type":"factory"}}],"layer":1,"type":"panel"},"v_tab_top@common_tabs.base_tab":{"$checked_default_image|default":"textures/ui/hover_toggle_button_dark","$checked_hover_image|default":"textures/ui/hover_toggle_button_dark","$checked_locked_hover_image|default":"textures/ui/hover_toggle_button_dark","$checked_locked_image|default":"textures/ui/hover_toggle_button_dark","$unchecked_default_image":"textures/ui/default_toggle_button_dark","$unchecked_hover_image":"textures/ui/hover_toggle_button_dark","$unchecked_locked_hover_image":"textures/ui/hover_toggle_button_dark","$unchecked_locked_image":"textures/ui/hover_toggle_button_dark"},"v_top_tab@play.v_tab_top":{"$radio_toggle_group":true,"$toggle_group_default_selected":"$default_tab","$toggle_name":"navigation_tab","$toggle_tts_enabled_binding_type":"global","$toggle_tts_index_priority":1002,"$toggle_tts_toggle_off_text":"","$toggle_tts_toggle_on_text":"","$toggle_tts_type_priority":1001,"anchor_from":"top_left","anchor_to":"top_left"}}