{"nether_loading_progress_screen@world_loading_progress_screen":{"$bg_texture":"textures/ui/custom_background/nether","$screen_bg_content":"progress.v_bg"},"overworld_loading_progress_screen@world_loading_progress_screen":{"$screen_bg_content":"custom_background.background_x"},"progress_screen@common.base_screen":{"$screen_bg_content":"custom_background.background_x"},"theend_loading_progress_screen@world_loading_progress_screen":{"$bg_texture":"textures/ui/custom_background/theend","$screen_bg_content":"progress.v_bg"},"v_bg":{"fill":true,"size":["120%","120%"],"texture":"$bg_texture","type":"image"},"v_panel":{"anchor_from":"bottom_middle","anchor_to":"bottom_middle","controls":[{"progress_title_text@progress.progress_title_text":{"anchor_from":"top_left","anchor_to":"top_left","color":"white","offset":[2,2]}},{"progress_bar_text@progress.progress_bar_text":{"anchor_from":"top_left","anchor_to":"top_left","localize":false,"max_size":["100% - 8px",40],"offset":[2,14],"size":["default",40]}},{"fancy_progress_loading_bars":{"anchor_from":"bottom_left","anchor_to":"bottom_left","bindings":[{"binding_name":"#loading_bar_visible","binding_name_override":"#visible"}],"controls":[{"full_progress_bar_icon@achievement.full_progress_bar_icon_base":{"bindings":[{"binding_name":"#loading_bar_percentage","binding_name_override":"#clip_ratio"}],"layer":2}},{"empty_progress_bar_icon@achievement.empty_progress_bar_icon":{"layer":1}}],"layer":5,"offset":[0,-2],"size":["100% - 2px",5],"type":"panel"}},{"cancel_button@common_buttons.button_template_x":{"$button_text":"Cancel","$button_text_binding_type":"global","$pressed_button_name":"button.menu_exit","anchor_from":"center","anchor_to":"center","bindings":[{"binding_name":"#cancel_visible","binding_name_override":"#visible"}],"offset":[0,0],"size":[66,26]}}],"size":["100%",40],"texture":"textures/ui/default_toggle_button_dark","type":"image"},"v_panel_xx":{"anchor_from":"bottom_middle","anchor_to":"bottom_middle","controls":[{"progress_title_text@progress.progress_title_text":{"anchor_from":"top_left","anchor_to":"top_left","color":"white","offset":[2,2]}},{"progress_bar_text@progress.progress_bar_text":{"anchor_from":"top_left","anchor_to":"top_left","localize":false,"max_size":["100% - 8px",40],"offset":[2,14],"size":["default",40]}},{"fancy_progress_loading_bars":{"anchor_from":"bottom_left","anchor_to":"bottom_left","bindings":[{"binding_name":"#loading_bar_visible","binding_name_override":"#visible"}],"controls":[{"full_progress_bar_icon@achievement.full_progress_bar_icon_base":{"bindings":[{"binding_name":"#loading_bar_percentage","binding_name_override":"#clip_ratio"}],"layer":2}},{"empty_progress_bar_icon@achievement.empty_progress_bar_icon":{"layer":1}}],"layer":5,"offset":[0,-2],"size":["100% - 2px",5],"type":"panel"}},{"cancel_button@common_buttons.button_template_x":{"$button_text":"Cancel","$button_text_binding_type":"global","$pressed_button_name":"button.menu_exit","anchor_from":"center","anchor_to":"center","bindings":[{"binding_name":"#cancel_visible","binding_name_override":"#visible"}],"size":[66,26]}},{"abort_button@common_buttons.button_template_x":{"$button_text":"gui.cancel","$pressed_button_name":"button.menu_exit","anchor_from":"center","anchor_to":"center","bindings":[{"binding_name":"#retry_and_abort_visible","binding_name_override":"#visible"}],"size":[66,26]}},{"retry_button@common_buttons.button_template_x":{"$button_text":"gui.retry","$pressed_button_name":"button.menu_retry","anchor_from":"center","anchor_to":"center","bindings":[{"binding_name":"#retry_and_abort_visible","binding_name_override":"#visible"}],"size":[66,26]}}],"size":["100%",40],"texture":"textures/ui/default_toggle_button_dark","type":"image"},"world_convert_modal_progress_screen_content":{"modifications":[{"control_name":"mobile_data_icon","operation":"remove"},{"control_name":"title_panel_content","operation":"remove"},{"control_name":"world_modal_progress_panel","operation":"remove"},{"array_name":"controls","operation":"insert_front","value":[{"v_panel@progress.v_panel":{"$modal_button_panel_type":"progress.modal_button_panel"}}]}]},"world_save_modal_progress_screen_content":{"modifications":[{"control_name":"save_icon","operation":"remove"},{"control_name":"title_panel_content","operation":"remove"},{"control_name":"world_modal_progress_panel","operation":"remove"},{"array_name":"controls","operation":"insert_front","value":[{"v_panel@progress.v_panel_xx":{}}]}]}}