{"item_dropper_label":{"anchor_from":"top_middle","anchor_to":"top_middle","color":"white","layer":2,"offset":[0,5],"text":"$container_title","type":"label"},"namespace":"redstone","panel/root_panel":{"modifications":[{"array_name":"controls","operation":"insert_front","value":[{"auto_place_panel":{"$button_ref":"inventory_button_mapping.auto_place_cmd","bindings":[{"binding_type":"view","source_control_name":"v_auto_place_mode","source_property_name":"#toggle_state","target_property_name":"#visible"}],"controls":[{"red_panel@redstone.redstone_panel_top_half":{}},{"red_bottom_half@common.inventory_panel_bottom_half_with_label":{}},{"hotbar_grid@common.hotbar_grid_template":{}},{"red_hold_icon@common.inventory_take_progress_icon_button":{}}],"layer":6,"type":"panel"}},{"drop_one_panel":{"$button_ref":"inventory_button_mapping.drop_mode_cmd","bindings":[{"binding_type":"view","source_control_name":"v_drop","source_property_name":"#toggle_state","target_property_name":"#visible"}],"controls":[{"red_panel@redstone.redstone_panel_top_half":{}},{"red_bottom_half@common.inventory_panel_bottom_half_with_label":{}},{"hotbar_grid@common.hotbar_grid_template":{}},{"red_hold_icon@common.inventory_take_progress_icon_button":{}}],"layer":7,"type":"panel"}},{"search_bar_panel":{"bindings":[{"binding_type":"view","source_control_name":"v_search_bar","source_property_name":"#toggle_state","target_property_name":"#visible"}],"controls":[{"ccac@redstone.v_redstone":{}},{"cccac@chest.v_hotbar_grid":{}},{"cccaccac@chest.v_chest_x":{}}],"layer":5,"type":"panel"}},{"inventory_mode":{"anchor_from":"top_right","anchor_to":"top_right","controls":[{"default_mode@ev_template_toggles.inventory_mode":{"$button_type_panel":"button_type.object","$hover_text":"Default","$texture":"textures/ui/default_ic","$toggle_default_state":true,"$toggle_group_forced_index":0,"$toggle_view_binding_name":"null_mode","size":[30,30]}},{"drop_one_mode@ev_template_toggles.inventory_mode":{"$button_type_panel":"button_type.object","$hover_text":"Drop One","$texture":"textures/ui/drop_ic","$toggle_group_forced_index":2,"$toggle_view_binding_name":"v_drop","size":[30,30]}},{"auto_place_mode@ev_template_toggles.inventory_mode":{"$button_type_panel":"button_type.object","$hover_text":"Auto Place","$texture":"textures/ui/auto_place_ic","$toggle_group_forced_index":3,"$toggle_view_binding_name":"v_auto_place_mode","size":[30,30]}}],"offset":[31,0],"size":[30,"default"],"type":"stack_panel"}},{"search_bar@common.text_edit_box":{"$place_holder_text":"Search Items...","$text_background_default":"common.v_edit_box_indent","$text_background_hover":"common.v_edit_box_indent_hover","$text_edit_text_control":"u865-def-754b-3cd5","anchor_from":"top_left","anchor_to":"top_left","max_length":100,"offset":[0,-19],"size":[156,18]}},{"clear_search_bar@common_toggles.light_text_toggle":{"$button_text":"§f-","$default_border_visible":false,"$default_texture":"textures/ui/default_toggle_button_dark","$hover_border_visible":false,"$hover_texture":"textures/ui/default_toggle_button_dark","$pressed_no_hover_texture":"textures/ui/hover_toggle_button_dark","$pressed_texture":"textures/ui/default_toggle_button_dark","$toggle_name":"ak-efbe65-u865-def-65a4b-3cd9","$toggle_view_binding_name":"dk-efbe65-u865-def-754b-3cd8","anchor_from":"top_right","anchor_to":"top_right","layer":1,"offset":[0,-20],"size":[20,20]}}]}]},"panel/root_panel/common_panel":{"$dialog_background":"common.v_dialog_background_hollow_3","$ev_bg_alpha":0.8,"$fill_alpha":0},"panel/root_panel/redstone_screen_inventory":{"bindings":[{"binding_type":"view","source_control_name":"null_mode","source_property_name":"#toggle_state","target_property_name":"#visible"}]},"v_redstone":{"anchor_from":"top_left","anchor_to":"top_left","controls":[{"redstone_input_grid":{"$item_collection":"container_items","anchor_from":"center","anchor_to":"center","collection_name":"container_items","grid_dimensions":"$grid_dimensions","grid_item_template":"chest.template_x","offset":"$grid_offset","type":"grid"}}],"offset":[0,7],"size":["100%","50% - 12px"],"type":"panel"}}