{"available_packs_title_button@common_buttons.light_content_button":{"$default_button_texture":"textures/ui/default_toggle_button_dark","$focus_border_size":[0,0],"$hover_button_texture":"textures/ui/hover_toggle_button_dark","$locked_button_texture":"textures/ui/locked_toggle_button_dark","$pressed_button_texture":"textures/ui/hover_toggle_button_dark"},"down_arrow_image":{"color":"white"},"realms_packs_title_button@common_buttons.light_content_button":{"$default_button_texture":"textures/ui/default_toggle_button_dark","$focus_border_size":[0,0],"$hover_button_texture":"textures/ui/hover_toggle_button_dark","$locked_button_texture":"textures/ui/locked_toggle_button_dark","$pressed_button_texture":"textures/ui/hover_toggle_button_dark"},"resource_packs_section_toggle_base@common_toggles.light_ui_toggle":{"$default_border_visible":false,"$default_texture":"textures/ui/default_toggle_button_dark","$hover_border_visible":false,"$hover_texture":"textures/ui/hover_toggle_button_dark","$locked_texture":"textures/ui/hover_toggle_button_dark","$pressed_no_hover_texture":"textures/ui/hover_toggle_button_dark","$pressed_texture":"textures/ui/hover_toggle_button_dark"},"resource_packs_toggle_button_control/tab_button_text":{"color":"white"},"selected_pack_minus_button@resource_packs.selected_pack_movement_button":{"$button_text":"$button.remove","$button_type_panel":"common_toggles.template_toggle_txt_sw2"},"selected_pack_movement_button@common_buttons.light_glyph_button":{"$default_button_texture":"textures/ui/default_toggle_button_dark","$focus_border_size":[0,0],"$hover_button_texture":"textures/ui/hover_toggle_button_dark","$locked_button_texture":"textures/ui/locked_toggle_button_dark","$pressed_button_texture":"textures/ui/hover_toggle_button_dark"},"selected_pack_plus_button@resource_packs.selected_pack_movement_button":{"$button_text":"$button.remove","$button_type_panel":"common_toggles.template_toggle_txt_sw2"},"selected_packs_title_button@common_buttons.light_content_button":{"$default_button_texture":"textures/ui/default_toggle_button_dark","$focus_border_size":[0,0],"$hover_button_texture":"textures/ui/hover_toggle_button_dark","$locked_button_texture":"textures/ui/locked_toggle_button_dark","$pressed_button_texture":"textures/ui/hover_toggle_button_dark"},"selected_packs_title_content/count":{"color":"white"},"selected_packs_title_content/minus_panel/minus":{"color":"white"},"selected_packs_title_content/plus_panel/plus":{"color":"white"},"selected_packs_title_content/selected_packs_title_label":{"color":"white"},"unowned_packs_title_button@common_buttons.light_content_button":{"$default_button_texture":"textures/ui/default_toggle_button_dark","$focus_border_size":[0,0],"$hover_button_texture":"textures/ui/hover_toggle_button_dark","$locked_button_texture":"textures/ui/locked_toggle_button_dark","$pressed_button_texture":"textures/ui/hover_toggle_button_dark"},"up_arrow_image":{"color":"white"}}