{"namespace":"settings","section_content_panels/general_and_controls_sections/language_section":{"ignored":false},"selector_stack_panel":{"modifications":[{"array_name":"controls","operation":"insert_front","value":[{"v_quick_setting":{"controls":[{"x@settings.toggle_template_x":{"$button_text":"First","$toggle_group_forced_index":1,"$toggle_name":"#thirdperson_radio_first","$toggle_view_binding_name":"null","size":["33%",30]}},{"xx@settings.toggle_template_x":{"$button_text":"Back","$toggle_group_forced_index":2,"$toggle_name":"#thirdperson_radio_third_back","$toggle_view_binding_name":"none","size":["33%",30]}},{"xxx@settings.toggle_template_x":{"$button_text":"Front","$toggle_group_forced_index":3,"$toggle_name":"#thirdperson_radio_third_front","$toggle_view_binding_name":"nothing","size":["33%",30]}}],"ignored":"(not $include_controls_and_settings_sections)","orientation":"horizontal","size":["100%",30],"type":"stack_panel"}},{"space_x":{"size":[2,2],"type":"panel"}},{"option_toggle_hidehud_1@settings_common.option_toggle":{"$option_binding_name":"#hide_hud","$option_enabled_binding_name":"#hide_hud_enabled","$option_label":"§fHide Hud","$toggle_name":"hide_hud","ignored":"(not $include_controls_and_settings_sections)"}},{"split_controls@settings_common.option_toggle":{"$option_binding_name":"#split_controls","$option_enabled_binding_name":"#split_controls_enabled","$option_label":"options.usetouchpad","$toggle_name":"split_controls","ignored":"(not $include_controls_and_settings_sections)"}},{"fov_slider@settings_common.option_slider":{"$label_bindings":[{"binding_name":"$option_label"}],"$option_enabled_binding_name":"#field_of_view_enabled","$option_label":"#field_of_view_slider_label","$slider_name":"field_of_view","$slider_tts_text_value":"#field_of_view_text_value","$slider_value_binding_name":"#field_of_view","ignored":"(not $include_controls_and_settings_sections)"}}]}]},"selector_stack_panel/accessibility_button":{"$toggle_group_forced_index":367},"selector_stack_panel/controls_and_settings_selector_pane/language_button":{"ignored":false},"selector_stack_panel/controls_and_settings_selector_pane/video_button":{"$toggle_group_forced_index":365},"toggle_template_x@common_toggles.light_ui_toggle":{"$button_type_panel":"settings.v_button_label","$default_border_visible":false,"$default_texture":"textures/ui/default_toggle_button_dark","$hover_border_visible":false,"$hover_texture":"textures/ui/default_toggle_button_dark","$locked_texture":"textures/ui/hover_toggle_button_dark","$pressed_no_hover_texture":"textures/ui/hover_toggle_button_dark","$pressed_texture":"textures/ui/hover_toggle_button_dark","$radio_toggle_group":true,"$toggle_group_default_selected":0,"$toggle_name":"evoker_xau_trai_vl"},"v_button_label":{"layer":2,"text":"$button_text","text_alignment":"center","type":"label"}}