{"arrow_icon":{"size":[18,12],"texture":"textures/ui/v_arrow","type":"image"},"namespace":"smithing_table_2","smithing_input_image_armors@smithing_table_2.smithing_image":{"texture":"textures/ui/v_armors_slot_overlay","uv":"@smithing_table_2.armors_animation","uv_size":[16,16]},"smithing_input_image_armors_and_tools@smithing_table_2.smithing_image":{"texture":"textures/ui/v_armors_and_tools_slot_overlay","uv":"@smithing_table_2.armors_and_tools_animation","uv_size":[16,16]},"smithing_input_image_templates@smithing_table_2.smithing_image":{"texture":"textures/ui/v_templates_slot_overlay","uv":"@smithing_table_2.templates_animation","uv_size":[16,16]},"smithing_material_image_all@smithing_table_2.smithing_image":{"texture":"textures/ui/v_smithing_material_slot_overlay","uv":"@smithing_table_2.all_materials_animation","uv_size":[16,16]},"smithing_material_image_ingot@smithing_table_2.smithing_image":{"texture":"textures/ui/v_ingot_image"},"smithing_table_panel/root_panel":{"modifications":[{"control_name":"toolbar_anchor","operation":"remove"}]},"smithing_table_panel/root_panel/common_panel":{"$dialog_background":"common.v_dialog_background_hollow_3","$ev_bg_alpha":0.8,"$fill_alpha":0,"$show_close_button":true},"upgrade_label":{"anchor_from":"center","anchor_to":"center","color":"white","layer":1,"offset":["30%",0],"size":["80%","30%"],"text":"container.smithing_table.upgrade","type":"label"}}