{"arrow_icon":{"size":[18,12],"texture":"textures/ui/v_arrow","type":"image"},"ingot_image@smithing_table.smithing_image":{"anchor_from":"top_left","anchor_to":"top_left","layer":1,"offset":[1,1],"size":[16,16],"texture":"textures/ui/v_ingot_image"},"namespace":"smithing_table","plus_sign_icon":{"size":[13,13],"texture":"textures/ui/v_anvil-plus","type":"image"},"smithing_table_panel/root_panel/common_panel":{"$dialog_background":"common.v_dialog_background_hollow_3","$ev_bg_alpha":0.8,"$fill_alpha":0},"upgrade_label":{"anchor_from":"center","anchor_to":"center","color":"white","layer":1,"offset":["30%",0],"size":["80%","30%"],"text":"container.smithing_table.upgrade","type":"label"}}