{"evoker_texture":{"size":[13,13],"texture":"textures/ui/v_evoker","type":"image"},"invite_texture":{"size":[14,14],"texture":"textures/ui/v_invite","type":"image"},"namespace":"start","nofication":{"layer":305,"offset":[0,-12],"size":["100%","default"],"text":"This version no longer supports pocket UI. Please go to the settings and switch to the classic UI.\nClick the button below to switch to the classic user interface.","type":"label"},"setting_texture":{"size":[12,12],"texture":"textures/ui/v_setting","type":"image"},"skin_texture":{"size":[12,12],"texture":"textures/ui/v_skin","type":"image"},"start_screen@common.base_screen":{"$screen_bg_content":"custom_background.background_x","$screen_content":"start.v_content"},"v_content":{"controls":[{"base":{"animation_reset_name":"button.v_panel_back","anims":["@v_animation.start_panel","@v_animation.start_panel_off"],"controls":[{"gamertag":{"$e_from":[70,40],"$e_to":[0,0],"$easing":"out_cubic","$exit_easing":"in_cubic","$exit_from":[0,0],"$exit_to":[70,40],"animation_reset_name":"screen_animation_reset","anims":["v_animation.entrance_push","v_animation.entrance_pop","v_animation.exit_pop","v_animation.exit_push"],"controls":[{"avatar":{"anchor_from":"top_left","anchor_to":"top_left","bindings":[{"binding_name":"#gamerpic_texture_path","binding_name_override":"#texture"},{"binding_name":"#gamerpic_texture_location_type","binding_name_override":"#texture_file_system"}],"layer":8,"size":[15,15],"type":"image"}},{"panel_2":{"anchor_from":"top_left","anchor_to":"top_left","controls":[{"text":{"bindings":[{"binding_name":"#gamertag_label"}],"font_type":"smooth","layer":8,"shadow":true,"text":"#gamertag_label","type":"label"}}],"offset":[15,0],"size":["100%c + 7px","100%c + 5px"],"texture":"textures/ui/default_toggle_button_dark","type":"image"}}],"layer":99,"type":"panel"}},{"version_pack":{"$e_from":[-70,-40],"$e_to":[0,0],"$easing":"out_cubic","$exit_easing":"in_cubic","$exit_from":[0,0],"$exit_to":[-70,-40],"anchor_from":"bottom_right","anchor_to":"bottom_right","animation_reset_name":"screen_animation_reset","anims":["v_animation.entrance_push","v_animation.entrance_pop","v_animation.exit_pop","v_animation.exit_push"],"layer":10,"shadow":true,"text":"Evoker UI Pack v4","type":"label"}},{"version":{"$e_from":[70,-40],"$e_to":[0,0],"$easing":"out_cubic","$exit_easing":"in_cubic","$exit_from":[0,0],"$exit_to":[70,-40],"anchor_from":"bottom_left","anchor_to":"bottom_left","animation_reset_name":"screen_animation_reset","anims":["v_animation.entrance_push","v_animation.entrance_pop","v_animation.exit_pop","v_animation.exit_push"],"bindings":[{"binding_name":"#version"}],"layer":10,"shadow":true,"text":"#version","type":"label"}},{"music_player_base":{"anchor_from":"center","anchor_to":"center","animation_reset_name":"button.music_player_off","anims":["@v_animation.music_player_screen","@v_animation.music_player_screen_off"],"controls":[{"v_panel_":{"anchor_from":"center","anchor_to":"center","controls":[{"v_music_player@common_dialogs.v_main_panel_no_buttons":{"$child_control":"start.v_music_player","$ev_bg_alpha":1.5,"$fill_alpha":0,"$show_close_button":false,"$text_name":"§fMusic Player","$v_dialog_texture":"textures/ui/hover_toggle_button_dark","layer":500,"size":[185,140]}},{"close@common_buttons.button_template_x":{"$button_text":"X","$default_button_texture":"textures/ui/clear_ui","$pressed_button_name":"button.music_player_off","anchor_from":"top_right","anchor_to":"top_right","layer":505,"size":[20,20]}},{"music_list@common_buttons.button_template_x":{"$button_text":"","$button_type_panel":"start.v_music_list_icon","$default_button_texture":"textures/ui/clear_ui","$pressed_button_name":"button.music_list","anchor_from":"top_right","anchor_to":"top_right","layer":505,"offset":[0,21],"size":[20,20]}}],"size":[185,140],"type":"panel"}},{"v_panel_xx":{"anchor_from":"center","anchor_to":"center","animation_reset_name":"button.music_list_off","anims":["v_animation.music_list","v_animation.music_list_off"],"controls":[{"v_music_player@common_dialogs.v_main_panel_no_buttons":{"$child_control":"start.v_music_list","$ev_bg_alpha":1.5,"$fill_alpha":0,"$show_close_button":false,"$text_name":"§fList","$v_dialog_texture":"textures/ui/hover_toggle_button_dark","layer":97,"size":[115,120]}},{"close@common_buttons.button_template_x":{"$button_text":"X","$default_button_texture":"textures/ui/clear_ui","$pressed_button_name":"button.music_list_off","anchor_from":"top_right","anchor_to":"top_right","layer":98,"size":[20,20]}}],"layer":96,"offset":[0,0],"size":[115,120],"type":"panel"}}],"layer":95,"offset":[0,"-100%"],"size":[230,180],"type":"screen"}},{"bottom_panel":{"alpha":0.4,"anchor_from":"bottom_middle","anchor_to":"bottom_middle","animation_reset_name":"button.v_panel_off","anims":["@v_animation.panel","@v_animation.panel_off"],"controls":[{"stack_panel":{"controls":[{"music_player_button@common_buttons.button_template_x":{"$button_text":"","$button_type_panel":"pause.music_player_ic","$pressed_button_name":"button.music_player","layer":9,"size":[22,22]}},{"panel":{"size":[2,2],"type":"panel"}},{"invite_button@common_buttons.button_template_x":{"$button_text":"","$button_type_panel":"start.invite_texture","$pressed_button_name":"button.menu_invite_notification","layer":9,"size":[22,22]}},{"panel_x":{"size":[2,2],"type":"panel"}},{"skin_button@common_buttons.button_template_x":{"$button_text":"","$button_type_panel":"start.skin_texture","$pressed_button_name":"button.to_profile_screen","layer":9,"size":[22,22]}},{"panel_xx":{"size":[2,2],"type":"panel"}},{"settings_button@common_buttons.button_template_x":{"$button_text":"","$button_type_panel":"start.setting_texture","$pressed_button_name":"button.menu_settings","layer":9,"size":[22,22]}},{"panel_xxx":{"size":[2,2],"type":"panel"}},{"pack_button@common_buttons.button_template_x":{"$button_type_panel":"start.evoker_texture","$pressed_button_name":"button.menu_buy_game","layer":9,"size":[22,22]}},{"panel_xxxx":{"size":[2,2],"type":"panel"}},{"close_button@common_buttons.button_template_x":{"$button_text":"X","$pressed_button_name":"button.v_panel_off","layer":9,"size":[22,22]}}],"orientation":"horizontal","size":["default",22],"type":"stack_panel"}}],"offset":[0,"50%"],"size":["100%c + 4px","100%c + 4px"],"texture":"textures/ui/Black","type":"image"}},{"arrow_left@common_buttons.button_template_x":{"$button_text":">","$default_button_texture":"textures/ui/clear_ui","$hover_button_texture":"textures/ui/clear_ui","$pressed_button_name":"button.v_panel_out","$pressed_button_texture":"textures/ui/clear_ui","anchor_from":"left_middle","anchor_to":"left_middle","size":[20,20]}},{"arrow_right@common_buttons.button_template_x":{"$button_text":"<","$default_button_texture":"textures/ui/clear_ui","$hover_button_texture":"textures/ui/clear_ui","$pressed_button_name":"button.v_panel_back","$pressed_button_texture":"textures/ui/clear_ui","anchor_from":"left_middle","anchor_to":"left_middle","offset":[-40,0],"size":[20,20]}},{"title_and_panel":{"$e_from":[0,"100%"],"$e_to":[0,0],"$easing":"out_cubic","$exit_easing":"in_cubic","$exit_from":[0,0],"$exit_to":[0,"100%"],"animation_reset_name":"screen_animation_reset","anims":["v_animation.entrance_push","v_animation.entrance_pop","v_animation.exit_pop","v_animation.exit_push"],"controls":[{"Title":{"anchor_from":"top_middle","anchor_to":"top_middle","layer":9,"offset":[0,-80],"size":[220,220],"texture":"textures/ui/v_q_title","type":"image"}},{"center_panel":{"anchor_from":"center","anchor_to":"center","controls":[{"panel_x":{"controls":[{"play_button@common_buttons.button_template_x":{"$button_text":"Play","$pressed_button_name":"button.menu_play","layer":9,"size":[162,22]}},{"space_x":{"size":[2,1],"type":"panel"}},{"market_button@common_buttons.button_template_x":{"$button_text":"Marketplace","$pressed_button_name":"button.menu_store","layer":9,"size":[162,22]}},{"space_xx":{"size":[2,1],"type":"panel"}},{"achievement_button@common_buttons.button_template_x":{"$button_text":"Achievements","$pressed_button_name":"button.menu_achievements","layer":9,"size":[162,22]}},{"space_xxx":{"size":[2,1],"type":"panel"}}],"size":[162,"default"],"type":"stack_panel"}},{"panel_xx":{"controls":[{"panel_button@common_buttons.button_template_x":{"$button_text":"More","$pressed_button_name":"button.v_panel","layer":9,"size":[80,22]}},{"space_x":{"size":[1,1],"type":"panel"}},{"quit_button@common_buttons.button_template_x":{"$button_text":"Quit","$pressed_button_name":"button.menu_exit","layer":9,"size":[80,22]}}],"orientation":"horizontal","size":["default",20],"type":"stack_panel"}}],"offset":[0,5],"size":[162,"default"],"type":"stack_panel"}}],"type":"panel"}}],"type":"panel"}},{"nofication_screen":{"anims":["@v_animation.close_nofication"],"controls":[{"nofication_panel":{"controls":[{"nofication@common_dialogs.v_main_panel_no_buttons":{"$child_control":"start.nofication","$ev_bg_alpha":0.9,"$fill_alpha":1,"$show_close_button":false,"$text_name":"§fNofication","layer":300,"size":[250,150]}},{"setting_button@common_buttons.light_text_button":{"$button_text":"§fGo To Setting","$default_button_texture":"textures/ui/x_default_toggle_button_dark","$hover_button_texture":"textures/ui/hover_toggle_button_dark","$pressed_button_name":"button.menu_settings","$pressed_button_texture":"textures/ui/hover_toggle_button_dark","anchor_from":"bottom_middle","anchor_to":"bottom_middle","layer":330,"offset":[0,-1],"size":[248,26]}}],"layer":295,"size":[250,150],"type":"panel"}}],"ignored":"$desktop_screen","layer":290,"type":"screen"}}],"type":"panel"},"v_music_list@common.scrolling_panel":{"$scrolling_content":"start.v_music_list_panel","$show_background":false},"v_music_list_icon":{"size":[12,12],"texture":"textures/ui/mod_detail_ic","type":"image"},"v_music_list_panel":{"controls":[{"1@start.v_toggle_base":{"$button_text":"AOV Draft Mode Ban/Pick Patch 1.45","$toggle_group_forced_index":0,"$toggle_view_binding_name":"tab_x","size":["100%",20]}},{"2@start.v_toggle_base":{"$button_text":"N_30_N Speed","$toggle_group_forced_index":1,"$toggle_view_binding_name":"tab_xx","size":["100%",20]}},{"3@start.v_toggle_base":{"$button_text":"AOV Tet music in 2019","$toggle_group_forced_index":2,"$toggle_view_binding_name":"tab_xxx","size":["100%",20]}},{"4@start.v_toggle_base":{"$button_text":"Nostalgia - MLBB","$toggle_default_state":true,"$toggle_group_forced_index":3,"$toggle_view_binding_name":"tab_xxxx","size":["100%",20]}}],"size":["100%","100%c"],"type":"stack_panel"},"v_music_player":{"controls":[{"music_x":{"bindings":[{"binding_type":"view","source_control_name":"tab_x","source_property_name":"#toggle_state","target_property_name":"#visible"}],"controls":[{"album":{"anchor_from":"top_middle","anchor_to":"top_middle","layer":507,"offset":[0,5],"size":[50,50],"texture":"textures/ui/album_x","type":"image"}},{"boundary":{"anchor_from":"bottom_left","anchor_to":"bottom_left","layer":507,"offset":[4,-29],"size":["100% - 8px",0.5],"texture":"textures/ui/white","type":"image"}},{"text":{"anchor_from":"bottom_left","anchor_to":"bottom_left","font_type":"smooth","layer":507,"offset":[4,-35],"text":"AOV Draft Mode Ban/Pick Patch 1.45","type":"label"}},{"music_duration_text":{"anchor_from":"bottom_right","anchor_to":"bottom_right","font_type":"smooth","layer":507,"offset":[-4,-5],"text":"2:11","type":"label"}},{"number":{"anchor_from":"bottom_left","anchor_to":"bottom_left","font_type":"smooth","layer":507,"offset":[4,-5],"text":"1/4","type":"label"}},{"play_music@common_buttons.button_template_x":{"$anim_play_button_from":[-12,"-5"],"$button_text":"","$default_button_texture":"textures/ui/play_button_ic","$hover_button_texture":"textures/ui/play_button_ic_hover","$locked_button_texture":"textures/ui/play_button_ic_locked","$play_offset_event":"button.play_sound_x","$pressed_button_name":"button.play_sound_x","$pressed_button_texture":"textures/ui/play_button_ic_hover","anchor_from":"bottom_middle","anchor_to":"bottom_middle","animation_reset_name":"button.stop_sound_x","anims":["@v_animation.play_button"],"layer":509,"offset":"$anim_play_button_from","size":[22,22],"sound_name":"music.pl.x1","sound_volume":1}},{"disable_play_music_button@common_buttons.button_template_x":{"$button_text":"","$default_button_texture":"textures/ui/play_button_ic","$hover_button_texture":"textures/ui/play_button_ic_hover","$locked_button_texture":"textures/ui/play_button_ic_locked","$pressed_button_name":"button.play_sound_x","$pressed_button_texture":"textures/ui/play_button_ic_hover","anchor_from":"bottom_middle","anchor_to":"bottom_middle","enabled":false,"layer":507,"offset":[-12,"-5"],"size":[22,22],"sound_name":"music.pl.x1","sound_volume":1}},{"stop_music@common_buttons.button_template_x":{"$button_text":"","$default_button_texture":"textures/ui/stop_button_ic","$hover_button_texture":"textures/ui/stop_button_ic_hover","$locked_button_texture":"textures/ui/stop_button_ic","$pressed_button_name":"button.stop_sound_x","$pressed_button_texture":"textures/ui/stop_button_ic_hover","anchor_from":"bottom_middle","anchor_to":"bottom_middle","layer":507,"offset":[12,"-5"],"size":[22,22],"sound_name":"music.pl.x1","sound_volume":1.0E-7}}],"type":"panel"}},{"music_xx":{"bindings":[{"binding_type":"view","source_control_name":"tab_xx","source_property_name":"#toggle_state","target_property_name":"#visible"}],"controls":[{"album":{"anchor_from":"top_middle","anchor_to":"top_middle","layer":507,"offset":[0,5],"size":[50,50],"texture":"textures/ui/album_x2","type":"image"}},{"boundary":{"anchor_from":"bottom_left","anchor_to":"bottom_left","layer":507,"offset":[4,-29],"size":["100% - 8px",0.5],"texture":"textures/ui/white","type":"image"}},{"text":{"anchor_from":"bottom_left","anchor_to":"bottom_left","font_type":"smooth","layer":507,"offset":[4,-35],"text":"N_30_N Speed","type":"label"}},{"music_duration_text":{"anchor_from":"bottom_right","anchor_to":"bottom_right","font_type":"smooth","layer":507,"offset":[-4,-5],"text":"2:45","type":"label"}},{"number":{"anchor_from":"bottom_left","anchor_to":"bottom_left","font_type":"smooth","layer":507,"offset":[4,-5],"text":"2/4","type":"label"}},{"play_music@common_buttons.button_template_x":{"$anim_play_button_from":[-12,"-5"],"$button_text":"","$default_button_texture":"textures/ui/play_button_ic","$hover_button_texture":"textures/ui/play_button_ic_hover","$locked_button_texture":"textures/ui/play_button_ic_locked","$play_offset_event":"button.play_sound_x2","$pressed_button_name":"button.play_sound_x2","$pressed_button_texture":"textures/ui/play_button_ic_hover","anchor_from":"bottom_middle","anchor_to":"bottom_middle","animation_reset_name":"button.stop_sound_x2","anims":["@v_animation.play_button"],"layer":509,"offset":"$anim_play_button_from","size":[22,22],"sound_name":"music.pl.x2","sound_volume":1}},{"disable_play_music_button@common_buttons.button_template_x":{"$button_text":"","$default_button_texture":"textures/ui/play_button_ic","$hover_button_texture":"textures/ui/play_button_ic_hover","$locked_button_texture":"textures/ui/play_button_ic_locked","$pressed_button_name":"button.play_sound_x2","$pressed_button_texture":"textures/ui/play_button_ic_hover","anchor_from":"bottom_middle","anchor_to":"bottom_middle","enabled":false,"layer":507,"offset":[-12,"-5"],"size":[22,22],"sound_name":"music.pl.x2","sound_volume":1}},{"stop_music@common_buttons.button_template_x":{"$button_text":"","$default_button_texture":"textures/ui/stop_button_ic","$hover_button_texture":"textures/ui/stop_button_ic_hover","$locked_button_texture":"textures/ui/stop_button_ic","$pressed_button_name":"button.stop_sound_x2","$pressed_button_texture":"textures/ui/stop_button_ic_hover","anchor_from":"bottom_middle","anchor_to":"bottom_middle","layer":507,"offset":[12,"-5"],"size":[22,22],"sound_name":"music.pl.x2","sound_volume":1.0E-7}}],"type":"panel"}},{"music_xxx":{"bindings":[{"binding_type":"view","source_control_name":"tab_xxx","source_property_name":"#toggle_state","target_property_name":"#visible"}],"controls":[{"album":{"anchor_from":"top_middle","anchor_to":"top_middle","layer":507,"offset":[0,5],"size":[50,50],"texture":"textures/ui/album_x3","type":"image"}},{"boundary":{"anchor_from":"bottom_left","anchor_to":"bottom_left","layer":507,"offset":[4,-29],"size":["100% - 8px",0.5],"texture":"textures/ui/white","type":"image"}},{"text":{"anchor_from":"bottom_left","anchor_to":"bottom_left","font_type":"smooth","layer":507,"offset":[4,-35],"text":"Arena Of Valor Tet music in 2019","type":"label"}},{"music_duration_text":{"anchor_from":"bottom_right","anchor_to":"bottom_right","font_type":"smooth","layer":507,"offset":[-4,-5],"text":"2:59","type":"label"}},{"number":{"anchor_from":"bottom_left","anchor_to":"bottom_left","font_type":"smooth","layer":507,"offset":[4,-5],"text":"3/4","type":"label"}},{"play_music@common_buttons.button_template_x":{"$anim_play_button_from":[-12,"-5"],"$button_text":"","$default_button_texture":"textures/ui/play_button_ic","$hover_button_texture":"textures/ui/play_button_ic_hover","$locked_button_texture":"textures/ui/play_button_ic_locked","$play_offset_event":"button.play_sound_x3","$pressed_button_name":"button.play_sound_x3","$pressed_button_texture":"textures/ui/play_button_ic_hover","anchor_from":"bottom_middle","anchor_to":"bottom_middle","animation_reset_name":"button.stop_sound_x3","anims":["@v_animation.play_button"],"layer":509,"offset":"$anim_play_button_from","size":[22,22],"sound_name":"music.pl.x3","sound_volume":1}},{"disable_play_music_button@common_buttons.button_template_x":{"$button_text":"","$default_button_texture":"textures/ui/play_button_ic","$hover_button_texture":"textures/ui/play_button_ic_hover","$locked_button_texture":"textures/ui/play_button_ic_locked","$pressed_button_name":"button.play_sound_x3","$pressed_button_texture":"textures/ui/play_button_ic_hover","anchor_from":"bottom_middle","anchor_to":"bottom_middle","enabled":false,"layer":507,"offset":[-12,"-5"],"size":[22,22],"sound_name":"music.pl.x3","sound_volume":1}},{"stop_music@common_buttons.button_template_x":{"$button_text":"","$default_button_texture":"textures/ui/stop_button_ic","$hover_button_texture":"textures/ui/stop_button_ic_hover","$locked_button_texture":"textures/ui/stop_button_ic","$pressed_button_name":"button.stop_sound_x3","$pressed_button_texture":"textures/ui/stop_button_ic_hover","anchor_from":"bottom_middle","anchor_to":"bottom_middle","layer":507,"offset":[12,"-5"],"size":[22,22],"sound_name":"music.pl.x3","sound_volume":1.0E-7}}],"type":"panel"}},{"music_xxxx":{"bindings":[{"binding_type":"view","source_control_name":"tab_xxxx","source_property_name":"#toggle_state","target_property_name":"#visible"}],"controls":[{"album":{"anchor_from":"top_middle","anchor_to":"top_middle","layer":507,"offset":[0,5],"size":[50,50],"texture":"textures/ui/album_x4","type":"image"}},{"boundary":{"anchor_from":"bottom_left","anchor_to":"bottom_left","layer":507,"offset":[4,-29],"size":["100% - 8px",0.5],"texture":"textures/ui/white","type":"image"}},{"text":{"anchor_from":"bottom_left","anchor_to":"bottom_left","font_type":"smooth","layer":507,"offset":[4,-35],"text":"Nostalgia - MLBB","type":"label"}},{"music_duration_text":{"anchor_from":"bottom_right","anchor_to":"bottom_right","font_type":"smooth","layer":507,"offset":[-4,-5],"text":"3:02","type":"label"}},{"number":{"anchor_from":"bottom_left","anchor_to":"bottom_left","font_type":"smooth","layer":507,"offset":[4,-5],"text":"4/4","type":"label"}},{"play_music@common_buttons.button_template_x":{"$anim_play_button_from":[-12,"-5"],"$button_text":"","$default_button_texture":"textures/ui/play_button_ic","$hover_button_texture":"textures/ui/play_button_ic_hover","$locked_button_texture":"textures/ui/play_button_ic_locked","$play_offset_event":"button.play_sound_x4","$pressed_button_name":"button.play_sound_x4","$pressed_button_texture":"textures/ui/play_button_ic_hover","anchor_from":"bottom_middle","anchor_to":"bottom_middle","animation_reset_name":"button.stop_sound_x4","anims":["@v_animation.play_button"],"layer":509,"offset":"$anim_play_button_from","size":[22,22],"sound_name":"music.pl.x4","sound_volume":1}},{"disable_play_music_button@common_buttons.button_template_x":{"$button_text":"","$default_button_texture":"textures/ui/play_button_ic","$hover_button_texture":"textures/ui/play_button_ic_hover","$locked_button_texture":"textures/ui/play_button_ic_locked","$pressed_button_name":"button.play_sound_x4","$pressed_button_texture":"textures/ui/play_button_ic_hover","anchor_from":"bottom_middle","anchor_to":"bottom_middle","enabled":false,"layer":507,"offset":[-12,"-5"],"size":[22,22],"sound_name":"music.pl.x4","sound_volume":1}},{"stop_music@common_buttons.button_template_x":{"$button_text":"","$default_button_texture":"textures/ui/stop_button_ic","$hover_button_texture":"textures/ui/stop_button_ic_hover","$locked_button_texture":"textures/ui/stop_button_ic","$pressed_button_name":"button.stop_sound_x4","$pressed_button_texture":"textures/ui/stop_button_ic_hover","anchor_from":"bottom_middle","anchor_to":"bottom_middle","layer":507,"offset":[12,"-5"],"size":[22,22],"sound_name":"music.pl.x4","sound_volume":1.0E-7}}],"type":"panel"}}],"type":"panel"},"v_text":{"anchor_from":"left_middle","anchor_to":"left_middle","color":"white","font_type":"smooth","text":"$button_text","type":"label"},"v_toggle_base@common_toggles.light_ui_toggle":{"$button_type_panel":"start.v_text","$default_border_visible":false,"$default_texture":"textures/ui/clear_ui","$hover_border_visible":false,"$hover_texture":"textures/ui/hover_toggle_button_dark2","$locked_texture":"textures/ui/clear_ui","$pressed_no_hover_texture":"textures/ui/hover_toggle_button_dark2","$pressed_texture":"textures/ui/clear_ui","$radio_toggle_group":true,"$toggle_group_default_selected":3,"$toggle_name":"music_tab"}}