{"arrow_icon":{"size":[18,12],"texture":"textures/ui/v_arrow","type":"image"},"center_fold/center_bg":{"texture":"textures/ui/clear_ui"},"namespace":"stonecutter","right_panel/common_panel":{"$dialog_background":"common.v_dialog_background_hollow_3","$ev_bg_alpha":0.8,"$fill_alpha":0,"$show_close_button":true},"screen_stack_panel":{"modifications":[{"control_name":"toolbar_anchor","operation":"remove"}]},"stone_book_panel/bg":{"$dialog_background":"common.v_dialog_background_hollow_3","$ev_bg_alpha":0.8,"$fill_alpha":0},"stonecutter_label":{"anchor_from":"top_middle","anchor_to":"top_middle","color":"white","layer":1,"text":"container.stonecutter","type":"label"}}