{"generic_button/text":{"color":"white"},"light_assets":{"$default_button_texture|default":"textures/ui/default_toggle_button_dark","$focus_border_size":[0,0],"$hover_button_texture|default":"textures/ui/hover_toggle_button_dark","$locked_button_texture|default":"textures/ui/locked_toggle_button_dark","$pressed_button_texture|default":"textures/ui/hover_toggle_button_dark","$v_color":"white"},"storage_header_panel/header_panel/clear_cache_button_panel/clear_cache_button":{"$default_button_texture":"textures/ui/default_toggle_button_dark","$focus_border_size":[0,0],"$hover_button_texture":"textures/ui/hover_toggle_button_dark","$locked_button_texture":"textures/ui/locked_toggle_button_dark","$pressed_button_texture":"textures/ui/hover_toggle_button_dark","$v_color":"white"},"storage_header_panel/header_panel/panel/multiselect_button":{"$default_texture":"textures/ui/default_toggle_button_dark","$focus_border_size":[0,0],"$hover_texture":"textures/ui/hover_toggle_button_dark","$locked_texture":"textures/ui/locked_toggle_button_dark","$pressed_no_hover_texture":"textures/ui/hover_toggle_button_dark","$pressed_texture":"textures/ui/hover_toggle_button_dark"},"storage_main_item_toggle/main_item_toggle":{"$default_texture":"textures/ui/default_toggle_button_dark","$focus_border_size":[0,0],"$hover_texture":"textures/ui/hover_toggle_button_dark","$light_toggle_checked_default_text_color":"white","$light_toggle_default_text_color":"white","$light_toggle_hover_text_color":"white","$locked_texture":"textures/ui/locked_toggle_button_dark","$pressed_no_hover_texture":"textures/ui/hover_toggle_button_dark","$pressed_texture":"textures/ui/hover_toggle_button_dark"}}