{"namespace":"tabbed_upsell","tabbed_upsell_screen@common.base_screen":{"$screen_animations":["@common.screen_exit_animation_push_offset","@common.screen_exit_animation_pop_offset","@common.screen_entrance_animation_push_offset","@common.screen_entrance_animation_pop_offset","@common.screen_exit_animation_push_fade","@common.screen_exit_animation_pop_fade","@common.screen_entrance_animation_push_fade","@common.screen_entrance_animation_pop_fade"],"$screen_bg_content":"custom_background.background_x","$screen_content":"tabbed_upsell.v_dialog","button_mappings":[{"from_button_id":"button.menu_cancel","mapping_type":"global","to_button_id":"button.menu_exit"}],"force_render_below":false},"v_dialog@common_dialogs.v_main_panel_no_buttons":{"$child_control":"tabbed_upsell.v_dialog_scroll","$ev_bg_alpha":0.8,"$fill_alpha":0,"$show_close_button":true,"$text_name":"§fEvoker UI Pack","layer":51,"size":["100% - 30px","100% - 30px"]},"v_dialog_scroll@common.scrolling_panel":{"$scrolling_content":"tabbed_upsell.v_panel","$show_background":false},"v_panel":{"controls":[{"text1":{"color":"green","font_size":"large","text":"Evoker UI Pack v4","type":"label"}},{"space_x":{"size":[1,1],"type":"panel"}},{"text2":{"color":"yellow","text":"New features","type":"label"}},{"text3":{"color":"white","text":"- Add an item ID viewing mechanism","type":"label"}},{"text4":{"color":"white","size":["100%","default"],"text":"- Switch to a dark mode interface for some screens","type":"label"}},{"text5":{"color":"white","size":["100%","default"],"text":"- Fix bugs in features such as displaying the recovery compass and smart crosshair","type":"label"}},{"text6":{"color":"white","text":"- Redesign the start screen","type":"label"}},{"text7":{"color":"white","text":"- Fix the player list screen","type":"label"}},{"text8":{"color":"white","text":"- Add animations to some screens","type":"label"}},{"text8x":{"color":"white","text":"- New play screen and progress screen","type":"label"}},{"text8xx":{"color":"white","text":"- Support Vietnamese language","type":"label"}},{"text8xxx":{"color":"white","text":"- Add inventory overlay on the Hud","type":"label"}},{"text8xxxx":{"color":"white","text":"- New music playing screen","type":"label"}},{"text9":{"color":"white","text":"- Revamp the pause screen","type":"label"}},{"text10":{"color":"white","size":["100%","default"],"text":"- Add a feature to search for items in the chest (it will have an error when searching for the first time, absolutely do not press the enter key)","type":"label"}},{"text11":{"color":"yellow","size":["100%","default"],"text":"Credits","type":"label"}},{"text12":{"color":"white","size":["100%","default"],"text":"- Search item function within the chest by Asaki Zuki (Original idea by TLGM 2308)","type":"label"}},{"text13":{"color":"white","size":["100%","default"],"text":"- Item ID by Asaki Zuki","type":"label"}},{"text13x":{"color":"white","size":["100%","default"],"text":"- Total item will be crafting by Asaki Zuki","type":"label"}},{"text14":{"color":"white","size":["100%","default"],"text":"- Item durability percentage by Asaki Zuki","type":"label"}},{"text15":{"color":"white","size":["100%","default"],"text":"- Some other codes and ideas in this package by Asaki Zuki","type":"label"}},{"text16":{"color":"red","size":["100%","default"],"text":"Warning","type":"label"}},{"text17":{"color":"green","size":["100%","default"],"text":"For users :","type":"label"}},{"text18":{"color":"white","size":["100%","default"],"text":"- This package does not support a Pocket UI, please switch to the Classic UI","type":"label"}},{"text19":{"color":"white","size":["100%","default"],"text":"- This package may conflict if used together with other packages.","type":"label"}},{"text20":{"color":"white","size":["100%","default"],"text":"- This package may become incompatible with future versions of Minecraft","type":"label"}},{"text21":{"color":"green","size":["100%","default"],"text":"For content creators on YouTube :","type":"label"}},{"text22":{"color":"white","size":["100%","default"],"text":"- This is a UI Pack, not a Client. If you are reviewing this package, please refer to it as a UI Pack, including the title of your video, or you will be reported. I would like to emphasize again that this is a UI Pack, not a Client.","type":"label"}}],"size":["100%","100%c"],"type":"stack_panel"}}