{"arrow_left_image":{"size":[16,13],"texture":"textures/ui/v_arrow_dark_left_stretch","type":"image"},"arrow_right_image":{"size":[16,13],"texture":"textures/ui/v_arrow_dark_right_stretch","type":"image"},"center_fold/center_bg":{"texture":"textures/ui/clear_ui"},"left_panel/bg":{"$dialog_background":"common.v_dialog_background_hollow_3","$ev_bg_alpha":0.8,"$fill_alpha":0},"namespace":"trade2","right_panel/common_panel":{"$dialog_background":"common.v_dialog_background_hollow_3","$ev_bg_alpha":0.8,"$fill_alpha":0},"right_panel/trade_screen_inventory":{"modifications":[{"array_name":"controls","operation":"insert_front","value":[{"stack_panel_x":{"anchor_from":"top_right","anchor_to":"top_right","controls":[{"exit_button@common_buttons.button_template_x":{"$button_text":"X","$pressed_button_name":"button.menu_exit","size":[20,20]}},{"space":{"size":[1,1],"type":"panel"}},{"quit_trade_button@common_buttons.button_template_x":{"$button_text":">","button_mappings":[{"from_button_id":"button.menu_select","mapping_type":"pressed","to_button_id":"button.container_auto_place"}],"property_bag":{"#collection_index":0,"#collection_name":"trade2_result_item"},"size":[20,20]}}],"offset":[21,0],"size":[20,"default"],"type":"stack_panel"}}]}]},"screen_stack_panel":{"modifications":[{"control_name":"toolbar_anchor","operation":"remove"}]},"top_half_stack_panel":{"modifications":[{"control_name":"how_to_play_button_holder","operation":"remove"}]},"villager_name_label":{"anchor_from":"top_middle","anchor_to":"top_middle","bindings":[{"binding_condition":"always_when_visible","binding_name":"#name_label"}],"color":"white","layer":1,"offset":[0,5],"text":"#name_label","type":"label"}}