{"cell_image":{"layer":1,"texture":"textures/ui/v_cell_image","type":"image"},"close_button/default":{"$close_button_texture":"textures/ui/v_close"},"empty_panel":{"size":[0,0],"type":"panel"},"highlight_slot_panel/highlight":{"bindings":[{"binding_name":"none","binding_name_override":"#visible"}]},"highlight_slot_panel/white_border":{"bindings":[{"binding_name":"none","binding_name_override":"#visible"}]},"inventory_icon_panel/hover_text":{"ignored":true},"inventory_panel_bottom_half_with_label/inventory_label":{"color":"white"},"namespace":"common","screen_background":{"texture":"textures/ui/clear_ui"},"scroll_box/box":{"modifications":[{"control_name":"touch_box","operation":"remove"}]},"scroll_box/box/mouse_box":{"ignored":false},"scrolling_panel":{"modifications":[{"control_name":"scroll_touch","operation":"remove"}]},"scrolling_panel/scroll_mouse":{"ignored":false},"selected_item_details/item_panel_image":{"visible":false},"slider_background":{"$v_slider_bg|default":"textures/ui/slider_background","texture":"$v_slider_bg","type":"image"},"slider_background_hover":{"$v_slider_bg_hover|default":"textures/ui/slider_background_hover","texture":"$v_slider_bg_hover","type":"image"},"slider_button_hover_layout@common.slider_button_state":{"$v_slider_button_hover_layout|default":"textures/ui/slider_button_hover","texture":"$v_slider_button_hover_layout"},"slider_button_layout@common.slider_button_state":{"$v_slider_button_default|default":"textures/ui/slider_button_default","texture":"$v_slider_button_default"},"slider_button_locked_layout@common.slider_button_state":{"$v_slider_button_locked_layout|default":"textures/ui/slider_button_locked","texture":"$v_slider_button_locked_layout"},"slider_button_state":{"$v_slider_button_state|default":"textures/ui/slider_button_default","layer":2,"texture":"$v_slider_button_state","type":"image"},"slider_progress":{"$v_slider_progress|default":"textures/ui/slider_progress","texture":"$v_slider_progress","type":"image"},"slider_progress_hover":{"$v_slider_progress_hover|default":"textures/ui/slider_progress_hover","texture":"$v_slider_progress_hover","type":"image"},"slider_step":{"$v_slider_step|default":"textures/ui/slider_step_background","layer":4,"offset":"$step_offset","size":[2,6],"texture":"$v_slider_step","type":"image"},"slider_step_hover@common.slider_step":{"$v_slider_step_hover|default":"textures/ui/slider_step_background_hover","texture":"$v_slider_step_hover"},"slider_step_progress@common.slider_step":{"$v_slider_step_progress|default":"textures/ui/slider_step_progress","texture":"$v_slider_step_progress"},"slider_step_progress_hover@common.slider_step":{"$v_slider_step_progress_hover|default":"textures/ui/slider_step_progress_hover","texture":"$v_slider_step_progress_hover"},"slot_selected":{"ignored":true},"text_edit_box_label":{"modifications":[{"array_name":"bindings","operation":"insert_front","value":[{"binding_type":"view","source_control_name":"dk-efbe65-u865-def-754b-3cd8","source_property_name":"(#toggle_state - #toggle_state)","target_property_name":"#item_name"}]}]},"v_dialog_background_hollow_3@dialog_background_hollow_common":{"$ev_bg_alpha|default":1,"$v_dialog_texture|default":"textures/ui/v_dark_dialog","alpha":"$ev_bg_alpha","texture":"$v_dialog_texture"},"v_dialog_background_hollow_4@dialog_background_hollow_common":{"$ev_bg_alpha|default":1,"$texture|default":"textures/ui/hover_toggle_button_dark","alpha":"$ev_bg_alpha","texture":"$texture"},"v_edit_box_indent":{"$alpha|default":1,"alpha":"$alpha","texture":"textures/ui/default_toggle_button_dark","type":"image"},"v_edit_box_indent_hover@common.v_edit_box_indent":{"texture":"textures/ui/hover_toggle_button_dark"},"v_slider@common.slider":{"$option_enabled_binding_name":"slider_enabled","$slider_name":"_evoker_xau_trai_vai_","$v_config":"(((#slider_steps * 0) + $config_slider)* 5)","bindings":[{"binding_name":"#slider_steps"},{"binding_type":"view","source_property_name":"$v_config","target_property_name":"#slider_value"}],"property_bag":{"#slider_steps":"$slider_steps"}},"v_slider_panel":{"$v_slider_bg":"textures/ui/v_slider_background","$v_slider_bg_hover":"textures/ui/v_slider_background_hover","$v_slider_button_default":"textures/ui/v_slider_button_default","$v_slider_button_hover_layout":"textures/ui/v_slider_button_hover","$v_slider_button_locked_layout":"textures/ui/v_slider_button_locked","$v_slider_button_state":"textures/ui/v_slider_button_default","$v_slider_progress":"textures/ui/v_slider_progress","$v_slider_progress_hover":"textures/ui/v_slider_progress_hover","$v_slider_step":"textures/ui/v_slider_step_background","$v_slider_step_hover":"textures/ui/v_slider_step_background_hover","$v_slider_step_progress":"textures/ui/v_slider_step_progress","$v_slider_step_progress_hover":"textures/ui/v_slider_step_progress_hover","controls":[{"$slider_view_binding_name@v_slider":{}}],"layer":100,"type":"panel"}}