{"light_text_toggle_sw@common_toggles.light_ui_toggle":{"$button_type_panel":"common_toggles.template_toggle_txt_sw","$radio_toggle_group":true,"$toggle_group_default_selected":0,"$toggle_name":"navigation_toggle"},"light_text_toggle_sw_2@common_toggles.light_ui_toggle":{"$button_type_panel":"common_toggles.template_toggle_txt_sw","$radio_toggle_group":true,"$toggle_group_default_selected":0,"$toggle_name":"navigation_tab"},"light_text_toggle_sw_3@common_toggles.light_ui_toggle":{"$button_type_panel":"common_toggles.template_toggle_txt_sww","$default_texture":"textures/ui/default_toggle_button_dark","$hover_texture":"textures/ui/hover_toggle_button_dark","$locked_texture":"textures/ui/hover_toggle_button_dark","$pressed_no_hover_texture":"textures/ui/hover_toggle_button_dark","$pressed_texture":"textures/ui/hover_toggle_button_dark","$toggle_name":"this_ui"},"light_text_toggle_sw_4@common_toggles.light_ui_toggle":{"$button_type_panel":"common_toggles.template_toggle_txt_sw","$radio_toggle_group":true,"$toggle_group_default_selected":0},"light_text_toggle_sw_5@common_toggles.light_ui_toggle":{"$button_type_panel":"common_toggles.template_toggle_txt_sw","$default_border_visible":false,"$radio_toggle_group":true,"$toggle_group_default_selected":0,"$toggle_name":"v_evoker_toggles"},"multi_toggle@common_toggles.light_ui_toggle":{"$button_type_panel":"common_toggles.template_toggle_txt","$default_border_visible":false,"$radio_toggle_group":true,"$toggle_group_default_selected":0},"namespace":"common_toggles","other_toggle@common_toggles.light_ui_toggle":{"$default_border_visible":false,"$radio_toggle_group":true,"$toggle_group_default_selected":0},"other_toggle_text":{"controls":[{"txt":{"font_type":"smooth","layer":8,"shadow":true,"text":"$button_text","type":"label"}}],"type":"panel"},"template_toggle_txt":{"controls":[{"txt":{"anchor_from":"left_middle","anchor_to":"left_middle","font_type":"smooth","layer":5,"offset":[-92,0],"shadow":true,"text":"$button_text","type":"label"}}],"type":"panel"},"template_toggle_txt_sw":{"controls":[{"txt":{"$font_type|default":"default","$shadow|default":true,"$v_color|default":"$text_color","color":"$v_color","font_type":"$font_type","layer":5,"shadow":"$shadow","text":"$button_text","type":"label"}}],"type":"panel"},"template_toggle_txt_sw2":{"controls":[{"txt":{"color":"white","text":"$button_text","type":"label"}}],"type":"panel"},"template_toggle_txt_sww":{"controls":[{"txt":{"layer":8,"shadow":false,"text":"$button_text","type":"label"}}],"type":"panel"}}