{"button_template_x@common_buttons.v_button_assets":{"controls":[{"default@common_buttons.template_x":{"$default_state":true,"texture":"$default_button_texture"}},{"hover@common_buttons.template_x":{"$hover_state":true,"texture":"$hover_button_texture"}},{"pressed@common_buttons.template_x":{"$pressed_state":true,"texture":"$pressed_button_texture"}},{"locked@common_buttons.template_x":{"$pressed_state":true,"texture":"$locked_button_texture"}}]},"namespace":"common_buttons","new_ui_binding_button_label":{"$v_color|default":"$text_color","color":"$v_color"},"template_x":{"$button_type_panel|default":"","controls":[{"button_type_panel@$button_type_panel":{}},{"label":{"$button_text|default":"","$font_type|default":"default","$shadow|default":true,"$v_color|default":"white","color":"$v_color","font_type":"$font_type","layer":12,"shadow":"$shadow","text":"$button_text","type":"label"}}],"type":"image"},"v_button_assets@common.button":{"$default_button_texture|default":"textures/ui/default_toggle_button_dark","$hover_button_texture|default":"textures/ui/hover_toggle_button_dark","$locked_button_texture|default":"textures/ui/locked_toggle_button_dark","$pressed_button_texture|default":"textures/ui/hover_toggle_button_dark","locked_control":"locked"}}