{
  "namespace":"spy_progress",
  
  
  "spinner_animation":{
    "anim_type":"flip_book",
    "initial_uv":[
      0,
      0
    ],
    "frame_count":10,
    "frame_step":7,
    "fps":10
  },
  "progress_loading_spinner":{
    "type":"image",
    "layer":3,
    "texture":"textures/ui/loading_spin",
    "offset":[
      0,
      0
    ],
    "uv_size":[
      7,
      7
    ],
    "size":[
      14,
      14
    ],
    "uv":"@spy_progress.spinner_animation",
    "bindings":[
      {
        "binding_name":"#spinner_animation_visible",
        "binding_name_override":"#visible"
      }
    ]
  },
  "main_content":{
    "type":"panel",
    "size":[
      "100%",
      "100%"
    ],
    "controls":[
      {
        "loading_panel":{
          "type":"panel",
          "size":[
            250,
            150
          ],
          "controls":[
            {
              "popup_dialog_factory@progress.popup_dialog_factory":{
                
              }
            },
            {
              "panel_bg":{
                "type":"image",
                "texture":"_SPY/modules/textures/panel",
                "size":[
                  "100%",
                  "100%"
                ],
                "layer":2
              }
            },
            {
              "logo@spy_renderer.anim_logo":{
                "$anchor_from":"center",
                "$anchor_to":"center",
                "layer":3,
                "size":[
                  125,
                  125
                ],
                "offset":[
                  0,
                  -35
                ]
              }
            },
            {
              "loading_messages":{
                "type":"label",
                "size":[
                  "default",
                  25
                ],
                "text":"#title_text",
                "font_type":"smooth",
                "font_scale_factor":1.2,
                "layer":3,
                "offset":[
                  0,
                  32.5
                ],
                "bindings":[
                  {
                    "binding_name":"#title_text"
                  }
                ]
              }
            },
            {
              "spinner@spy_progress.progress_loading_spinner":{
                
              }
            },
            {
              "cancel_button@concept_buttons.main_button":{
                "size":[
                  200,
                  20
                ],
                "$button_text":"Cancel",
                "anchor_from":"bottom_middle",
                "anchor_to":"bottom_middle",
                "offset":[
                  0,
                  -10
                ],
                "$pressed_button_name":"button.menu_exit",
                "layer":3,
                "bindings":[
                  {
                    "binding_name":"#cancel_visible",
                    "binding_name_override":"#visible"
                  }
                ]
              }
            }
          ]
        }
      }
    ]
  }
}