{
  "namespace": "skins_luconia",

  "buttons": {
    "type": "panel",
    "controls": [
      {
        "left@luconia_buttons.clean_button": {
          "size": [ 18, 18 ],
          "offset": [ -18, 100 ],
		  "anchor_from": "center",
		  "anchor_to": "center",
          "$pressed_button_name": "button.pressedArrowLeft",
          "$button_content": "luconia_textures.left"
        }
      },
      {
        "edit@luconia_buttons.clean_button": {
          "size": [ 18, 18 ],
          "offset": [ 0, 100 ],
          "anchor_from": "center",
          "anchor_to": "center",
          "$pressed_button_name": "button.edit_appearance_preset",
          "$button_content": "luconia_textures.edit",
          "bindings": [
            {
              "binding_name": "#is_preset_visible",
              "binding_name_override": "#visible",
              "binding_condition": "always"
            }
          ]
        }
      },
      {
        "reload@luconia_buttons.clean_button": {
          "size": [ 18, 18 ],
          "offset": [ 0, 100 ],
          "anchor_from": "center",
          "anchor_to": "center",
          "$pressed_button_name": "button.retry_appearance_preset",
          "$button_content": "luconia_textures.reload",
	      "bindings": [
	        {
	          "binding_name": "#is_preset_loading_visible",
	          "binding_name_override": "#visible",
	          "binding_condition": "always"
	        }
	      ]
        }
      },
      {
        "create@luconia_buttons.clean_button": {
          "size": [ 18, 18 ],
          "offset": [ 0, 100 ],
          "anchor_from": "center",
          "anchor_to": "center",
          "$pressed_button_name": "button.edit_appearance_preset",
          "property_bag": {
            "#preview_idx": 3
            },
          "$button_content": "luconia_textures.create",
          "bindings": [
            {
              "binding_name": "#is_preset_add_visible",
              "binding_name_override": "#visible",
              "binding_condition": "always"
            }
          ]
        }
      },
      {
        "right@luconia_buttons.clean_button": {
          "size": [ 18, 18 ],
          "offset": [ 18, 100 ],
          "anchor_from": "center",
          "anchor_to": "center",
          "$pressed_button_name": "button.pressedArrowRight",
          "$button_content": "luconia_textures.right"
        }
      }
    ]
  },
  
  "other_panel": {
      "type": "stack_panel",
      "orientation": "horizontal",
      "size": [ 200, 80 ],
      "focus_container": true,
      "use_last_focus": false,
      "focus_wrap_enabled": false,
      "focus_navigation_mode_right": "stop",
      "focus_navigation_mode_left": "$main_content_focus_container_left",
      "focus_container_custom_left": "$main_content_focus_container_left_custom",
      "$preset_arrow_button_layer": 100,
      "controls": [
        { "left_padding@profile.horizontal_fill_padding": {} },
        { "presets_left_side@profile.appearance_preset_side_panel": {} },
        { "presets_right_padding_arrow_right@profile.horizontal_padding_6px": {} },
        { "main_preset_persona@profile.persona_main_preset_panel": {} },
        { "preview_padding_arrow_right@profile.horizontal_padding_6px": {} },
        { "presets_right_side@profile.appearance_preset_side_panel": { "$is_left_preset_side": false } },
        { "right_padding@profile.horizontal_fill_padding": {} }
      ]
    },

  "content": {
    "type": "panel",
    "controls": [
      { "buttons@skins_luconia.buttons": { } },
	  { "preset@skins_luconia.other_panel": { } },
      {
          "background": {
              "type": "image",
              "texture": "assets/luconia/mod_menu/background_panel",
              "size": [ 280, 200 ],
              "offset": [ 0, 10 ],
              "controls": [
                  {
                    "exit@luconia_buttons.clean_button": {
                      "size": [ 20, 20 ],
                      "anchor_from": "top_right",
                      "anchor_to": "top_right",
                      "offset": [ -7, 7 ],
                      "$pressed_button_name": "button.menu_exit",
                      "$button_content": "luconia_textures.exit"
                    }
                 }
              ]
          }
      },
      {
          "logo_text": {
              "type": "label",
              "text": "Luconia Client v2 (Official)",
              "anchor_from": "bottom_left",
              "anchor_to": "bottom_left",
              "font_type": "smooth",
              "font_scale_factor": 0.9
          }
      }
    ]
  }
}
