{
  "namespace": "start_luconia",

  "buttons": {
    "type": "panel",
    "controls": [
      {
        "play_button@luconia_buttons.clean_button": {
          "size": [ 160, 20 ],
          "offset": [ 0, 0 ],
          "$pressed_button_name": "button.menu_play",
          "$button_text": "Play"
        }
      },
      {
        "cosmetics@luconia_buttons.clean_button": {
          "size": [ 160, 20 ],
          "offset": [ 0, 22 ],
          "$pressed_button_name": "button.to_profile_screen",
          "$button_text": "Cosmetics"
        }
      },
      {
        "settings@luconia_buttons.clean_button": {
          "size": [ 79, 20 ],
          "offset": [ -40.5, 44 ],
          "$pressed_button_name": "button.menu_settings",
          "$button_text": "Options"
        }
      },
      {
        "exit@luconia_buttons.clean_button": {
          "size": [ 79, 20 ],
          "offset": [ 40.5, 44 ],
          "$pressed_button_name": "button.menu_exit",
          "$button_text": "Exit"
        }
      },
      {
        "store@luconia_buttons.clean_button": {
          "size": [ 20, 20 ],
          "offset": [ 3, 3 ],
		  "anchor_from": "top_left",
		  "anchor_to": "top_left",
          "$pressed_button_name": "button.menu_store",
          "$button_content": "luconia_textures.store"
        }
      },
      {
        "sign_in_button@luconia_buttons.clean_button": {
          "size": [ 120, 20 ],
          "offset": [ 0, -40 ],
		  "anchor_from": "bottom_middle",
		  "anchor_to": "bottom_middle",
          "$pressed_button_name": "button.signin",
          "$button_text": "Sign In with Microsoft",
          "bindings": [
              {
                  "binding_name": "#sign_in_visible",
                  "binding_name_override": "#visible"
              }
          ]
        }
      }
    ]
  },
  
  "logo": {
    "type": "panel",
	"controls":[
		{
			"logo_img": {
				"type": "image",
				"size": [ 75, 75 ],
			    "anchor_from": "center",
			    "anchor_to": "center",
				"offset": [ 0, -50 ],
				"texture": "assets/luconia/logo"
			}
		},
		{
			"logo_text": {
				"type": "label",
				"text": "Luconia Client v2 (Official)",
			    "anchor_from": "bottom_left",
			    "anchor_to": "bottom_left",
				"font_type": "smooth",
				"font_scale_factor": 0.9
			}
		}
	]
},

  "content": {
    "type": "panel",
    "controls": [
      { "buttons@start_luconia.buttons": { } },
	  { "logo@start_luconia.logo": { } }
    ]
  }
}