{
   "namespace":"spy_pause",
   
   "main_button@concept_buttons.main_button": {
   },
   
   "logo": {
   "type": "image",
   "size": [ "100%", "100%" ],
   "layer": 100,
   "texture": "_SPY/textures/screens/pause/logo"
  },
  
  "every": {
  "type": "panel",
  "size":[
         200, 
         140
      ],
  "controls":[
         {
            "kala_bg@spy_pause.kala_bg":{
            "layer": -10
            }
         },
         {
            "play@spy_pause.play":{
               "anchor_from":"top_middle",
               "anchor_to":"top_middle",
               "offset":[
                  0,
                  35
               ]
            }
         },
         {
            "settings@spy_pause.settings":{
               "anchor_from":"top_left",
               "anchor_to":"top_left",
               "offset":[
                  0,
                  60
               ]
            }
         },
         {
            "players@spy_pause.players":{
               "anchor_from":"top_right",
               "anchor_to":"top_right",
               "offset":[
                  0,
                  60
               ]
            }
         },
         {
            "store@spy_pause.store":{
               "anchor_from":"top_left",
               "anchor_to":"top_left",
               "offset":[
                  0,
                  85
               ]
            }
         },
         {
            "profile@spy_pause.profile":{
               "anchor_from":"top_right",
               "anchor_to":"top_right",
               "offset":[
                  0,
                  85
               ]
            }
         },
         {
            "invite@spy_pause.invite":{
               "anchor_from":"top_left",
               "anchor_to":"top_left",
               "offset":[
                  0,
                  110
              ]
            }
         },
         {
            "exit@spy_pause.exit":{
               "anchor_from":"top_right",
               "anchor_to":"top_right",
               "offset":[
                  0,
                  110
               ]
            }
         }
      ],
    "bindings": [
      {
        "binding_type": "view",
        "source_control_name": "pause_btn",
        "source_property_name": "(not #toggle_state)",
        "target_property_name": "#visible"
     }
     ]
  },
  
   
   
   
   "main":{
      "type":"panel",
      "controls": [
      {
       "pause_btn@pause.pause_btn": {
       "layer": 9999
      }
      },
      {"modules_button_visible@modules.modules_button_visible": {
        "layer": 9999
    }},
      {
       "every@spy_pause.every": {
       }
      }
     ]
   },
   
   "kala_bg": {
      "type": "image",
      "size":[
         210, 
         150
      ],
      "offset": [ 0, "-7%" ],
      "alpha": 0.8,
      "anchor_from":"center",
      "anchor_to":"center",
      "texture": "_SPY/kala",
      "controls": [
      {
            "logo@spy_pause.logo":{
               "anchor_from":"top_middle",
               "anchor_to":"top_middle",
               "offset":[
                  0,
                  "-32%"
               ]
            }
         }
      ]
  },
  
   "play@spy_pause.main_button":{
      "size":[
         200,
         20
      ],
      "$button_text":"RESUME",
      "$pressed_button_name":"button.menu_continue"
   },
   "settings@spy_pause.main_button":{
      "size":[
         100,
         20
      ],
      "$button_text":"SETTINGS",
      "$pressed_button_name":"button.menu_settings"
   },
   "players@spy_pause.main_button":{
      "size":[
         100,
         20
      ],
      "$button_text":"PLAYERS",
      "$pressed_button_name":"button.menu_permission",
      "bindings":[
         {
            "binding_type":"collection_details",
            "binding_collection_name":"players_collection"
         }
      ]
   },
   "store@spy_pause.main_button":{
      "$button_text":"STORE",
      "size":[
         100,
         20
      ],
      "$pressed_button_name":"button.menu_store"
   },
   "profile@spy_pause.main_button":{
      "size":[
         100,
         20
      ],
      "$button_text":"PROFILE",
      "$pressed_button_name":"button.to_profile_or_skins_screen"
   },
   "invite@spy_pause.main_button":{
      "size":[
         100,
         20
      ],
      "$button_text":"INVITE",
      "$pressed_button_name":"button.menu_invite_players",
      "bindings":[
         {
            "binding_name":"#invite_button_visible",
            "binding_name_override":"#enabled",
            "binding_type":"global"
         }
      ]
   },
   "exit@spy_pause.main_button":{
      "size":[
         100,
         20
      ],
      "$button_text":"EXIT",
      "$pressed_button_name":"button.menu_quit"
   }
}