{
    "animations": {
        "animation.player.boots": {
            "animation_length": 0.5,
            "bones": {
                "boots": {
                    "position": {
                        "0.0": [
                            0,
                            1190,
                            183
                        ],
                        "0.5": [
                            0,
                            1190,
                            183
                        ]
                    },
                    "scale": 1.3
                }
            },
            "loop": true
        },
        "animation.player.chestplate": {
            "animation_length": 0.5,
            "bones": {
                "chestplate": {
                    "position": {
                        "0.0": [
                            0,
                            1210,
                            183
                        ],
                        "0.5": [
                            0,
                            1210,
                            183
                        ]
                    },
                    "scale": 1.3
                }
            },
            "loop": true
        },
        "animation.player.helmet": {
            "animation_length": 0.5,
            "bones": {
                "helmet": {
                    "position": {
                        "0.0": [
                            0,
                            1220,
                            183
                        ],
                        "0.5": [
                            0,
                            1220,
                            183
                        ]
                    },
                    "scale": 1.3
                }
            },
            "loop": true
        },
        "animation.player.leggings": {
            "animation_length": 0.5,
            "bones": {
                "leggings": {
                    "position": {
                        "0.0": [
                            0,
                            1200,
                            183
                        ],
                        "0.5": [
                            0,
                            1200,
                            183
                        ]
                    },
                    "scale": 1.3
                }
            },
            "loop": true
        }
    },
    "format_version": "1.8.0"
}