{
  "format_version": "1.16.100",
  "minecraft:fog_settings": {
    "description": {
      "identifier": "allay:fog_basalt_deltas"
    },
    "distance": {
      "air": {
        "fog_start": 29.44,
        "fog_end": 32,
        "fog_color": "#685f70",
        "render_distance_type": "fixed"
      },
      "water": {
        "fog_start": 0.0,
        "fog_end": 15.0,
        "fog_color": "#423e42",
        "render_distance_type": "fixed"
      },
      "weather": {
        "fog_start": 7.36,
        "fog_end": 22.4,
        "fog_color": "#685f70",
        "render_distance_type": "fixed"
      }
    }
  }
}