{
  "format_version": "1.16.100",
  "minecraft:fog_settings": {
    "description": {
      "identifier": "allay:fog_default"
    },
    "distance": {
      "air": {
        "fog_start": 29.44,
        "fog_end": 32,
        "fog_color": "#ABD2FF",
        "render_distance_type": "fixed"
      },
      "weather": {
        "fog_start": 7.36,
        "fog_end": 22.4,
        "fog_color": "#666666",
        "render_distance_type": "fixed"
      },
      "water": {
        "fog_start": 0.0,
        "fog_end": 15.0,
        "fog_color": "#44AFF5",
        "render_distance_type": "fixed"
      },
      "lava": {
        "fog_start": 0.0,
        "fog_end": 0.64,
        "fog_color": "#991A00",
        "render_distance_type": "fixed"
      },
      "lava_resistance": {
        "fog_start": 2.0,
        "fog_end": 4.0,
        "fog_color": "#991A00",
        "render_distance_type": "fixed"
      }
    }
  }
}