{
	"geometry.chicken": {
		"texturewidth": 64,
		"textureheight": 32,
		"bones": [{
				"name": "head",
				"pivot": [0.0, 9.0, -4.0],
				"rotation": [0.0, 0.0, 0.0],
				"cubes": [{
					"origin": [-2.0, 9.0, -6.0],
					"size": [4.0, 6.0, 3.0],
					"uv": [0, 0]
				}]
			},
			{
				"name": "beak",
				"pivot": [0.0, 9.0, -4.0],
				"rotation": [0.0, 0.0, 0.0],
				"cubes": [{
					"origin": [-2.0, 11.0, -8.0],
					"size": [4.0, 2.0, 2.0],
					"uv": [14, 0]
				}]
			}, {
				"name": "body",
				"pivot": [0.0, 8.0, 0.0],
				"rotation": [0.0, 0.0, 0.0],
				"cubes": [{
					"origin": [-3.0, 4.0, -3.0],
					"size": [6.0, 8.0, 6.0],
					"uv": [0, 9]
				}]
			},
			{
				"name": "leg0",
				"pivot": [-2.0, 5.0, 1.0],
				"rotation": [0.0, 0.0, 0.0],
				"cubes": [{
					"origin": [-3.0, 0.0, -2.0],
					"size": [3.0, 5.0, 3.0],
					"uv": [26, 0]
				}]
			},
			{
				"name": "leg1",
				"pivot": [1.0, 5.0, 1.0],
				"rotation": [0.0, 0.0, 0.0],
				"cubes": [{
					"origin": [0.0, 0.0, -2.0],
					"size": [3.0, 5.0, 3.0],
					"uv": [26, 0]
				}]
			},
			{
				"name": "wing0",
				"pivot": [-4.0, 11.0, 0.0],
				"rotation": [0.0, 0.0, 0.0],
				"cubes": [{
					"origin": [-4.0, 7.0, -3.0],
					"size": [1.0, 4.0, 6.0],
					"uv": [24, 13]
				}]
			},
			{
				"name": "wing1",
				"pivot": [4.0, 11.0, 0.0],
				"rotation": [0.0, 0.0, 0.0],
				"cubes": [{
					"origin": [3.0, 7.0, -3.0],
					"size": [1.0, 4.0, 6.0],
					"uv": [24, 13]
				}]
			}
		]
	},
	"geometry.blaze": {
		"texturewidth": 64,
		"textureheight": 32,
		"bones": [{
				"name": "upperBodyParts0",
				"pivot": [0.0, 24.0, 0.0],
				"rotation": [0.0, 0.0, 0.0],
				"cubes": [{
					"origin": [0.0, 16.0, 0.0],
					"size": [2.0, 8.0, 2.0],
					"uv": [0, 16]
				}]
			},
			{
				"name": "upperBodyParts1",
				"pivot": [0.0, 24.0, 0.0],
				"rotation": [0.0, 0.0, 0.0],
				"cubes": [{
					"origin": [0.0, 16.0, 0.0],
					"size": [2.0, 8.0, 2.0],
					"uv": [0, 16]
				}]
			},
			{
				"name": "upperBodyParts2",
				"pivot": [0.0, 24.0, 0.0],
				"rotation": [0.0, 0.0, 0.0],
				"cubes": [{
					"origin": [0.0, 16.0, 0.0],
					"size": [2.0, 8.0, 2.0],
					"uv": [0, 16]
				}]
			},
			{
				"name": "upperBodyParts3",
				"pivot": [0.0, 24.0, 0.0],
				"rotation": [0.0, 0.0, 0.0],
				"cubes": [{
					"origin": [0.0, 16.0, 0.0],
					"size": [2.0, 8.0, 2.0],
					"uv": [0, 16]
				}]
			},
			{
				"name": "upperBodyParts4",
				"pivot": [0.0, 24.0, 0.0],
				"rotation": [0.0, 0.0, 0.0],
				"cubes": [{
					"origin": [0.0, 16.0, 0.0],
					"size": [2.0, 8.0, 2.0],
					"uv": [0, 16]
				}]
			},
			{
				"name": "upperBodyParts5",
				"pivot": [0.0, 24.0, 0.0],
				"rotation": [0.0, 0.0, 0.0],
				"cubes": [{
					"origin": [0.0, 16.0, 0.0],
					"size": [2.0, 8.0, 2.0],
					"uv": [0, 16]
				}]
			},
			{
				"name": "upperBodyParts6",
				"pivot": [0.0, 24.0, 0.0],
				"rotation": [0.0, 0.0, 0.0],
				"cubes": [{
					"origin": [0.0, 16.0, 0.0],
					"size": [2.0, 8.0, 2.0],
					"uv": [0, 16]
				}]
			},
			{
				"name": "upperBodyParts7",
				"pivot": [0.0, 24.0, 0.0],
				"rotation": [0.0, 0.0, 0.0],
				"cubes": [{
					"origin": [0.0, 16.0, 0.0],
					"size": [2.0, 8.0, 2.0],
					"uv": [0, 16]
				}]
			},
			{
				"name": "upperBodyParts8",
				"pivot": [0.0, 24.0, 0.0],
				"rotation": [0.0, 0.0, 0.0],
				"cubes": [{
					"origin": [0.0, 16.0, 0.0],
					"size": [2.0, 8.0, 2.0],
					"uv": [0, 16]
				}]
			},
			{
				"name": "upperBodyParts9",
				"pivot": [0.0, 24.0, 0.0],
				"rotation": [0.0, 0.0, 0.0],
				"cubes": [{
					"origin": [0.0, 16.0, 0.0],
					"size": [2.0, 8.0, 2.0],
					"uv": [0, 16]
				}]
			},
			{
				"name": "upperBodyParts10",
				"pivot": [0.0, 24.0, 0.0],
				"rotation": [0.0, 0.0, 0.0],
				"cubes": [{
					"origin": [0.0, 16.0, 0.0],
					"size": [2.0, 8.0, 2.0],
					"uv": [0, 16]
				}]
			},
			{
				"name": "upperBodyParts11",
				"pivot": [0.0, 24.0, 0.0],
				"rotation": [0.0, 0.0, 0.0],
				"cubes": [{
					"origin": [0.0, 16.0, 0.0],
					"size": [2.0, 8.0, 2.0],
					"uv": [0, 16]
				}]
			},
			{
				"name": "head",
				"pivot": [0.0, 24.0, 0.0],
				"rotation": [0.0, 0.0, 0.0],
				"cubes": [{
					"origin": [-4.0, 20.0, -4.0],
					"size": [8.0, 8.0, 8.0],
					"uv": [0, 0]
				}]
			}
		]
	},

	"geometry.llamaspit": {
		"texturewidth": 64,
		"textureheight": 64,
		"bones": [{
			"name": "body",
			"pivot": [0.0, 24.0, 0.0],
			"rotation": [0.0, 0.0, 0.0],
			"cubes": [{
				"origin": [2.0, 22.0, 0.0],
				"size": [4.0, 4.0, 4.0],
				"uv": [0, 0]
			}]
		}]
	},


	"geometry.silverfish": {
		"texturewidth": 64,
		"textureheight": 32,
		"bones": [{
				"name": "bodyPart_0",
				"pivot": [0.0, 2.0, -3.5],
				"rotation": [0.0, 0.0, 0.0],
				"cubes": [{
					"origin": [-1.5, 0.0, -4.5],
					"size": [3.0, 2.0, 2.0],
					"uv": [0, 0]
				}]
			},
			{
				"name": "bodyPart_1",
				"pivot": [0.0, 3.0, -1.5],
				"rotation": [0.0, 0.0, 0.0],
				"cubes": [{
					"origin": [-2.0, 0.0, -2.5],
					"size": [4.0, 3.0, 2.0],
					"uv": [0, 4]
				}]
			},
			{
				"name": "bodyPart_2",
				"pivot": [0.0, 4.0, 1.0],
				"rotation": [0.0, 0.0, 0.0],
				"cubes": [{
					"origin": [-3.0, 0.0, -0.5],
					"size": [6.0, 4.0, 3.0],
					"uv": [0, 9]
				}]
			},
			{
				"name": "bodyPart_3",
				"pivot": [0.0, 3.0, 4.0],
				"rotation": [0.0, 0.0, 0.0],
				"cubes": [{
					"origin": [-1.5, 0.0, 2.5],
					"size": [3.0, 3.0, 3.0],
					"uv": [0, 16]
				}]
			},
			{
				"name": "bodyPart_4",
				"pivot": [0.0, 2.0, 7.0],
				"rotation": [0.0, 0.0, 0.0],
				"cubes": [{
					"origin": [-1.0, 0.0, 5.5],
					"size": [2.0, 2.0, 3.0],
					"uv": [0, 22]
				}]
			},
			{
				"name": "bodyPart_5",
				"pivot": [0.0, 1.0, 9.5],
				"rotation": [0.0, 0.0, 0.0],
				"cubes": [{
					"origin": [-1.0, 0.0, 8.5],
					"size": [2.0, 1.0, 2.0],
					"uv": [11, 0]
				}]
			},
			{
				"name": "bodyPart_6",
				"pivot": [0.0, 1.0, 11.5],
				"rotation": [0.0, 0.0, 0.0],
				"cubes": [{
					"origin": [-0.5, 0.0, 10.5],
					"size": [1.0, 1.0, 2.0],
					"uv": [13, 4]
				}]
			},
			{
				"name": "bodyLayer_0",
				"pivot": [0.0, 8.0, 1.0],
				"rotation": [0.0, 0.0, 0.0],
				"cubes": [{
					"origin": [-5.0, 0.0, -0.5],
					"size": [10.0, 8.0, 3.0],
					"uv": [20, 0]
				}]
			},
			{
				"name": "bodyLayer_1",
				"pivot": [0.0, 4.0, 7.0],
				"rotation": [0.0, 0.0, 0.0],
				"cubes": [{
					"origin": [-3.0, 0.0, 5.5],
					"size": [6.0, 4.0, 3.0],
					"uv": [20, 11]
				}]
			},
			{
				"name": "bodyLayer_2",
				"pivot": [0.0, 5.0, -1.5],
				"rotation": [0.0, 0.0, 0.0],
				"cubes": [{
					"origin": [-3.0, 0.0, -3.0],
					"size": [6.0, 5.0, 2.0],
					"uv": [20, 18]
				}]
			}
		]
	},

	"geometry.horse": {
		"texturewidth": 128,
		"textureheight": 128,
		"bones": [{
				"name": "Body",
				"pivot": [0.00, 13.00, 9.00],
				"rotation": [0.00, 0.00, 0.00],
				"cubes": [{
					"origin": [-5.00, 11.00, -10.00],
					"size": [10.00, 10.00, 24.00],
					"uv": [0, 34]
				}]
			},
			{
				"name": "TailA",
				"pivot": [0.00, 21.00, 14.00],
				"rotation": [-65.00, 0.00, 0.00],
				"cubes": [{
					"origin": [-1.00, 20.00, 14.00],
					"size": [2.00, 2.00, 3.00],
					"uv": [44, 0]
				}]
			},
			{
				"name": "TailB",
				"pivot": [0.00, 21.00, 14.00],
				"rotation": [-65.00, 0.00, 0.00],
				"cubes": [{
					"origin": [-1.50, 19.00, 17.00],
					"size": [3.00, 4.00, 7.00],
					"uv": [38, 7]
				}]
			},
			{
				"name": "TailC",
				"pivot": [0.00, 21.00, 14.00],
				"rotation": [-80.34, 0.00, 0.00],
				"cubes": [{
					"origin": [-1.50, 21.50, 23.00],
					"size": [3.00, 4.00, 7.00],
					"uv": [24, 3]
				}]
			},
			{
				"name": "Leg1A",
				"pivot": [4.00, 15.00, 11.00],
				"rotation": [0.00, 0.00, 0.00],
				"cubes": [{
					"origin": [1.50, 8.00, 8.50],
					"size": [4.00, 9.00, 5.00],
					"uv": [78, 29]
				}]
			},
			{
				"name": "Leg1B",
				"pivot": [4.00, 8.00, 11.00],
				"rotation": [0.00, 0.00, 0.00],
				"cubes": [{
					"origin": [2.00, 3.00, 9.50],
					"size": [3.00, 5.00, 3.00],
					"uv": [78, 43]
				}]
			},
			{
				"name": "Leg1C",
				"pivot": [4.00, 8.00, 11.00],
				"rotation": [0.00, 0.00, 0.00],
				"cubes": [{
					"origin": [1.50, -0.10, 9.00],
					"size": [4.00, 3.00, 4.00],
					"uv": [78, 51]
				}]
			},
			{
				"name": "Leg2A",
				"pivot": [-4.00, 15.00, 11.00],
				"rotation": [0.00, 0.00, 0.00],
				"cubes": [{
					"origin": [-5.50, 8.00, 8.50],
					"size": [4.00, 9.00, 5.00],
					"uv": [96, 29]
				}]
			},
			{
				"name": "Leg2B",
				"pivot": [-4.00, 8.00, 11.00],
				"rotation": [0.00, 0.00, 0.00],
				"cubes": [{
					"origin": [-5.00, 3.00, 9.50],
					"size": [3.00, 5.00, 3.00],
					"uv": [96, 43]
				}]
			},
			{
				"name": "Leg2C",
				"pivot": [-4.00, 8.00, 11.00],
				"rotation": [0.00, 0.00, 0.00],
				"cubes": [{
					"origin": [-5.50, -0.10, 9.00],
					"size": [4.00, 3.00, 4.00],
					"uv": [96, 51]
				}]
			},
			{
				"name": "Leg3A",
				"pivot": [4.00, 15.00, -8.00],
				"rotation": [0.00, 0.00, 0.00],
				"cubes": [{
					"origin": [2.10, 8.00, -10.10],
					"size": [3.00, 8.00, 4.00],
					"uv": [44, 29]
				}]
			},
			{
				"name": "Leg3B",
				"pivot": [4.00, 8.00, -8.00],
				"rotation": [0.00, 0.00, 0.00],
				"cubes": [{
					"origin": [2.10, 3.00, -9.60],
					"size": [3.00, 5.00, 3.00],
					"uv": [44, 41]
				}]
			},
			{
				"name": "Leg3C",
				"pivot": [4.00, 8.00, -8.00],
				"rotation": [0.00, 0.00, 0.00],
				"cubes": [{
					"origin": [1.60, -0.10, -10.10],
					"size": [4.00, 3.00, 4.00],
					"uv": [44, 51]
				}]
			},
			{
				"name": "Leg4A",
				"pivot": [-4.00, 15.00, -8.00],
				"rotation": [0.00, 0.00, 0.00],
				"cubes": [{
					"origin": [-5.10, 8.00, -10.10],
					"size": [3.00, 8.00, 4.00],
					"uv": [60, 29]
				}]
			},
			{
				"name": "Leg4B",
				"pivot": [-4.00, 8.00, -8.00],
				"rotation": [0.00, 0.00, 0.00],
				"cubes": [{
					"origin": [-5.10, 3.00, -9.60],
					"size": [3.00, 5.00, 3.00],
					"uv": [60, 41]
				}]
			},
			{
				"name": "Leg4C",
				"pivot": [-4.00, 8.00, -8.00],
				"rotation": [0.00, 0.00, 0.00],
				"cubes": [{
					"origin": [-5.60, -0.10, -10.10],
					"size": [4.00, 3.00, 4.00],
					"uv": [60, 51]
				}]
			},
			{
				"name": "Head",
				"pivot": [0.00, 20.00, -10.00],
				"rotation": [30.00, 0.00, 0.00],
				"cubes": [{
					"origin": [-2.50, 25.00, -11.50],
					"size": [5.00, 5.00, 7.00],
					"uv": [0, 0]
				}]
			},
			{
				"name": "UMouth",
				"pivot": [0.00, 20.05, -10.00],
				"rotation": [30.00, 0.00, 0.00],
				"cubes": [{
					"origin": [-2.00, 27.05, -17.00],
					"size": [4.00, 3.00, 6.00],
					"uv": [24, 18]
				}]
			},
			{
				"name": "LMouth",
				"pivot": [0.00, 20.00, -10.00],
				"rotation": [30.00, 0.00, 0.00],
				"cubes": [{
					"origin": [-2.00, 25.00, -16.50],
					"size": [4.00, 2.00, 5.00],
					"uv": [24, 27]
				}]
			},
			{
				"name": "Ear1",
				"pivot": [0.00, 20.00, -10.00],
				"rotation": [30.00, 0.00, 0.00],
				"cubes": [{
					"origin": [0.45, 29.00, -6.00],
					"size": [2.00, 3.00, 1.00],
					"uv": [0, 0]
				}]
			},
			{
				"name": "Ear2",
				"pivot": [0.00, 20.00, -10.00],
				"rotation": [30.00, 0.00, 0.00],
				"cubes": [{
					"origin": [-2.45, 29.00, -6.00],
					"size": [2.00, 3.00, 1.00],
					"uv": [0, 0]
				}]
			},
			{
				"name": "MuleEarL",
				"pivot": [0.00, 20.00, -10.00],
				"rotation": [30.00, 0.00, 15.00],
				"cubes": [{
					"origin": [-2.00, 29.00, -6.00],
					"size": [2.00, 7.00, 1.00],
					"uv": [0, 12]
				}]
			},
			{
				"name": "MuleEarR",
				"pivot": [0.00, 20.00, -10.00],
				"rotation": [30.00, 0.00, -15.00],
				"cubes": [{
					"origin": [0.00, 29.00, -6.00],
					"size": [2.00, 7.00, 1.00],
					"uv": [0, 12]
				}]
			},
			{
				"name": "Neck",
				"pivot": [0.00, 20.00, -10.00],
				"rotation": [30.00, 0.00, 0.00],
				"cubes": [{
					"origin": [-2.05, 15.80, -12.00],
					"size": [4.00, 14.00, 8.00],
					"uv": [0, 12]
				}]
			},
			{
				"name": "Bag1",
				"pivot": [-7.50, 21.00, 10.00],
				"rotation": [0.00, 90.00, 0.00],
				"cubes": [{
					"origin": [-10.50, 13.00, 10.00],
					"size": [8.00, 8.00, 3.00],
					"uv": [0, 34]
				}]
			},
			{
				"name": "Bag2",
				"pivot": [4.50, 21.00, 10.00],
				"rotation": [0.00, 90.00, 0.00],
				"cubes": [{
					"origin": [1.50, 13.00, 10.00],
					"size": [8.00, 8.00, 3.00],
					"uv": [0, 47]
				}]
			},
			{
				"name": "Saddle",
				"pivot": [0.00, 22.00, 2.00],
				"rotation": [0.00, 0.00, 0.00],
				"cubes": [{
					"origin": [-5.00, 21.00, -1.00],
					"size": [10.00, 1.00, 8.00],
					"uv": [80, 0]
				}]
			},
			{
				"name": "SaddleB",
				"pivot": [0.00, 22.00, 2.00],
				"rotation": [0.00, 0.00, 0.00],
				"cubes": [{
					"origin": [-1.50, 22.00, -1.00],
					"size": [3.00, 1.00, 2.00],
					"uv": [106, 9]
				}]
			},
			{
				"name": "SaddleC",
				"pivot": [0.00, 22.00, 2.00],
				"rotation": [0.00, 0.00, 0.00],
				"cubes": [{
					"origin": [-4.00, 22.00, 5.00],
					"size": [8.00, 1.00, 2.00],
					"uv": [80, 9]
				}]
			},
			{
				"name": "SaddleL2",
				"pivot": [5.00, 21.00, 2.00],
				"rotation": [0.00, 0.00, 0.00],
				"cubes": [{
					"origin": [4.50, 13.00, 1.00],
					"size": [1.00, 2.00, 2.00],
					"uv": [74, 0]
				}]
			},
			{
				"name": "SaddleL",
				"pivot": [5.00, 21.00, 2.00],
				"rotation": [0.00, 0.00, 0.00],
				"cubes": [{
					"origin": [4.50, 15.00, 1.50],
					"size": [1.00, 6.00, 1.00],
					"uv": [70, 0]
				}]
			},
			{
				"name": "SaddleR2",
				"pivot": [-5.00, 21.00, 2.00],
				"rotation": [0.00, 0.00, 0.00],
				"cubes": [{
					"origin": [-5.50, 13.00, 1.00],
					"size": [1.00, 2.00, 2.00],
					"uv": [74, 4]
				}]
			},
			{
				"name": "SaddleR",
				"pivot": [-5.00, 21.00, 2.00],
				"rotation": [0.00, 0.00, 0.00],
				"cubes": [{
					"origin": [-5.50, 15.00, 1.50],
					"size": [1.00, 6.00, 1.00],
					"uv": [80, 0]
				}]
			},
			{
				"name": "SaddleMouthL",
				"pivot": [0.00, 20.00, -10.00],
				"rotation": [30.00, 0.00, 0.00],
				"cubes": [{
					"origin": [1.50, 26.00, -14.00],
					"size": [1.00, 2.00, 2.00],
					"uv": [74, 13]
				}]
			},
			{
				"name": "SaddleMouthR",
				"pivot": [0.00, 20.00, -10.00],
				"rotation": [30.00, 0.00, 0.00],
				"cubes": [{
					"origin": [-2.50, 26.00, -14.00],
					"size": [1.00, 2.00, 2.00],
					"uv": [74, 13]
				}]
			},
			{
				"name": "SaddleMouthLine",
				"pivot": [0.00, 20.00, -10.00],
				"rotation": [0.00, 0.00, 0.00],
				"cubes": [{
					"origin": [2.60, 23.00, -16.00],
					"size": [0.00, 3.00, 16.00],
					"uv": [44, 10]
				}]
			},
			{
				"name": "SaddleMouthLineR",
				"pivot": [0.00, 20.00, -10.00],
				"rotation": [0.00, 0.00, 0.00],
				"cubes": [{
					"origin": [-2.60, 23.00, -16.00],
					"size": [0.00, 3.00, 16.00],
					"uv": [44, 5]
				}]
			},
			{
				"name": "Mane",
				"pivot": [0.00, 20.00, -10.00],
				"rotation": [30.00, 0.00, 0.00],
				"cubes": [{
					"origin": [-1.00, 15.50, -5.00],
					"size": [2.00, 16.00, 4.00],
					"uv": [58, 0]
				}]
			},
			{
				"name": "HeadSaddle",
				"pivot": [0.00, 20.00, -10.00],
				"rotation": [30.00, 0.00, 0.00],
				"cubes": [{
					"origin": [-2.50, 25.10, -17.00],
					"size": [5.00, 5.00, 12.00],
					"uv": [80, 12],
					"inflate": 0.05
				}]
			}
		]
	},


	"geometry.squid": {
		"texturewidth": 64,
		"textureheight": 32,

		"bones": [{
				"name": "body",
				"cubes": [{
					"origin": [-6, -8, -6],
					"size": [12, 16, 12],
					"uv": [0, 0]
				}]
			},

			{
				"name": "tentacle1",
				"pivot": [5.0, -7.0, 0.0],
				"cubes": [{
					"origin": [4.0, -25.0, -1.0],
					"size": [2, 18, 2],
					"uv": [48, 0]
				}],
				"rotation": [0, 90, 0]
			},

			{
				"name": "tentacle2",
				"pivot": [3.5, -7.0, 3.5],
				"cubes": [{
					"origin": [2.5, -25.0, 2.5],
					"size": [2, 18, 2],
					"uv": [48, 0]
				}],
				"rotation": [0, 45, 0]
			},

			{
				"name": "tentacle3",
				"pivot": [0.0, -7.0, 5.0],
				"cubes": [{
					"origin": [-1.0, -25.0, 4.0],
					"size": [2, 18, 2],
					"uv": [48, 0]
				}],
				"rotation": [0, 0, 0]
			},

			{
				"name": "tentacle4",
				"pivot": [-3.5, -7.0, 3.5],
				"cubes": [{
					"origin": [-4.5, -25.0, 2.5],
					"size": [2, 18, 2],
					"uv": [48, 0]
				}],
				"rotation": [0, -45, 0]
			},

			{
				"name": "tentacle5",
				"pivot": [-5.0, -7.0, 0.0],
				"cubes": [{
					"origin": [-6.0, -25.0, -1.0],
					"size": [2, 18, 2],
					"uv": [48, 0]
				}],
				"rotation": [0, -90, 0]
			},

			{
				"name": "tentacle6",
				"pivot": [-3.5, -7.0, -3.5],
				"cubes": [{
					"origin": [-4.5, -25.0, -4.5],
					"size": [2, 18, 2],
					"uv": [48, 0]
				}],
				"rotation": [0, -135, 0]
			},

			{
				"name": "tentacle7",
				"pivot": [0.0, -7.0, -5.0],
				"cubes": [{
					"origin": [-1.0, -25.0, -6.0],
					"size": [2, 18, 2],
					"uv": [48, 0]
				}],
				"rotation": [0, -180, 0]
			},

			{
				"name": "tentacle8",
				"pivot": [3.5, -7.0, -3.5],
				"cubes": [{
					"origin": [2.5, -25.0, -4.5],
					"size": [2, 18, 2],
					"uv": [48, 0]
				}],
				"rotation": [0, -225, 0]
			}
		]
	},
	"geometry.spider": {
		"texturewidth": 64,
		"textureheight": 32,

		"bones": [{
				"name": "head",
				"pivot": [0.0, 9.0, -3.0],
				"cubes": [{
					"origin": [-4.0, 5.0, -11.0],
					"size": [8, 8, 8],
					"uv": [32, 4]
				}],
				"material": "emissive"
			},

			{
				"name": "body0",
				"pivot": [0.0, 9.0, 0.0],
				"cubes": [{
					"origin": [-3.0, 6.0, -3.0],
					"size": [6, 6, 6],
					"uv": [0, 0]
				}]
			},

			{
				"name": "body1",
				"pivot": [0.0, 9.0, 9.0],
				"cubes": [{
					"origin": [-5.0, 5.0, 3.0],
					"size": [10, 8, 12],
					"uv": [0, 12]
				}]
			},

			{
				"name": "leg0",
				"pivot": [-4.0, 9.0, 2.0],
				"cubes": [{
					"origin": [-19.0, 8.0, 1.0],
					"size": [16, 2, 2],
					"uv": [18, 0]
				}]
			},

			{
				"name": "leg1",
				"pivot": [4.0, 9.0, 2.0],
				"cubes": [{
					"origin": [3.0, 8.0, 1.0],
					"size": [16, 2, 2],
					"uv": [18, 0]
				}]
			},

			{
				"name": "leg2",
				"pivot": [-4.0, 9.0, 1.0],
				"cubes": [{
					"origin": [-19.0, 8.0, 0.0],
					"size": [16, 2, 2],
					"uv": [18, 0]
				}]
			},

			{
				"name": "leg3",
				"pivot": [4.0, 9.0, 1.0],
				"cubes": [{
					"origin": [3.0, 8.0, 0.0],
					"size": [16, 2, 2],
					"uv": [18, 0]
				}]
			},

			{
				"name": "leg4",
				"pivot": [-4.0, 9.0, 0.0],
				"cubes": [{
					"origin": [-19.0, 8.0, -1.0],
					"size": [16, 2, 2],
					"uv": [18, 0]
				}]
			},

			{
				"name": "leg5",
				"pivot": [4.0, 9.0, 0.0],
				"cubes": [{
					"origin": [3.0, 8.0, -1.0],
					"size": [16, 2, 2],
					"uv": [18, 0]
				}]
			},

			{
				"name": "leg6",
				"pivot": [-4.0, 9.0, -1.0],
				"cubes": [{
					"origin": [-19.0, 8.0, -2.0],
					"size": [16, 2, 2],
					"uv": [18, 0]
				}]
			},

			{
				"name": "leg7",
				"pivot": [4.0, 9.0, -1.0],
				"cubes": [{
					"origin": [3.0, 8.0, -2.0],
					"size": [16, 2, 2],
					"uv": [18, 0]
				}]
			}
		]
	},
	"geometry.cow:geometry.quadruped": {
		"texturewidth": 64,
		"textureheight": 32,
		"bones": [{
				"name": "body",
				"reset": true,
				"pivot": [0.0, 19.0, 2.0],
				"cubes": [{
					"origin": [-6.0, 11.0, -5.0],
					"size": [12, 18, 10],
					"uv": [18, 4]
				}]
			},

			{
				"name": "head",
				"reset": true,
				"pivot": [0.0, 20.0, -8.0],
				"cubes": [{
					"origin": [-4.0, 16.0, -14.0],
					"size": [8, 8, 6],
					"uv": [0, 0]
				}]
			},

			{
				"name": "leg0",
				"pivot": [-4.0, 12.0, 7.0]
			},

			{
				"name": "leg1",
				"pivot": [4.0, 12.0, 7.0]
			},

			{
				"name": "leg2",
				"pivot": [-4.0, 12.0, -6.0]
			},

			{
				"name": "leg3",
				"pivot": [4.0, 12.0, -6.0]
			}
		]
	},

	"geometry.sheep:geometry.sheep.sheared": {

		"bones": [{
				"name": "body",
				"pivot": [0.0, 19.0, 2.0],
				"cubes": [{
					"origin": [-4.0, 13.0, -5.0],
					"size": [8, 16, 6],
					"uv": [28, 40],
					"inflate": 1.75
				}]
			},


			{
				"name": "leg0",
				"pivot": [-3.0, 12.0, 7.0],
				"cubes": [{
					"origin": [-5.0, 6.0, 5.0],
					"size": [4, 6, 4],
					"uv": [0, 48],
					"inflate": 0.5
				}]
			},

			{
				"name": "leg1",
				"pivot": [3.0, 12.0, 7.0],
				"cubes": [{
					"origin": [1.0, 6.0, 5.0],
					"size": [4, 6, 4],
					"uv": [0, 48],
					"inflate": 0.5
				}]
			},

			{
				"name": "leg2",
				"pivot": [-3.0, 12.0, -5.0],
				"cubes": [{
					"origin": [-5.0, 6.0, -7.0],
					"size": [4, 6, 4],
					"uv": [0, 48],
					"inflate": 0.5
				}]
			},

			{
				"name": "leg3",
				"pivot": [3.0, 12.0, -5.0],
				"cubes": [{
					"origin": [1.0, 6.0, -7.0],
					"size": [4, 6, 4],
					"uv": [0, 48],
					"inflate": 0.5
				}]
			}
		]
	},
	"geometry.pigzombie:geometry.humanoid": {
		"texturewidth": 64,
		"textureheight": 32,

		"bones": [{
			"name": "hat",
			"neverRender": true,
			"material": "alpha"
		}]
	},
	"geometry.pigzombie.baby:geometry.pigzombie": {

		"bones": [{
			"name": "hat",
			"neverRender": true,
			"material": "alpha"
		}]
	},
	"geometry.pig:geometry.quadruped": {
		"texturewidth": 64,
		"textureheight": 32,

		"bones": [{
				"name": "body",
				"reset": true,
				"pivot": [0.0, 13.0, 2.0],
				"cubes": [{
					"origin": [-5.0, 7.0, -5.0],
					"size": [10, 16, 8],
					"uv": [28, 8]
				}]
			},
			{
				"name": "head",
				"reset": true,
				"pivot": [0.0, 12.0, -6.0],
				"cubes": [{
					"origin": [-4.0, 8.0, -14.0],
					"size": [8, 8, 8],
					"uv": [0, 0]
				}]
			},
			{
				"name": "leg0",
				"reset": true,
				"pivot": [-3.0, 6.0, 7.0],
				"cubes": [{
					"origin": [-5.0, 0.0, 5.0],
					"size": [4, 6, 4],
					"uv": [0, 16]
				}]
			},
			{
				"name": "leg1",
				"reset": true,
				"pivot": [3.0, 6.0, 7.0],
				"cubes": [{
					"origin": [1.0, 0.0, 5.0],
					"size": [4, 6, 4],
					"uv": [0, 16]
				}]
			},
			{
				"name": "leg2",
				"reset": true,
				"pivot": [-3.0, 6.0, -5.0],
				"cubes": [{
					"origin": [-5.0, 0.0, -7.0],
					"size": [4, 6, 4],
					"uv": [0, 16]
				}]
			},
			{
				"name": "leg3",
				"reset": true,
				"pivot": [3.0, 6.0, -5.0],
				"cubes": [{
					"origin": [1.0, 0.0, -7.0],
					"size": [4, 6, 4],
					"uv": [0, 16]
				}]
			}
		]
	},
	"geometry.bat": {

		"bones": [{
				"name": "head",
				"pivot": [0.0, 24.0, 0.0],
				"cubes": [{
					"origin": [-3.0, 21.0, -3.0],
					"size": [6, 6, 6],
					"uv": [0, 0]
				}],
				"material": "alpha"
			},
			{
				"name": "rightEar",
				"pivot": [0.0, 24.0, 0.0],
				"cubes": [{
					"origin": [-4.0, 26.0, -2.0],
					"size": [3, 4, 1],
					"uv": [24, 0]
				}],
				"parent": "head",
				"material": "alpha"
			},
			{
				"name": "leftEar",
				"mirror": true,
				"pivot": [0.0, 24.0, 0.0],
				"cubes": [{
					"origin": [1.0, 26.0, -2.0],
					"size": [3, 4, 1],
					"uv": [24, 0]
				}],
				"parent": "head",
				"material": "alpha"
			},
			{
				"name": "body",
				"pivot": [0.0, 24.0, 0.0],
				"cubes": [{
					"origin": [-3.0, 8.0, -3.0],
					"size": [6, 12, 6],
					"uv": [0, 16]
				}],
				"material": "alpha"
			},
			{
				"name": "rightWing",
				"pivot": [0.0, 24.0, 0.0],
				"cubes": [{
					"origin": [-12.0, 7.0, 1.5],
					"size": [10, 16, 1],
					"uv": [42, 0]
				}],
				"parent": "body",
				"material": "alpha"
			},
			{
				"name": "rightWingTip",
				"pivot": [-12.0, 23.0, 1.5],
				"cubes": [{
					"origin": [-20.0, 10.0, 1.5],
					"size": [8, 12, 1],
					"uv": [24, 16]
				}],
				"parent": "rightWing",
				"material": "alpha",
				"pos": [-12, 1, 1.5]
			},
			{
				"name": "leftWing",
				"mirror": true,
				"pivot": [0.0, 24.0, 0.0],
				"cubes": [{
					"origin": [2.0, 7.0, 1.5],
					"size": [10, 16, 1],
					"uv": [42, 0]
				}],
				"parent": "body",
				"material": "alpha"
			},
			{
				"name": "leftWingTip",
				"mirror": true,
				"pivot": [12.0, 23.0, 1.5],
				"cubes": [{
					"origin": [12.0, 10.0, 1.5],
					"size": [8, 12, 1],
					"uv": [24, 16]
				}],
				"parent": "leftWing",
				"material": "alpha",
				"pos": [12, 1, 1.5]
			}
		]
	},


	"geometry.witherBoss": {
		"texturewidth": 64,
		"textureheight": 64,

		"bones": [{
				"name": "upperBodyPart1",
				"pivot": [0, 24, 0],
				"cubes": [{
					"origin": [-10, 17.1, -0.5],
					"size": [20, 3, 3],
					"uv": [0, 16]
				}]
			},
			{
				"name": "upperBodyPart2",
				"pivot": [-2, 17.1, -0.5],
				"cubes": [{
						"origin": [-2, 7.1, -0.5],
						"size": [3, 10, 3],
						"uv": [0, 22]
					},
					{
						"origin": [-6, 13.6, 0],
						"size": [11, 2, 2],
						"uv": [24, 22]
					},
					{
						"origin": [-6, 8.6, 0],
						"size": [11, 2, 2],
						"uv": [24, 22]
					}
				]
			},
			{
				"name": "upperBodyPart3",
				"pivot": [0, 24, 0],
				"cubes": [{
					"origin": [0, 18, 0],
					"size": [3, 6, 3],
					"uv": [12, 22]
				}]
			},
			{
				"name": "head1",
				"pivot": [0, 20, 0],
				"cubes": [{
					"origin": [-4, 20, -4],
					"size": [8, 8, 8],
					"uv": [0, 0]
				}]
			},
			{
				"name": "head2",
				"pivot": [-9, 18, -1],
				"cubes": [{
					"origin": [-12, 18, -4],
					"size": [6, 6, 6],
					"uv": [32, 0]
				}]
			},
			{
				"name": "head3",
				"pivot": [9, 18, -1],
				"cubes": [{
					"origin": [6, 18, -4],
					"size": [6, 6, 6],
					"uv": [32, 0]
				}]
			}
		]
	}

}