[{"atlas_tile":"cauldron_water","flipbook_texture":"textures/blocks/cauldron_water","frames":[0]},{"atlas_tile":"still_lava","flipbook_texture":"textures/blocks/lava_still","frames":[0]},{"atlas_tile":"flowing_lava","flipbook_texture":"textures/blocks/lava_flow","frames":[0]},{"atlas_tile":"prismarine","flipbook_texture":"textures/blocks/prismarine_rough","frames":[0]},{"atlas_tile":"sea_lantern","flipbook_texture":"textures/blocks/sea_lantern","frames":[0]},{"atlas_tile":"blast_furnace_front_on","flipbook_texture":"textures/blocks/blast_furnace_front_on","frames":[0]},{"atlas_tile":"smoker_front_on","flipbook_texture":"textures/blocks/smoker_front_on","frames":[0]},{"atlas_tile":"lantern","flipbook_texture":"textures/blocks/lantern","frames":[0]},{"atlas_tile":"crimson_log_side","flipbook_texture":"textures/blocks/huge_fungus/crimson_log_side","frames":[0]},{"atlas_tile":"warped_stem_side","flipbook_texture":"textures/blocks/huge_fungus/warped_stem_side","frames":[0]},{"atlas_tile":"still_lava","flipbook_texture":"textures/blocks/lava_still","frames":[0]},{"atlas_tile":"flowing_lava","flipbook_texture":"textures/blocks/lava_flow","frames":[0]},{"atlas_tile":"still_water_grey","flipbook_texture":"textures/blocks/water_still_grey","ticks_per_frame":0},{"atlas_tile":"flowing_water_grey","flipbook_texture":"textures/blocks/water_flow_grey","replicate":0}]