{
   "namespace":"spy_startup",
   "logo":{
      "anim_type":"alpha",
      "easing":"in_out_sine",
      "duration":1.5,
      "from": 0.0,
      "to": 1.0,
      "next":"@spy_startup.logo_1"
   },
   "logo_1":{
      "anim_type":"wait",
      "duration":3,
      "next":"@spy_startup.logo_2"
   },
   "logo_2":{
      "anim_type":"alpha",
      "duration":0,
      "from":1.0,
      "to":0.0
   },
   "bg":{
      "anim_type":"wait",
      "duration": 4.5,
      "next":"@spy_startup.bg_1"
   },
   "bg_1":{
      "anim_type":"alpha",
      "duration":1,
      "from":1.0,
      "to":0.0
   },
   "anim_1":{
      "anim_type":"alpha",
      "duration":0.5,
      "from":0.0,
      "to":1.0,
      "next":"@spy_startup.anim_2"
   },
   "anim_2":{
      "anim_type":"alpha",
      "duration":0.5,
      "from":1.0,
      "to":0.0,
      "next":"@spy_startup.anim_3"
   },
   "anim_3":{
      "anim_type":"alpha",
      "duration":0.5,
      "from":0.0,
      "to":1.0,
      "next":"@spy_startup.anim_4"
   },
   "anim_4":{
      "anim_type":"alpha",
      "duration":0.5,
      "from":1.0,
      "to":0.0,
      "next":"@spy_startup.anim_5"
   },
   "anim_5":{
      "anim_type":"alpha",
      "duration":0.5,
      "from":0.0,
      "to":1.0,
      "next":"@spy_startup.anim_6"
   },
   "anim_6":{
      "anim_type":"alpha",
      "duration":0.5,
      "from":1.0,
      "to":0.0,
      "next":"@spy_startup.anim_7"
   },
   "anim_7":{
      "anim_type":"alpha",
      "duration":0.5,
      "from":0.0,
      "to":1.0,
      "next":"@spy_startup.anim_8"
   },
   "anim_8":{
      "anim_type":"alpha",
      "duration":0.5,
      "from":1.0,
      "to":0.0,
      "next":"@spy_startup.anim_9"
   },
   "anim_9":{
      "anim_type":"alpha",
      "duration":0.5,
      "from":0.0,
      "to":1.0,
      "next":"@spy_startup.anim_10"
   },
   "anim_10":{
      "anim_type":"alpha",
      "duration":1,
      "from":1.0,
      "to":0.0
   }
}