{
   "namespace":"startup_concept",
   "bg":{
      "type":"image",
      "size":[
         "140%",
         "140%"
      ],
      "texture":"_SPY/startup/textures/bg",
      "layer":99,
      "anims":[
         "@spy_startup.bg"
      ]
   },
   "1":{
      "type":"image",
      "anchor_from":"center",
      "anchor_to":"center",
      "size":[
         "100%",
         "100%"
      ],
      "texture":"_SPY/startup/textures/1",
      "layer":200,
      "alpha":"@spy_startup.logo",
      "anims":[
         "@spy_startup.anim_1"
      ]
   },
   "2":{
      "type":"image",
      "anchor_from":"center",
      "anchor_to":"center",
      "size":[
         "100%",
         "100%"
      ],
      "texture":"_SPY/startup/textures/2",
      "layer":199,
      "anims":[
         "@spy_startup.logo"
      ]
   },
   "anim_logo":{
      "type":"panel",
      "controls":[
         {
            "1@startup_concept.1":{
               
            }
         },
         {
            "2@startup_concept.2":{
               
            }
         }
      ]
   },
   "L1":{
      "type":"image",
      "anchor_from":"center",
      "anchor_to":"center",
      "size":[
         "25%",
         "25%"
      ],
      "texture":"_SPY/startup/textures/L1",
      "layer":200,
      "offset": [ 0, "25%" ],
      "anims":[
         "@spy_startup.anim_1"
      ]
   },
   "L2":{
      "type":"image",
      "anchor_from":"center",
      "anchor_to":"center",
      "size":[
         "25%",
         "25%"
      ],
      "texture":"_SPY/startup/textures/L2",
      "layer":199,
      "offset": [ 0, "25%" ],
      "anims":[
         "@spy_startup.logo"
      ]
   },
   "anim_loading":{
      "type":"panel",
      "controls":[
         {
            "1@startup_concept.L1":{
               
            }
         },
         {
            "2@startup_concept.L2":{
               
            }
         }
      ]
   }
}