{
   "namespace": "spy_common_btn",
   
   "btn_1@common.toggle":{
      "$checked_control":"spy_common_btn.checked",
      "$checked_hover_control":"spy_common_btn.checked_hover",
      "$unchecked_control":"spy_common_btn.unchecked",
      "$unchecked_hover_control":"spy_common_btn.unchecked_hover"
   },
   "checked@spy_common_btn.main_panel2":{
      "type":"image",
      "size":[
         "100%",
         "100%"
      ],
      "layer": 500,
      "texture":"_SPY/textures/buttons/1"
   },
   "checked_hover@spy_common_btn.main_panel2":{
      "type":"image",
      "size":[
         "100%",
         "100%"
      ],
      "layer": 500,
      "texture":"_SPY/textures/buttons/2"
   },
   "unchecked@spy_common_btn.main_panel2":{
      "type":"image",
      "size":[
         "100%",
         "100%"
      ],
      "layer": 500,
      "texture":"_SPY/textures/buttons/1"
   },
   "unchecked_hover@spy_common_btn.main_panel2":{
      "type":"image",
      "size":[
         "100%",
         "100%"
      ],
      "layer": 500,
      "texture":"_SPY/textures/buttons/2"
   },
   "main_panel2":{
      "type":"panel",
      "size":[
         "100%",
         "100%"
      ],
      "layer":100,
      "$button_content|default":"spy_common_btn.toggle_txt2",
      "controls":[
         {
            "button_content@$button_content":{
               "layer":5
            }
         }
      ]
   },
   "toggle_txt2":{
      "type":"label",
      "size":[
         "default",
         "default"
      ],
      "color":[
         0.75,
         0.75,
         0.75
      ],
      "font_type":"smooth",
      "text": "$button_text",
      "bindings":[
         {
            "binding_name": "$button_text"
         }
      ]
   }
}