{
   "namespace":"saad_toogles",
   
   "spy_toggle@common.toggle":{
      "$checked_control":"saad_toogles.toggle",
      "$checked_hover_control":"saad_toogles.toggle_hover",
      "$unchecked_control":"saad_toogles.toggle_unchecked",
      "$unchecked_hover_control":"saad_toogles.toggle_unchecked_hover"
   },
   "toggle@saad_toogles.main_panel":{
      "type":"image",
      "size":[
         "100%",
         "100%"
      ],
      "layer": 500,
      "texture":"_SPY/textures/buttons/hover"
   },
   "toggle_hover@saad_toogles.main_panel":{
      "type":"image",
      "size":[
         "100%",
         "100%"
      ],
      "layer": 500,
      "texture":"_SPY/textures/buttons/hover"
   },
   "toggle_unchecked@saad_toogles.main_panel":{
      "type":"image",
      "size":[
         "100%",
         "100%"
      ],
      "layer": 500,
      "texture":"_SPY/textures/buttons/default"
   },
   "toggle_unchecked_hover@saad_toogles.main_panel":{
      "type":"image",
      "size":[
         "100%",
         "100%"
      ],
      "layer": 500,
      "texture":"_SPY/textures/buttons/hover"
   },
   "main_panel":{
      "type":"panel",
      "size":[
         "100%",
         "100%"
      ],
      "layer":100,
      "$button_content|default":"saad_toogles.toggle_txt",
      "controls":[
         {
            "button_content@$button_content":{
               "layer":5
            }
         }
      ]
   },
   "toggle_txt":{
      "type":"label",
      "size":[
         "default",
         "default"
      ],
      "color":[
         0.75,
         0.75,
         0.75
      ],
      "font_type":"smooth",
      "text": "$button_text",
      "bindings":[
         {
            "binding_name": "$button_text"
         }
      ]
   },
   
   
   
   
   "spy_toggle2@saad_toogles.spy_toggle":{
      "$checked_control":"saad_toogles.toggle2",
      "$checked_hover_control":"saad_toogles.toggle_hover2",
      "$unchecked_control":"saad_toogles.toggle_unchecked2",
      "$unchecked_hover_control":"saad_toogles.toggle_unchecked_hover2"
   },
   "toggle2@saad_toogles.main_panel":{
      "type":"image",
      "size":[
         "100%",
         "100%"
      ],
      "layer": 500,
      "texture":"_SPY/textures/buttons/2/hover"
   },
   "toggle_hover2@saad_toogles.main_panel":{
      "type":"image",
      "size":[
         "100%",
         "100%"
      ],
      "layer": 500,
      "texture":"_SPY/textures/buttons/2/hover"
   },
   "toggle_unchecked2@saad_toogles.main_panel":{
      "type":"image",
      "size":[
         "100%",
         "100%"
      ],
      "layer": 500,
      "texture":"_SPY/textures/buttons/2/default"
   },
   "toggle_unchecked_hover2@saad_toogles.main_panel":{
      "type":"image",
      "size":[
         "100%",
         "100%"
      ],
      "layer": 500,
      "texture":"_SPY/textures/buttons/2/hover"
   }
   
   
   
   


  
  
  
}