{
    "namespace": "accessibility_section",
      "accessibility_button@settings_common.section_toggle_base": {
    "$toggle_view_binding_name": "accessibility_button_toggle",
    "$glyph_texture": "textures/ui/accessibility_glyph",
    "$glyph_color_texture": "textures/ui/accessibility_glyph_color",
    "$glyph_size": [ 19, 20 ],
    "$button_text": "options.accessibility",
    "$toggle_property_bag": {
      "#panel_title": "options.accessibility.title"
    }
  },

  "darkness_slider_label": {
    "type": "label",
    "text": "options.darknessEffectModifier.message",
    "size": [ "100%", "default" ],
    "color": "$light_button_locked_text_color"
  },

  "notification_duration_label": {
    "type": "label",
    "text": "options.notificationDuration",
    "size": [ "100%", "default" ],
    "color": "$body_text_color"
  },

  "notification_duration_info_label": {
    "type": "label",
    "text": "options.notificationDuration.message",
    "size": [ "100%", "default" ],
    "color": "$light_button_locked_text_color"
  },

  "accessibility_section": {
    "type": "stack_panel",
    "size": [ "100%", "100%c" ],
    "anchor_from": "top_left",
    "anchor_to": "top_left",
    "bindings": [
      {
        "binding_type": "view",
        "source_control_name": "accessibility_button_toggle",
        "source_property_name": "#toggle_state",
        "target_property_name": "#visible"
      }
    ],
    "controls": [
      {
        "option_toggle0@settings_common.option_toggle": {
          "ignored": "(not $supports_flite_tts or not $platform_tts_exists)",
          "$option_label": "options.enableAutoPlatformTextToSpeech",
          "$option_binding_name": "#enable_auto_text_to_speech",
          "$option_enabled_binding_name": "#enable_auto_text_to_speech_enabled",
          "$toggle_name": "enable_auto_text_to_speech"
        }
      },
      {
        "option_toggle1@settings_common.option_toggle": {
          "ignored": "(not $supports_flite_tts)",
          "$option_label": "options.enableUITextToSpeech",
          "$option_binding_name": "#enable_ui_text_to_speech",
          "$option_enabled_binding_name": "#enable_ui_text_to_speech_enabled",
          "$toggle_name": "enable_ui_text_to_speech"
        }
      },
      {
        "option_toggle2@settings_common.option_toggle": {
          "ignored": "(not $supports_flite_tts)",
          "$option_label": "options.enableChatTextToSpeech",
          "$option_binding_name": "#enable_chat_text_to_speech",
          "$option_enabled_binding_name": "#enable_chat_text_to_speech_enabled",
          "$toggle_name": "enable_chat_text_to_speech",
          "bindings": [
            {
              "binding_name": "#not_hide_chat",
              "binding_name_override": "#enabled"
            }
          ]
        }
      },
      {
        "option_slider_0@settings_common.option_slider": {
          "$option_label": "#texttospeech_volume_slider_label",
          "$slider_name": "texttospeech_volume",
          "$slider_value_binding_name": "#texttospeech_volume",
          "$slider_tts_text_value": "#texttospeech_volume_text_value",
          "$option_enabled_binding_name": "#texttospeech_volume_enabled",
          "$label_bindings": [
            {
              "binding_name": "$option_label"
            }
          ]
        }
      },
      {
        "option_toggle3@settings_common.option_toggle": {
          "ignored": "(not $supports_flite_tts)",
          "$option_label": "options.enableOpenChatMessage",
          "$option_binding_name": "#enable_open_chat_message",
          "$option_enabled_binding_name": "#enable_open_chat_message_enabled",
          "$toggle_name": "enable_open_chat_message"
        }
      },
      {
        "text_background_opacity_slider@settings_common.option_slider": {
          "$option_label": "#text_background_opacity_slider_label",
          "$slider_name": "text_background_opacity",
          "$slider_value_binding_name": "#text_background_opacity",
          "$slider_tts_text_value": "#text_background_opacity_text_value",
          "$option_enabled_binding_name": "#text_background_opacity_enabled",
          "$label_bindings": [
            {
              "binding_name": "$option_label"
            }
          ]
        }
      },
      {
        "camera_shake_toggle@settings_common.option_toggle": {
          "ignored": "($is_holographic and $is_reality_mode and not $is_pregame)",
          "$option_label": "options.screenShake",
          "$option_binding_name": "#camera_shake",
          "$option_enabled_binding_name": "#camera_shake_enabled",
          "$toggle_name": "camera_shake"
        }
      },
      {
        "darkness_slider@settings_common.option_slider": {
          "$option_label": "#darkness_slider_label",
          "$slider_name": "darkness",
          "$slider_value_binding_name": "#darkness",
          "$slider_tts_text_value": "#darkness_text_value",
          "$option_enabled_binding_name": "#darkness_enabled",
          "$label_bindings": [
            {
              "binding_name": "$option_label"
            }
          ]
        }
      },
      {
        "darkness_slider_label_spacer_pre": {
          "type": "panel",
          "size": [ "100%", 2 ]
        }
      },
      {
        "darkness_slider_label_wrapper@common.tts_label_focus_wrapper": {
          "$tts_label_panel": "general_section.darkness_slider_label"
        }
      },
      {
        "darkness_slider_label_spacer_post": {
          "type": "panel",
          "size": [ "100%", 10 ]
        }
      },
      {
        "input_hint_toggle@settings_common.option_toggle": {
          "ignored": "(not $education_edition)",
          "$option_label": "options.showInputHints",
          "$option_binding_name": "#show_input_hints",
          "$option_enabled_binding_name": "#show_input_hints_enabled",
          "$toggle_name": "show_input_hints"
        }
      },
      {
        "notification_duration_options_panel": {
          "type": "stack_panel",
          "size": [ "100%", "100%c" ],
          "orientation": "vertical",
          "controls": [
            {
              "notification_duration_label_wrapper@common.tts_label_focus_wrapper": {
                "$tts_label_panel": "general_section.notification_duration_label"
              }
            },
            {
              "notification_duration_info_label_wrapper@common.tts_label_focus_wrapper": {
                "$tts_label_panel": "general_section.notification_duration_info_label"
              }
            },
            {
              "notification_duration_dropdown_spacer_pre": {
                "type": "panel",
                "size": [ "100%", -8 ]
              }
            },
            {
              "notification_duration_dropdown@settings_common.option_dropdown": {
                "ignored": "($is_holographic and $is_reality_mode)",
                "$dropdown_content": "general_section.notification_duration_dropdown_content",
                "$dropdown_area": "content_area",
                "$dropdown_name": "notification_duration_dropdown",
                "$option_enabled_binding_name": "#notification_duration_dropdown_enabled",
                "$options_dropdown_toggle_label_binding": "#notification_duration_dropdown_toggle_label",
                "$dropdown_scroll_content_size": [ "100%", "200%" ]
              }
            }
          ]
        }
      },
      {
        "reset_button@settings_common.action_button": {
          "ignored": "(not $is_pregame)",
          "$pressed_button_name": "button.reset_settings",
          "$button_text": "options.resetSettings",
          "$focus_override_down": "FOCUS_OVERRIDE_STOP",
          "property_bag": {
            "reset_group": "accessibility"
          }
        }
      }
    ]
  }