{
    "namespace": "advanced_section",
    "advance_button@settings_common.section_toggle_base": {
        "$toggle_view_binding_name": "advanced_toggle",
        "$glyph_texture": "Chest/logo",
        "$glyph_color_texture": "Chest/logo",
        "$glyph_size": [
            19,
            20
        ],
        "$button_text": "Credits",
        "$toggle_property_bag": {
            "#panel_title": "Credits"
        }
    },
    "advance_section": {
        "type": "stack_panel",
        "size": [
            "100%",
            "100%c"
        ],
        "anchor_from": "top_left",
        "anchor_to": "top_left",
        "bindings": [
            {
                "binding_type": "view",
                "source_control_name": "advanced_toggle",
                "source_property_name": "#toggle_state",
                "target_property_name": "#visible"
            }
        ],
        "controls": [
            {
                "chest_client_header@how_to_play_common.header": {
                "$text": "Chest Client",
                "$font_type": "default"
                }
            },
            {
                "chest_lable@settings_common.selector_group_label": {
                    "text": "\nChest Client:\n§9Discord: §fhttps://discord.gg/feXxcCQKmS",
                    "font_type": "default"
                }
            },
            {
                "mochamlp_lable@settings_common.selector_group_label": {
                    "text": "\nMOCHAMLP:\n§cYoutube: §f@JOGADOR 1 \n§9Discord: §fBaú#6761",
                    "font_type": "default"
                }
            },
            {
                "dreed_lable@settings_common.selector_group_label": {
                    "text": "\nDREED:\n§cYoutube: §f@Team Dreed\n§9Discord: §fDreed#1853 ",
                    "font_type": "default"
                }
            },
            {
                "genos_lable@settings_common.selector_group_label": {
                    "text": "\nGENOS:\n§cYoutube: §f@Genos Modz\n§9Discord: §fI'm Samuel#8917\n",
                    "font_type": "default"
                }
            },
            {
                "quick_loot_header@how_to_play_common.header": {
                "$text": "Quick Loot",
                "$font_type": "default"
                }
            },
            {
                "quick_loot_lable@settings_common.selector_group_label": {
                    "text": "\nTLGM:\n§4Youtube: §f@TLGM 2308\n§bTwitter: §f@tlgm2308",
                    "font_type": "default"
                }
            },
            {
                "quick_loot2_lable@settings_common.selector_group_label": {
                    "text": "§aTy Els Ui Pack: §fhttps://mcpedl.com/the-ty-els-ui-pack/",
                    "font_type": "default"
                }
            },
            {
                "mcbe_templates@how_to_play_common.header": {
                "$text": "Mcbe Templates",
                "$font_type": "default"
                }
            },
            {
                "templates_text@settings_common.selector_group_label": {
                    "text": "\n§9Discord: §fhttps://discord.gg/p28EvrWV5P",
                    "font_type": "default"
                }
            },
            {
                "potion_status@how_to_play_common.header": {
                "$text": "Potion Status",
                "$font_type": "default"
                }
            },
            {
                "templates_text@settings_common.selector_group_label": {
                    "text": "\n§9Discord: §fyuzémite#1234",
                    "font_type": "default"
                }
            }
        ]
    }
}