{
    "namespace": "features_section",
    "user_button@settings_common.section_toggle_base": {
        "$toggle_view_binding_name": "user_toggle",
        "$glyph_texture": "Chest/logo",
        "$glyph_color_texture": "Chest/logo",
        "$glyph_size": [
            19,
            20
        ],
        "$button_text": "Features",
        "$toggle_property_bag": {
            "#panel_title": "Features"
        }
    },
    "user_section": {
        "type": "stack_panel",
        "size": [
            "100%",
            "100%c"
        ],
        "anchor_from": "top_left",
        "anchor_to": "top_left",
        "bindings": [
            {
                "binding_type": "view",
                "source_control_name": "user_toggle",
                "source_property_name": "#toggle_state",
                "target_property_name": "#visible"
            }
        ],
        "controls": [
            {
            
                "features1_section_header@how_to_play_common.header": {
                "$text": "Chest Client V1",
                "$font_type": "default"
                }
            },
            {
                "chest1@settings_common.selector_group_label": {
                    "text": "\n§a[+] New Start Screen\n[+] New Texture Pack\n[+] Quick Settigs\n[+] Features Section\n[+] Credits Sections\n[+] Quick Loot\n[+] Armor Hud\n[+] Fps Counter\n[+] Freelook\n[+] Quick Chat\n[+] Potion Status\n[...] §fSubpacks:\n  §fInvisible Leather Armor\n  Java 1.8.9 Textures\n  No Particles",
                    "font_type": "default"
                }
            }
        ]
    }
}