{
  "namespace": "clean_buttons",
  
  "button@common.button": {
    "locked_control": "locked",
    "controls": [
      { "default@clean_buttons.default": { } },
      { "hover@clean_buttons.hover": { } },
      { "pressed@clean_buttons.pressed": { } },
      { "locked@clean_buttons.locked": { } }
    ]
  },
  
  "button_bg@common.button": {
    "locked_control": "locked",
    "controls": [
      { "default@clean_buttons.default_2": { "$button_texture": "clean_toggles.default_texture" } },
      { "hover@clean_buttons.hover_2": { "$button_texture": "clean_toggles.hover_texture" } },
      { "pressed@clean_buttons.pressed_2": { "$button_texture": "clean_toggles.hover_texture" } },
      { "locked@clean_buttons.locked_2": { "$button_texture": "clean_toggles.default_texture" } }
    ]
  },
  
  "default@clean_buttons.button_panel": {
    "$has_hover_text": false,
    "$text_color": "$button_default_text_color",
    "$button_texture": "clean_buttons.nthng"
  },

  "hover@clean_buttons.button_panel": {
    "$has_hover_text": true,
    "$text_color": "$button_hover_text_color",
    "offset": [ 0, -5 ],
    "size": [ "105%", "105%" ],
    "$button_texture": "clean_buttons.nthng"
  },

  "pressed@clean_buttons.button_panel": {
    "$has_hover_text": true,
    "$text_color": [ 1.0, 1.0, 1.0 ],
    "offset": [ 0, -5 ],
    "size": [ "105%", "105%" ],
    "$button_texture": "clean_buttons.nthng"
  },

  "locked@clean_buttons.button_panel": {
    "$has_hover_text": false,
    "$text_color": [ 0.8, 0.8, 0.8 ],
    "$button_texture": "clean_buttons.nthng"
  },
  
  "default_2@clean_buttons.button_panel": {
    "$has_hover_text": false,
    "$text_color": "$button_default_text_color",
    "$button_texture": "clean_buttons.nthng"
  },

  "hover_2@clean_buttons.button_panel": {
    "$has_hover_text": true,
    "$text_color": "$button_hover_text_color",
    "$button_texture": "clean_buttons.nthng"
  },

  "pressed_2@clean_buttons.button_panel": {
    "$has_hover_text": true,
    "$text_color": [ 1.0, 1.0, 1.0 ],
    "$button_texture": "clean_buttons.nthng"
  },

  "locked_2@clean_buttons.button_panel": {
    "$has_hover_text": false,
    "$text_color": [ 0.5, 0.5, 0.5 ],
    "$button_texture": "clean_buttons.nthng"
  },
  
  "button_panel": {
    "type": "panel",
    "size": [ "100%", "100%" ],
    "layer": 10,
    "$button_content|default": "clean_buttons.button_label",
    "controls": [
      { "button_content@$button_content": { "layer": 3 } },
      { "button_texture@$button_texture": { "layer": 1 } }
    ]
  },

  "button_label": {
    "type": "label",
    "shadow": true,
    "font_type": "smooth",
    "font_scale_factor": 0.9,
    "size": [ "default", "default" ],
    "color": "$text_color",
    "$text_color|default": [ 0.75, 0.75, 0.75 ],
    "text": "$button_text",
    "bindings": [
      {
        "binding_name": "$button_text"
      }
    ]
  }
}
