{
  "namespace": "death",

  "death_screen@common.base_screen": {
    "$screen_content": "death.death_screen_content",
    "$screen_bg_content": "ilike.rickastley",
    "load_screen_immediately": true
  },

  "death_screen_content": {
    "type": "panel",
    "controls": [
           {
       			 		"you_died_label": {
        						"type": "label",
        						"color": "$death_text_color",
         				 	 	"anchor_from": "center",
         						"anchor_to": "center",
         						"offset": [ 0, -116 ],
         						"text": "You died!",
          					"shadow": true,
         	 					"font_size": "large"
    						}
    				},
            {
        			 		"score_label": {
         							"type": "label",
         							"color": "$death_text_color",
          				 	 	"anchor_from": "center",
          						"anchor_to": "center",
          						"offset": [ 0, -76 ],
          						"text": "Score: §e0",
           					  "shadow": true,
          	 					"font_size": "normal"
     						}
     				},
			      {
			          "respawn_button@luconia_java_buttons.java_button": {
			              "size": [ 200, 20 ],
			              "offset": [ 0, -12 ],
										"anchor_from": "center",
										"anchor_to": "center",
			              "$pressed_button_name": "button.respawn_button",
			              "$button_text": "Respawn",
		                "bindings": [
		                  {
		                    "binding_name": "#respawn_enabled",
		                    "binding_name_override": "#enabled"
		                  }
		                ]
			          }
			      },
			      {
			          "exit@luconia_java_buttons.java_button": {
			              "size": [ 200, 20 ],
			              "offset": [ 0, 12 ],
										"anchor_from": "center",
										"anchor_to": "center",
			              "$button_text": "Title screen",
					          "$pressed_button_name": "button.main_menu_button",
					          "variables": [
					            {
					              "requires": "$is_secondary_client",
					              "$button_text": "Title Screen"
					            }
					          ],
		                "bindings": [
		                  {
		                    "binding_name": "#quit_enabled",
		                    "binding_name_override": "#enabled"
		                  }
		                ]
								}
						},
					  {
						  "background_gradient": {
						    "type": "custom",
								"layer": -1111,
						    "renderer": "gradient_renderer",
						    "color1": [ 0.313, 0, 0, 0.37 ],
						    "color2": [ 0.5, 0.188, 0.188, 0.627 ],
						    "ignored": "$is_holographic"
						  }					 
					 }
  		 ]
	},

  "background_gradient": {
    "type": "custom",
    "renderer": "gradient_renderer",
    "color1": [ 0.313, 0, 0, 0.37 ],
    "color2": [ 0.5, 0.188, 0.188, 0.627 ],
    "ignored": "$is_holographic"
  }
}