{
    "namespace": "hud",
    
    "hotbar_renderer": {
      "type": "custom",
      "renderer": "hotbar_renderer",
      "size": [ 20, 22 ],
      "layer": 1,
      "bindings": [
        {
          "binding_collection_name": "$hotbar_collection_name",
          "binding_type": "collection_details"
        }
      ],
      "controls": [
        { "hotbar_slot_image@hotbar_slot_image": {
            "alpha": 1
          }
        }
      ]
    },

    "hud_screen@common.base_screen": {
  	  "is_showing_menu": false,
  	  "always_accepts_input": true,
  	  "should_steal_mouse": true,
      "low_frequency_rendering": true,
  	  "absorbs_input": false,
  	  "send_telemetry": false,
  	  "render_only_when_topmost": false,
  	  "$use_loading_bars": false,
      "$screen_animations": [
        "@common.screen_exit_animation_push_fade",
        "@common.screen_exit_animation_pop_fade",
        "@common.screen_entrance_animation_push_fade",
        "@common.screen_entrance_animation_pop_fade"
      ],
  
      "button_mappings": [
        {
          "from_button_id": "button.scoreboard",
          "to_button_id": "button.scoreboard",
          "mapping_type": "global"
        },
        {
          "from_button_id": "button.inventory_left",
          "to_button_id": "button.hotbar_inventory_left",
          "mapping_type": "global"
        },
        {
          "from_button_id": "button.inventory_right",
          "to_button_id": "button.hotbar_inventory_right",
          "mapping_type": "global"
        },
        {
          "from_button_id": "button.hide_gui",
          "to_button_id": "button.hide_gui_all",
          "mapping_type": "global"
        },
        {
          "from_button_id": "button.hide_tooltips",
          "to_button_id": "button.hide_tooltips_hud",
          "mapping_type": "global"
        },
        {
          "from_button_id": "button.hide_paperdoll",
          "to_button_id": "button.hide_paperdoll_hud",
          "mapping_type": "global"
        },
        {
          "from_button_id": "button.slot1",
          "to_button_id": "button.slot_1",
          "mapping_type": "global"
        },
        {
          "from_button_id": "button.slot2",
          "to_button_id": "button.slot_2",
          "mapping_type": "global"
        },
        {
          "from_button_id": "button.slot3",
          "to_button_id": "button.slot_3",
          "mapping_type": "global"
        },
        {
          "from_button_id": "button.slot4",
          "to_button_id": "button.slot_4",
          "mapping_type": "global"
        },
        {
          "from_button_id": "button.slot5",
          "to_button_id": "button.slot_5",
          "mapping_type": "global"
        },
        {
          "from_button_id": "button.slot6",
          "to_button_id": "button.slot_6",
          "mapping_type": "global"
        },
        {
          "from_button_id": "button.slot7",
          "to_button_id": "button.slot_7",
          "mapping_type": "global"
        },
        {
          "from_button_id": "button.slot8",
          "to_button_id": "button.slot_8",
          "mapping_type": "global"
        },
        {
          "from_button_id": "button.slot9",
          "to_button_id": "button.slot_9",
          "mapping_type": "global"
        },
        {
          "from_button_id": "button.slot0",
          "to_button_id": "button.slot_0",
          "mapping_type": "global"
        }
      ],
      "$screen_content": "hud.hud_content"
    },
  
    "hud_content": {
      "type": "panel",
      "$hud_size": [ "100%", "100%" ],
      "$hud_player_rend_desktop_offset|default": [ 15, 15 ],
      "variables": [
        {
          "requires": "($is_holographic and not $is_living_room_mode)",
          "$hud_player_rend_desktop_offset": [ 100, 50 ]
        },
        {
          "requires": "($compress_hud_width)",
          "$hud_size": [ "90%", "100%" ]
        }
      ],
      "size": "$hud_size",
      "controls": [
        {
          "root_panel@hud.root_panel": {}
        },
        {
          "camera_renderer@camera_renderer": {}
        },
        {
          "luconia_mods@luconia_mods.screen_panel": {}
        }
      ]
    }
  }
