{
  "namespace": "progress",
  
  "loading_circle_test_anim": {
    "anim_type": "flip_book",
    "initial_uv": [ 0, 0 ],
    "frame_count": 10,
    "frame_step": 7,
    "fps": 10
  },
  
  "loading_circle_test": {
    "type": "image",
    "layer": 104,
    "texture": "assets/luconia/ui/loading_123",
    "offset": [ 0, -5 ],
    "uv_size": [ 7, 7 ],
    "size": [ 55, 55 ],
    "uv": "@progress.loading_circle_test_anim"
  },
  
  "loading_content_java": {
      "type": "panel",
      "controls": [
          {
              "cancel_button@luconia_buttons.clean_button": {
                  "anchor_from": "center",
                  "anchor_to": "center",
                  "$pressed_button_name": "button.menu_exit",
                  "offset": [ 0, 45 ],
                  "size": [ 135, 20 ],
                  "$button_text": "Cancel"
              }
          },
          {
              "circle": {
                "type": "panel",
                "anchor_from": "center",
                "anchor_to": "center",
                "controls": [
                  {
                    "loading@progress.loading_circle_test": {}
                  }
                ]
              }
          },
          { "popup_dialog_factory@progress.popup_dialog_factory": {
              "layer": 11110
          }
        }
      ]
  },

  "modal_progress_screen@progress_screen": {
    "$screen_content": "progress.loading_content_java",
    "$screen_bg_content": "bg.clean"
  },

  "realms_loading_progress_screen@progress_screen": {
    "$screen_content": "progress.loading_content_java",
    "$screen_bg_content": "bg.clean"
  },

  "world_loading_progress_screen@progress_screen": {
    "$screen_content": "progress.loading_content_java",
    "$screen_bg_content": "bg.clean"
  },

  "overworld_loading_progress_screen@world_loading_progress_screen": {
    "$screen_bg_content": "bg.clean"
  },

  "nether_loading_background@world_loading_screen_background": {
    "texture": "textures/blocks/netherrack",
    "color": [ 0.5, 0.5, 0.5 ],
    "controls": [
      {
        "background_gradient": {
          "type": "custom",
          "renderer": "gradient_renderer",
          "color1": [ 0.3, 0.3, 0.3, 0.2 ],
          "color2": [ 0.5, 0.188, 0.188, 0.4 ],
          "ignored": "$is_holographic"
        }
      }
    ]
  },

  "nether_loading_progress_screen@world_loading_progress_screen": {
    "$screen_bg_content": "progress.nether_loading_background"
  },

  "theend_loading_background@world_loading_screen_background": {
    "texture": "textures/blocks/end_stone",
    "controls": [
      {
        "background_gradient": {
          "type": "custom",
          "renderer": "gradient_renderer",
          "color1": [ 0, 0, 0, 0.2 ],
          "color2": [ 0, 0, 0, 0.4 ],
          "ignored": "$is_holographic"
        }
      }
    ]
  },

  "theend_loading_progress_screen@world_loading_progress_screen": {
    "$screen_bg_content": "progress.theend_loading_background"
  },


  "world_saving_progress_screen@progress_screen": {
    "$screen_content": "progress.loading_content_java",
    "$screen_bg_content": "bg.clean"
  },


  "world_convert_modal_progress_screen@progress.progress_screen": {
    "$screen_content": "progress.loading_content_java",
    "$screen_bg_content": "bg.clean"
  },

  "progress_screen@common.base_screen": {
    "force_render_below": "$force_render_below",
    "$screen_animations": [
      "@common.screen_exit_animation_push_fade",
      "@common.screen_exit_animation_pop_fade"
    ],

    "button_mappings": [
      {
        "from_button_id": "button.menu_cancel",
        "to_button_id": "button.menu_exit",
        "mapping_type": "global"
      }
    ]
  }
}
