{
  "namespace": "clean_toggles",
  
  "toggle@common.toggle": {
      "$checked_control": "clean_toggles.default",
      "$unchecked_control": "clean_toggles.unchecked",
      "$checked_hover_control": "clean_toggles.default_hover",
      "$unchecked_hover_control": "clean_toggles.unchecked_hover",
      "$toggle_name": "navigation_tab",
      "$radio_toggle_group": true
  },

  "default@clean_buttons.button_panel": {
      "type": "image",
      "$button_texture": "clean_toggles.hover_texture"
  },
  "unchecked@clean_buttons.button_panel": {
      "type": "image",
      "$button_texture": "clean_toggles.default_texture"
  },
  "default_hover@clean_buttons.button_panel": {
      "type": "image",
      "$button_texture": "clean_toggles.hover_texture"
  },
  "unchecked_hover@clean_buttons.button_panel": {
      "type": "image",
      "$button_texture": "clean_toggles.hover_texture"
  },
  
  "default_texture": {
    "type": "image",
    "size": [ "100%", "100%" ],
    "texture": "clean/default"
  },
  
  "hover_texture": {
    "type": "image",
    "size": [ "100%", "100%" ],
    "texture": "clean/hover"
  }
}
