{
    "namespace": "luconia_mods",

    "mod_panel": {
        "type": "panel",
        "controls": [
            {
                "players_list@luconia_players_list.players_list_grid": {}
            },
            {
                "status_hud@luconia_status_hud.status_hud": {}
            },
            {
                "ip_display@luconia_ip_display.ip_display": {}
            },
            {
                "item_id@luconia_item_id.luconia_item_id_viewer_23523212353454365433242": {}
            },
            {
                "aux_id@luconia_aux_id.mainhand_item_aux_id": {}
            },
            {
                "durability@luconia_durability.durability_viewer_base_panel": {}
            },
            {
                "direction_hud@luconia_direction_hud.direction_hud_panel": {}
            },
            {
                "potion_counter@luconia_potion_counter.potion_counter": {}
            },
            {
                "offhand_hud@luconia_offhand_hud.offhand_hud": {}
            },
            {
                "armor_hud@luconia_armor_hud.armor_hud": {}
            },
            {
                "offhand_hud@luconia_offhand_hud.offhand_hud": {}
            },
            {
                "mainhand_hud@luconia_mainhand_hud.mainhand_hud": {}
            },
            {
                "speed_display@luconia_speed_display.speed_display": {}
            }
        ]
    },

    "screen_panel": {
        "type": "panel",
        "controls": [
            {
                "mod_panel@luconia_mods.mod_panel": {}
            }
        ]
    }
}
