{
  "namespace": "add_server_luconia",
	
    "remove_button@common_buttons_luconia.main_button": {
      "size": [ 22, 22 ],
      "offset": [ 5, 5 ],
      "$pressed_button_name": "button.remove_button",
      "$button_text": "D E L E T E",
			"visible": "($edit_mode)",
      "size": [ 80, 20 ],
      "offset": [ -41.5, 60 ]
    },
	
  "buttons": {
    "type": "panel",
    "controls": [
      {
        "play_button@common_buttons_luconia.main_button": {
          "size": [ 80, 20 ],
          "offset": [ -41.5, 60 ],
          "$pressed_button_name": "button.play_button",
          "$button_text": "P L A Y",
		      "ignored": "$edit_mode",
		      "bindings": [
		       {
		        "binding_name": "#play_button_enabled",
		        "binding_name_override": "#visible"
		       },
		      {
		        "binding_name": "#play_button_enabled",
		        "binding_name_override": "#enabled"
		      }
		      ]
				}
      },
      {
        "save_button@common_buttons_luconia.main_button": {
          "size": [ 80, 20 ],
					"offset": [ 41.5, 60 ],
			    "$pressed_button_name": "button.save_button",
			    "$button_text": "S A V E",
			    "bindings": [
			      {
			        "binding_name": "#save_button_enabled",
			        "binding_name_override": "#visible"
			      },
			      {
			        "binding_name": "#save_button_enabled",
			        "binding_name_override": "#enabled"
			      }
			    ]
        }
      }
    ]
  },
	
  "text_edit_group": {
    "type": "stack_panel",
    "anchor_from": "top_left",
    "anchor_to": "top_left",
    "size": [ "100%", "100%c+3px" ],
    "$max_length|default": 30,
    "$text_type|default": "ExtendedASCII",
    "controls": [
      {
        "name_label": {
          "type": "label",
          "color": "$sub_header_text_color",
          "anchor_from": "top_left",
					"font_type": "smooth",
          "anchor_to": "top_left",
          "layer": 1,
          "offset": [ 2, 0 ],
          "size": [ "100%", "10px" ],
          "text": "$header"
        }
      },
      {
        "edit_box@common.text_edit_box": {
          "layer": 2,
          "anchor_from": "top_left",
          "anchor_to": "top_left",
					"font_type": "smooth",
          "size": [ "100%", 25 ],
          "$text_box_name": "$text_box_name",
          "$text_edit_box_content_binding_name": "$content_binding_name",
          "max_length": "$max_length",
          "text_type": "$text_type",
          "$place_holder_text": "$placeholder_label",
          "$text_edit_box_binding_condition": "once"
        }
      }
    ]
  },

  "title_text": {
    "type": "label",
    "layer": 1,
    "text": "Add Server",
    "shadow": false,
		"font_type": "MinecraftTen",
		"offset": [ 0, 80 ]
  },

  "content_panel": {
    "type": "stack_panel",
    "controls": [
      {
        "name_edit@add_external_server.text_edit_group": {
          "$header": "addExternalServerScreen.nameTextBoxLabel",
          "$placeholder_label": "addExternalServerScreen.namePlaceholder",
          "$text_box_name": "#name_text_box",
          "$max_length": 16,
          "$content_binding_name": "#name_text_box_content",
          "$text_box_tts_header": "addExternalServerScreen.nameTextBoxLabel",
          "$focus_id": "0_name",
          "$focus_override_right": "1_ip_edit",
					"font_type": "smooth"
        }
      },
      {
        "ip_edit@add_external_server.text_edit_group": {
          "$header": "addExternalServerScreen.ipTextBoxLabel",
          "$placeholder_label": "addExternalServerScreen.ipPlaceholder",
          "$text_box_name": "#ip_text_box",
					"font_type": "smooth",
          "$max_length": 256,
          "$content_binding_name": "#ip_text_box_content",
          "$text_box_tts_header": "addExternalServerScreen.ipTextBoxLabel",
          "$focus_id": "1_ip_edit",
          "$focus_override_right": "2_port"
        }
      },
      {
        "port_edit@add_external_server.text_edit_group": {
          "$header": "addExternalServerScreen.portTextBoxLabel",
          "$placeholder_label": "",
          "$max_length": 6,
          "$text_type": "NumberChars",
					"font_type": "smooth",
          "$text_box_name": "#port_text_box",
          "$content_binding_name": "#port_text_box_content",
          "$text_box_tts_header": "addExternalServerScreen.portTextBoxLabel",
          "$focus_id": "2_port",
          "$focus_override_right": "0_name"
        }
      }
    ]
  },

  "main_panel": {
    "type": "input_panel",
    "size": "$dialog_size",
    "controls": [
      {
        "title@add_server_luconia.title_text": {
          "offset": [ 10, 9 ],
          "size": [ "100%", 15 ],
          "anchor_to": "top_middle",
          "anchor_from": "top_middle"
        }
      },
      {
        "main_content@add_external_server.content_panel": {
          "anchor_from": "top_left",
          "anchor_to": "top_left",
          "size": [ "100%-21px", "100%-52px" ],
          "offset": [ 10, 24 ]
        }
      }
		]
	},
	
	"exit@common_buttons_luconia.main_button": {
		"$pressed_button_name": "button.menu_exit",
		"anchor_from": "top_right",
		"anchor_to": "top_right",
		"$button_content": "luconia_textures_common.luconia_exit_icon",
		"button_content": "luconia_textures_common.luconia_exit_icon",
		"offset": [
			-5,
			5
		],
		"size": [
			22,
			22
		]
	},
	
	"bg_panel": {
		"anchor_from": "center",
		"anchor_to": "center",
		"type": "image",
		"texture": "ui/textures/60",
		"offset": [
			0,
			-10
		],
		"size": [
			330,
			170
		]
	},
	
	"textlogo": {
		"anchor_from": "bottom_right",
		"anchor_to": "bottom_right",
		"type": "image",
		"texture": "ui/textures/text",
		"offset": [
			-1,
			61
		],
		"size": [
			145,
			145
		]
	},
	
  "add_server_custom": {
    "type": "panel",
    "controls": [
      { "buttons@add_server_luconia.buttons": { } },
			{ "main_panel@add_server_luconia.main_panel": { } },
			{ "exit@add_server_luconia.exit": { } },
			{ "remove_button@add_server_luconia.remove_button": { } },
			{ "bg_panel@add_server_luconia.bg_panel": { } },
			{ "textlogo@add_server_luconia.textlogo": { } }
    ]
  }
}