{
  "namespace": "common_buttons_luconia",
	
  "main_toggle@common.toggle": {
		"$checked_control": "common_buttons_luconia.toggle",
		"$unchecked_control": "common_buttons_luconia.toggle_unchecked",
		"$checked_hover_control": "common_buttons_luconia.toggle_hover",
		"$unchecked_hover_control": "common_buttons_luconia.toggle_unchecked_hover"
	},
	
	"toggle@common_buttons_luconia.toggle_panel": {
		"type": "image",
"size": [ "100%", "100%" ],
		"layer": 40,
    "texture": "textures/uiluconia/main_button_default"
	},
		"toggle_unchecked@common_buttons_luconia.toggle_panel": {
			"type": "image",
"size": [ "100%", "100%" ],
			"layer": 40,
  "texture": "textures/uiluconia/main_button_default"
	},
	"toggle_hover@common_buttons_luconia.toggle_panel": {
		"type": "image",
"size": [ "100%", "100%" ],
		"layer": 40,
	  "texture": "textures/uiluconia/main_button_hover"
	},
	"toggle_unchecked_hover@common_buttons_luconia.toggle_panel": {
		"type": "image",
"size": [ "100%", "100%" ],
		"layer": 40,
	  "texture": "textures/uiluconia/main_button_hover"
	},
	
  "main_toggle2@common.toggle": {
		"$checked_control": "common_buttons_luconia.toggle2",
		"$unchecked_control": "common_buttons_luconia.toggle_unchecked2",
		"$checked_hover_control": "common_buttons_luconia.toggle_hover2",
		"$unchecked_hover_control": "common_buttons_luconia.toggle_unchecked_hover2"
	},
	
	"toggle2@common_buttons_luconia.toggle_panel": {
		"type": "image",
"size": [ "100%", "100%" ],
		"layer": 40,
    "texture": "textures/uiluconia/mod_off_default"
	},
		"toggle_unchecked2@common_buttons_luconia.toggle_panel": {
			"type": "image",
"size": [ "100%", "100%" ],
			"layer": 40,
  "texture": "textures/uiluconia/mod_on_default"
	},
	"toggle_hover2@common_buttons_luconia.toggle_panel": {
		"type": "image",
"size": [ "100%", "100%" ],
		"layer": 40,
	  "texture": "textures/uiluconia/mod_off_hover"
	},
	"toggle_unchecked_hover2@common_buttons_luconia.toggle_panel": {
		"type": "image",
"size": [ "100%", "100%" ],
		"layer": 40,
	  "texture": "textures/uiluconia/mod_on_hover"
	},
	
  "main_toggle3@common.toggle": {
    "$unchecked_control": "common_toggles.toggle_unchecked",
    "$checked_control": "common_toggles.toggle_checked",
    "$unchecked_hover_control": "common_toggles.toggle_unchecked_hover",
    "$checked_hover_control": "common_toggles.toggle_checked_hover",
    "$unchecked_locked_control": "common_toggles.toggle_unchecked_locked",
    "$unchecked_locked_hover_control": "common_toggles.toggle_unchecked_locked",
    "$checked_locked_control": "common_toggles.toggle_checked_locked",
    "$checked_locked_hover_control": "common_toggles.toggle_checked_locked",

    "$default_texture": "textures/uiluconia/toggle_off",
    "$hover_texture": "textures/uiluconia/toggleon",
    "$pressed_texture": "textures/uiluconia/toggleoffhover",
    "$pressed_no_hover_texture": "textures/uiluconia/toggleonhover",
    "$unchecked_locked_texture": "textures/uiluconia/toggleoff",
    "$checked_locked_texture": "textures/uiluconia/toggleon",

    "$border_visible": false,
    "$locked_alpha": 0.5
	},
	
	"toggle3@common_buttons_luconia.toggle_panel": {
		"type": "image",
"size": [ "100%", "100%" ],
		"layer": 40,
    "texture": "textures/uiluconia/toggleon"
	},
		"toggle_unchecked3@common_buttons_luconia.toggle_panel": {
			"type": "image",
"size": [ "100%", "100%" ],
			"layer": 40,
  "texture": "textures/uiluconia/toggleoff"
	},
	"toggle_hover3@common_buttons_luconia.toggle_panel": {
		"type": "image",
"size": [ "100%", "100%" ],
		"layer": 40,
	  "texture": "textures/uiluconia/toggleonhover"
	},
	"toggle_unchecked_hover3@common_buttons_luconia.toggle_panel": {
		"type": "image",
"size": [ "100%", "100%" ],
		"layer": 40,
	  "texture": "textures/uiluconia/toggleoffhover"
	},
	
  "toggle_label": {
    "type": "label",
    "shadow": false,
    "font_type": "smooth",
    "font_scale_factor": 0.9,
    "size": [ "default", "default" ],
    "color": "$text_color",
    "$text_color|default": [ 0.75, 0.75, 0.75 ],
		"$text_color|hover": [ 1, 1, 0 ],
    "text": "$button_text",
    "bindings": [
      {
        "binding_name": "$button_text"
      }
    ]
  },
	
  "toggle_panel": {
    "type": "panel",
    "size": [ "100%", "100%" ],
    "layer": 10,
    "$button_content|default": "common_buttons_luconia.toggle_label",
    "controls": [
      { "button_content@$button_content": { "layer": 3 } },
      { "button_texture@$button_texture": { "layer": 1 } }
    ]
  },
  
  "main_button@common.button": {
    "locked_control": "locked",
    "controls": [
      { "default@common_buttons_luconia.default": { } },
      { "hover@common_buttons_luconia.hover": { } },
      { "pressed@common_buttons_luconia.pressed": { } },
      { "locked@common_buttons_luconia.locked": { } }
    ]
  },
  
  "close_button@common.button": {
    "locked_control": "locked",
    "controls": [
      { "default@common_buttons_luconia.default": { } },
      { "hover@common_buttons_luconia.hover": { "$button_texture": "luconia_textures_common.close_button_hover" } },
      { "pressed@common_buttons_luconia.pressed": { } },
      { "locked@common_buttons_luconia.locked": { } }
    ]
  },
  
  "red_button@common.button": {
    "locked_control": "locked",
    "controls": [
      { "default@common_buttons_luconia.default": { "$button_texture": "luconia_textures_common.red_button_default" } },
      { "hover@common_buttons_luconia.hover": { "$button_texture": "luconia_textures_common.red_button_hover" } },
      { "pressed@common_buttons_luconia.pressed": { "$button_texture": "luconia_textures_common.red_button_hover" } },
      { "locked@common_buttons_luconia.locked": { "$button_texture": "luconia_textures_common.red_button_default" } }
    ]
  },

  "unchecked@common_buttons_luconia.button_panel": {
    "$has_hover_text": false,
    "$text_color": [ 0.75, 0.75, 0.75 ],
    "$button_texture": "luconia_textures_common.mods_tab_button_default"
  },

  "unchecked_hover@common_buttons_luconia.button_panel": {
    "$has_hover_text": true,
    "$text_color": [ 1.0, 1.0, 1.0 ],
    "$button_texture": "luconia_textures_common.mods_tab_button_hover"
  },

  "checked@common_buttons_luconia.button_panel": {
    "$has_hover_text": false,
    "$text_color": [ 1.0, 1.0, 1.0 ],
    "$button_texture": "luconia_textures_common.mods_tab_button_hover"
  },

  "checked_hover@common_buttons_luconia.button_panel": {
    "$has_hover_text": true,
    "$text_color": [ 1.0, 1.0, 1.0 ],
    "$button_texture": "luconia_textures_common.mods_tab_button_hover"
  },

  /*//// Main Button Resources ////*/

  "default@common_buttons_luconia.button_panel": {
    "$has_hover_text": false,
    "$text_color": "$button_default_text_color",
    "$button_texture": "luconia_textures_common.main_button_default"
  },

  "hover@common_buttons_luconia.button_panel": {
    "$has_hover_text": true,
    "$text_color": "$button_hover_text_color",
    "$button_texture": "luconia_textures_common.main_button_hover"
  },

  "pressed@common_buttons_luconia.button_panel": {
    "$has_hover_text": true,
    "$text_color": [ 1.0, 1.0, 1.0 ],
    "$button_texture": "luconia_textures_common.main_button_hover"
  },

  "locked@common_buttons_luconia.button_panel": {
    "$has_hover_text": false,
    "$text_color": [ 0.5, 0.5, 0.5 ],
    "$button_texture": "luconia_textures_common.main_button_default"
  },

  "button_panel": {
    "type": "panel",
    "size": [ "100%", "100%" ],
    "layer": 10,
    "$button_content|default": "common_buttons_luconia.button_label",
    "controls": [
      { "button_content@$button_content": { "layer": 3 } },
      { "button_texture@$button_texture": { "layer": 1 } }
    ]
  },

  "button_label": {
    "type": "label",
    "shadow": false,
    "font_type": "smooth",
    "font_scale_factor": 0.9,
    "size": [ "default", "default" ],
    "color": "$text_color",
    "$text_color|default": [ 0.75, 0.75, 0.75 ],
		"$text_color|hover": [ 1, 1, 0 ],
    "text": "$button_text",
    "bindings": [
      {
        "binding_name": "$button_text"
      }
    ]
  }
}