{
  "namespace": "news",
  "alphatest": {
    "anim_type": "alpha",
    "duration": 0.1,
    "from": 1.0,
    "to": 0.0,
		"next": "@news.alphatest1"
  },	
  "alphatest1": {
    "anim_type": "wait",
    "duration": 7.0,
    "next": "@news.alphatest2"
  },
  "alphatest2": {
    "anim_type": "alpha",
    "duration": 1.8,
    "from": 0.0,
    "to": 1.0
  },	

	//News
	
  "1start": {
    "anim_type": "alpha",
    "duration": 0.1,
    "from": 1.0,
    "to": 0.0,
		"next": "@news.1wait"
  },	
  "1wait": {
    "anim_type": "wait",
    "duration": 6.8,
    "next": "@news.1finish"
  },
  "1wait2": {
    "anim_type": "wait",
    "duration": 3.5,
    "next": "@news.1away"
  },
  "1finish": {
    "anim_type": "alpha",
    "duration": 1.5,
    "from": 0.0,
    "to": 1.0,
    "next": "@news.1wait2"
  },
  "1away": {
    "anim_type": "alpha",
    "duration": 0.3,
    "from": 1.0,
    "to": 0.0
	}
	//
}
