{
  "namespace": "progress_luconia",

  "loading": {
    "type": "image",
    "layer": 104,
    "texture": "textures/loading",
    "offset": [ 0, 0 ],
    "size": [ 200, 200 ],
    "uv": "@animations.loading_test"
  },

  "circle": {
    "type": "panel",
    "anchor_from": "center",
    "anchor_to": "center",
    "controls": [
      {
        "loading@progress_luconia.loading": {}
      }
    ]
  },
	
  "loading": {
    "type": "image",
    "layer": 104,
    "texture": "textures/loading",
    "offset": [ 0, 0 ],
    "uv_size": [ 7, 7 ],
    "size": [ 60, 60 ],
    "uv": "@animations.loading"
  },
	
	"exit@common_buttons_luconia.main_button": {
		"$pressed_button_name": "button.menu_exit",
		"anchor_from": "top_right",
		"anchor_to": "top_right",
		"$button_content": "luconia_textures_common.luconia_exit_icon",
		"button_content": "luconia_textures_common.luconia_exit_icon",
		"offset": [
			-5,
			5
		],
		"size": [
			22,
			22
		]
	},

  "progress_menu": {
    "type": "panel",
    "controls": [
      { "exit@progress_luconia.exit": { } },
			{ "circle@progress_luconia.circle": { } }
    ]
  },
  "full_screen": {
    "type": "panel",
    "controls": []
  }
}