{
	"namespace": "tyel_common",
	"header_base": {
		"type": "panel",
		"layer": 2,
		"$title_bindings|default": [

		],
		"$screen_header_title|default": "",
		"$header_icon|default": "",
		"$ignore_header_icon|default": false,
		"$title_offset|default": [
			48,
			5
		],
		"$icon_control|default": "common.empty_panel",
		"size": [
			"100%",
			"30px"
		],
		"anchor_from": "top_left",
		"anchor_to": "top_left",
		"variables": [
			{
				"requires": "$ignore_header_icon",
				"$title_offset": [
					20,
					5
				]
			}
		],
		"controls": [
			{
				"top_bar@common_store.store_top_bar": {
					"size": [
						"100%",
						"30px"
					],
					"layer": 2,
					"controls": [
						{
							"back_button@common.back_title_button": {
								"anchor_from": "left_middle",
								"anchor_to": "left_middle",
								"offset": [
									2,
									-1
								]
							}
						},
						{
							"header_icon": {
								"ignored": "$ignore_header_icon",
								"type": "image",
								"texture": "$header_icon",
								"size": [
									24,
									24
								],
								"anchor_from": "left_middle",
								"anchor_to": "left_middle",
								"offset": [
									20,
									-2
								],
								"layer": 2,
								"keep_ratio": true
							}
						},
						{
							"icon_control@$icon_control": {
								"ignored": "$ignore_header_icon",
								"anchor_from": "left_middle",
								"anchor_to": "left_middle",
								"offset": [
									20,
									-2
								],
								"layer": 2
							}
						},
						{
							"title@common.screen_header_title_panel": {
								"size": [
									"100% - 22px",
									"100%"
								],
								"offset": "$title_offset",
								"anchor_from": "left_middle",
								"anchor_to": "left_middle",
								"$screen_header_title_binding_type": "global",
								"layer": 5,
								"bindings": "$title_bindings"
							}
						}
					]
				}
			}
		]
	},
	"container_slot_button_prototype_quick_loot_mode@common.container_slot_button_prototype": {
		"button_mappings": [
			{
				"from_button_id": "button.menu_select",
				"to_button_id": "button.container_auto_place",
				"mapping_type": "pressed"
			},
			{
				"from_button_id": "button.menu_ok",
				"to_button_id": "button.container_auto_place",
				"mapping_type": "pressed"
			},
			{
				"from_button_id": "button.menu_secondary_select",
				"to_button_id": "button.container_take_half_place_one",
				"mapping_type": "pressed"
			},
			{
				"from_button_id": "button.controller_select",
				"to_button_id": "button.container_take_half_place_one",
				"mapping_type": "pressed"
			},
			{
				"from_button_id": "button.menu_auto_place",
				"to_button_id": "button.container_auto_place",
				"mapping_type": "pressed"
			},
			{
				"from_button_id": "button.controller_secondary_select",
				"to_button_id": "button.container_auto_place",
				"mapping_type": "pressed"
			},
			{
				"from_button_id": "button.menu_inventory_drop",
				"to_button_id": "button.drop_one",
				"mapping_type": "pressed"
			},
			{
				"from_button_id": "button.menu_inventory_drop_all",
				"to_button_id": "button.drop_all",
				"mapping_type": "pressed"
			},
			{
				"from_button_id": "button.menu_select",
				"to_button_id": "button.coalesce_stack",
				"mapping_type": "double_pressed"
			},
			{
				"from_button_id": "button.menu_ok",
				"to_button_id": "button.coalesce_stack",
				"mapping_type": "double_pressed"
			},
			{
				"to_button_id": "button.shape_drawing",
				"mapping_type": "pressed"
			},
			{
				"to_button_id": "button.container_slot_hovered",
				"mapping_type": "pressed"
			}
		]
	},
	"container_item_quick_loot_mode@common.container_item": {
		"$button_ref|default": "tyel_common.container_slot_button_prototype_quick_loot_mode"
	},
	"grid_item_for_hotbar_quick_loot_mode@tyel_common.container_item_quick_loot_mode": {
		"$item_collection_name": "hotbar_items"
	},
	"hotbar_grid_template_quick_loot_mode@common.hotbar_grid_template": {
		"grid_item_template": "tyel_common.grid_item_for_hotbar_quick_loot_mode"
	},
	"grid_item_for_inventory_quick_loot_mode@tyel_common.container_item_quick_loot_mode": {
		"$item_collection_name": "inventory_items"
	},
	"inventory_panel_quick_loot_mode@common.inventory_panel": {
		"controls": [
			{
				"inventory_grid": {
					"type": "grid",
					"size": [
						162,
						54
					],
					"anchor_from": "bottom_middle",
					"anchor_to": "bottom_middle",
					"offset": [
						0,
						-26
					],
					"grid_dimensions": [
						9,
						3
					],
					"grid_item_template": "tyel_common.grid_item_for_inventory_quick_loot_mode",
					"collection_name": "inventory_items"
				}
			}
		]
	},
	"tyel_quick_loot_mode_toggle@common_tabs.left_tab_toggle_with_custom_control": {
		"size": [
			100,
			28
		],
		"$toggle_on_control": "tyel_common.quick_loot_mode_toggle_on_control",
		"$toggle_off_control": "tyel_common.quick_loot_mode_toggle_off_control",
		"$toggle_on_hover_control": "tyel_common.quick_loot_mode_toggle_on_hover_control",
		"$toggle_off_hover_control": "tyel_common.quick_loot_mode_toggle_off_hover_control",
		"$option_label": "Quick Loot",
		"$option_on_label": "Enabled",
		"$option_off_label": "Disabled",
		"$toggle_name": "tyel_quick_loot_mode_toggle"
	},
	"inventory_panel_bottom_half_with_label_quick_loot_mode@common.inventory_panel_bottom_half_with_label": {
		"controls": [
			{
				"inventory_panel_quick_loot_mode@tyel_common.inventory_panel_quick_loot_mode": {
				}
			},
			{
				"inventory_label@common.section_heading_label": {
					"anchor_from": "top_left",
					"anchor_to": "top_left",
					"offset": [
						7,
						3
					],
					"layer": 2,
					"text": "container.inventory"
				}
			}
		]
	},
	"quick_loot_mode_toggle_control_template": {
		"type": "stack_panel",
		"orientation": "horizontal",
		"size": [
			"100% - 8px",
			"100% - 8px"
		],
		"anchor_from": "top_left",
		"anchor_to": "top_left",
		"offset": [
			5,
			4
		],
		"$toggle_image_control|default": "common.empty_panel",
		"$option_label|default": "",
		"$toggle_label|default": "",
		"$option_primary_color|default": "$tab_checked_text_color",
		"$option_secondary_color|default": "$tab_secondary_checked_text_color",
		"controls": [
			{
				"toggle_image_panel": {
					"type": "panel",
					"size": [
						30,
						"100%"
					],
					"controls": [
						{
							"toggle_image_control@$toggle_image_control": {
								"offset": [
									0,
									2
								]
							}
						}
					]
				}
			},
			{
				"padding": {
					"type": "panel",
					"size": [
						2,
						"100%"
					]
				}
			},
			{
				"quick_loot_mode_label_panel": {
					"type": "stack_panel",
					"orientation": "vertical",
					"size": [
						"fill",
						"100%"
					],
					"controls": [
						{
							"quick_loot_mode_label": {
								"type": "label",
								"text": "$option_label",
								"color": "$option_primary_color",
								"size": [
									"default",
									10
								]
							}
						},
						{
							"switch_label": {
								"type": "label",
								"text": "$toggle_label",
								"color": "$option_secondary_color",
								"size": [
									"default",
									10
								]
							}
						}
					]
				}
			}
		]
	},
	"quick_loot_mode_toggle_on_control@tyel_common.quick_loot_mode_toggle_control_template": {
		"$toggle_image_control": "settings_common.option_toggle_on",
		"$toggle_label": "$option_on_label",
		"$option_primary_color": "$tab_checked_text_color",
		"$option_secondary_color": "$tab_secondary_checked_text_color"
	},
	"quick_loot_mode_toggle_off_control@tyel_common.quick_loot_mode_toggle_control_template": {
		"$toggle_image_control": "settings_common.option_toggle_off",
		"$toggle_label": "$option_off_label",
		"$option_primary_color": "$tab_unchecked_text_color",
		"$option_secondary_color": "$tab_secondary_unchecked_text_color"
	},
	"quick_loot_mode_toggle_on_hover_control@tyel_common.quick_loot_mode_toggle_control_template": {
		"$toggle_image_control": "settings_common.option_toggle_on_hover",
		"$toggle_label": "$option_on_label",
		"$option_primary_color": "$tab_checked_hover_text_color",
		"$option_secondary_color": "$tab_secondary_checked_hover_text_color"
	},
	"quick_loot_mode_toggle_off_hover_control@tyel_common.quick_loot_mode_toggle_control_template": {
		"$toggle_image_control": "settings_common.option_toggle_off_hover",
		"$toggle_label": "$option_off_label",
		"$option_primary_color": "$tab_unchecked_hover_text_color",
		"$option_secondary_color": "$tab_secondary_unchecked_hover_text_color"
	}
}