{
  "namespace": "profile_screen_luconia",

  "persona_main_preset_panel": {
    "type": "input_panel",
    "size": [ 30, "100%" ],
    "gesture_tracking_button": "button.turn_doll",
    "always_handle_controller_direction": true,
    "button_mappings": [
      {
        "from_button_id": "button.menu_select",
        "to_button_id": "button.turn_doll",
        "mapping_type": "pressed",
        "button_up_right_of_first_refusal": true
      }
    ],
    "controls": [
      {
        "skin_model": {
          "type": "custom",
          "size": [ 80, 80 ],
          "offset": [ 0, -5 ],
          "renderer": "paper_doll_renderer",
          "layer": 3,
          "property_bag": {
            "#preview_idx": 3
          },
          "bindings": [
            {
              "binding_name": "#is_preset_visible",
              "binding_name_override": "#visible",
              "binding_condition": "always"
            },
            {
              "binding_type": "global",
              "binding_name": "#appearance_preset_preview",
              "binding_condition": "always"
            },
            {
              "binding_type": "view",
              "source_control_name": "persona_main_preset_panel",
              "source_property_name": "#gesture_delta_source",
              "target_property_name": "#gesture_delta_source"
            },
            {
              "binding_type": "view",
              "source_control_name": "persona_main_preset_panel",
              "source_property_name": "#gesture_mouse_delta_x",
              "target_property_name": "#gesture_mouse_delta_x"
            }
          ]
        }
      },
      {
        "add_button_input": {
          "type": "input_panel",
          "anchor_from": "center",
          "anchor_to": "center",
          "size": [ 36, 36 ],
          "controls": [
            {
              "add_button": {
                "type": "image",
                "texture": "textures/uiluconia/add_new_character_icon",
                "layer": 5,
                "size": [ 18, 18 ]
              }
            }
          ],
          "property_bag": {
            "#preview_idx": 3
          },
          "bindings": [
            {
              "binding_name": "#is_preset_add_visible",
              "binding_name_override": "#visible",
              "binding_condition": "always"
            }
          ],
          "button_mappings": [
            {
              "from_button_id": "button.menu_select",
              "to_button_id": "button.addAppearance",
              "mapping_type": "pressed"
            },
            {
              "from_button_id": "button.menu_ok",
              "to_button_id": "button.addAppearance",
              "mapping_type": "focused"
            }
          ]
        }
      }
    ]
  },
	
  "skin_panel_template": {
    "type": "panel",
    "size": [ 30, "100%" ],
    "max_size": [ "25%", "100%" ],
    "controls": [
      {
        "skin_model": {
          "type": "custom",
          "size": [ 70, 70 ],
          "offset": [ 0, -5 ],
          "renderer": "paper_doll_renderer",
          "layer": 10,
          "$skin_property_bag|default": 1,
          "use_selected_skin": false,
          "property_bag": {
            "#preview_idx": "$skin_property_bag"
          },
          "$preset_gesture_source_control_name": "main_preset_persona",
          "$preset_appearance_binding_name": "#appearance_preset_preview",
          "bindings": [
            {
              "binding_type": "global",
              "binding_name": "$preset_appearance_binding_name",
              "binding_condition": "always"
            },
            {
              "binding_type": "view",
              "source_control_name": "$preset_gesture_source_control_name",
              "source_property_name": "#gesture_delta_source",
              "target_property_name": "#gesture_delta_source"
            },
            {
              "binding_type": "view",
              "source_control_name": "$preset_gesture_source_control_name",
              "source_property_name": "#gesture_mouse_delta_x",
              "target_property_name": "#gesture_mouse_delta_x"
            },
            {
              "binding_name": "#is_preset_visible",
              "binding_name_override": "#visible",
              "binding_condition": "always"
            }
          ]
        }
      },
      {
        "add_button_input": {
          "type": "input_panel",
          "size": [ "100%", "100%" ],
          "controls": [
            {
              "add_button": {
                "type": "image",
                "texture": "textures/uiluconia/luconia_add_icon",
                "layer": 5,
                "size": [ 18, 18 ]
              }
            }
          ],
          "property_bag": {
            "#preview_idx": "$skin_property_bag"
          },
          "bindings": [
            {
              "binding_name": "#is_preset_add_visible",
              "binding_name_override": "#visible",
              "binding_condition": "always"
            }
          ],
          "button_mappings": [
            {
              "from_button_id": "button.menu_select",
              "to_button_id": "#appearance_preset_preview",
              "mapping_type": "pressed"
            },
            {
              "from_button_id": "button.menu_ok",
              "to_button_id": "#appearance_preset_preview",
              "mapping_type": "focused"
            }
          ]
        }
      }
    ]
  },
	
  "persona_main_preset_panel": {
    "type": "input_panel",
    "size": [ "100%c", "100%" ],
    "layer": "$always_show_layer",
    "gesture_tracking_button": "button.turn_doll",
    "always_handle_controller_direction": true,
    "button_mappings": [
      {
        "from_button_id": "button.menu_select",
        "to_button_id": "button.turn_doll",
        "mapping_type": "pressed",
        "button_up_right_of_first_refusal": true
      }
    ],
    "controls": [
      {
        "persona_preset@profile_deprecated.persona_appearance_preset_panel": {
          "size": [ "52%y", 145 ],
          "$preset_appearance_binding_name": "#appearance_preset_preview",
          "$is_preset_appearance_using_gestures": true,
          "$preset_gesture_source_control_name": "main_preset_persona",
          "$preset_image_size": [ 50, 120 ],
          "$preset_image": "textures/ui/profile_new_look",
          "$select_preset_to_button_id": "button.edit_appearance_preset",
          "$preset_appearance_property_bag": {
            "#preview_idx": 3
          },
          "bindings": [
            {
              "binding_name": "#center_preset_size",
              "binding_condition": "always"
            }
          ]
        }
      }
    ]
  },
	
  "skins_panel": {
    "type": "stack_panel",
    "orientation": "horizontal",
    "anchor_from": "top_middle",
    "anchor_to": "top_middle",
    "size": [ 200, "100%" ],
    "controls": [
      {
        "left_padding": {
          "type": "panel",
          "size": [ "fill", "100%" ]
        }
      },
      {
        "skin_panel_template_0@profile_screen_luconia.skin_panel_template": {
          "$skin_property_bag": 1
        }
      },
      {
        "padding_0": {
          "type": "panel",
          "size": [ "fill", "100%" ]
        }
      },
      {
        "skin_panel_template_1@profile_screen_luconia.skin_panel_template": {
          "$skin_property_bag": 2
        }
      },
      {
        "padding_1": {
          "type": "panel",
          "size": [ "fill", "100%" ]
        }
      },
      {
        "padding_2": {
          "type": "panel",
          "size": [ 4, "100%" ]
        }
      },
      { "persona_main_preset_panel@profile_screen_luconia.persona_main_preset_panel": { } },
      {
        "padding_3": {
          "type": "panel",
          "size": [ 4, "100%" ]
        }
      },
      {
        "padding_4": {
          "type": "panel",
          "size": [ "fill", "100%" ]
        }
      },
      {
        "skin_panel_template_0@profile_screen_luconia.skin_panel_template": {
          "$skin_property_bag": 4
        }
      },
      {
        "padding_5": {
          "type": "panel",
          "size": [ "fill", "100%" ]
        }
      },
      {
        "skin_panel_template_1@profile_screen_luconia.skin_panel_template": {
          "$skin_property_bag": 5
        }
      },
      {
        "right_padding": {
          "type": "panel",
          "size": [ "fill", "100%" ]
        }
      }
    ]
  },
  "buttons2": {
    "type": "panel",
    "controls": [
  {
    "right_button_panel": {
      "type": "panel",
      "size": [ 24, "100%" ],
			"offset": [ -51.5, 90 ],
      "controls": [
        { 
          "left_arrow_button@common_buttons_luconia.main_button": {
            "size": [ 20, 20 ],
            "$button_content": "luconia_textures_common.luconia_left_icon",
            "$pressed_button_name": "button.pressedArrowLeft",
            "bindings": [
              {
                "binding_name": "#arrow_left_enabled",
                "binding_name_override": "#visible",
                "binding_condition": "always"
              }
            ]
          }
        }
      ]
    }
  },	
  {
    "left_button_panel": {
      "type": "panel",
      "size": [ 24, "100%" ],
			"offset": [ 51.5, 90 ],
      "controls": [
        { 
          "right_arrow_button@common_buttons_luconia.main_button": {
            "size": [ 20, 20 ],
            "$button_content": "luconia_textures_common.luconia_right_icon",
            "$pressed_button_name": "button.pressedArrowRight",
            "bindings": [
              {
                "binding_name": "#arrow_right_enabled",
                "binding_name_override": "#visible",
                "binding_condition": "always"
              }
            ]
          }
        }
      ]
    }
  }
 ]
},
	
  "buttons": {
    "type": "panel",
    "controls": [
      {
        "1_button@common_buttons_luconia.main_button": {
          "size": [ 80, 20 ],
          "offset": [ 0, 90 ],
          "$pressed_button_name": "button.edit_appearance_preset",
          "$button_text": "C R E A T E",
          "property_bag": {
            "#preview_idx": 3
          },
          "bindings": [
            {
              "binding_name": "#is_preset_add_visible",
              "binding_name_override": "#visible",
              "binding_condition": "always"
            }
          ]
        }
      },
      {
        "2_button@common_buttons_luconia.main_button": {
          "size": [ 80, 20 ],
          "offset": [ 0, 90 ],
          "$pressed_button_name": "button.menu_settings",
          "$button_text": "E D I T",
          "property_bag": {
            "#preview_idx": 3
          },
          "bindings": [
            {
              "binding_name": "#is_preset_visible",
              "binding_name_override": "#visible",
              "binding_condition": "always"
            }
          ]
        }
      }
    ]
  },
	
	"exit@common_buttons_luconia.main_button": {
		"$pressed_button_name": "button.menu_exit",
		"anchor_from": "top_right",
		"anchor_to": "top_right",
		"$button_content": "luconia_textures_common.luconia_exit_icon",
		"button_content": "luconia_textures_common.luconia_exit_icon",
		"offset": [
			-5,
			5
		],
		"size": [
			22,
			22
		]
	},
	
	"bg_panel": {
		"anchor_from": "center",
		"anchor_to": "center",
		"type": "image",
		"texture": "ui/textures/60",
		"offset": [
			0,
			12
		],
		"size": [
			330,
			205
		]
	},
	
	"textlogo": {
		"anchor_from": "bottom_right",
		"anchor_to": "bottom_right",
		"type": "image",
		"layer": 1000,
		"texture": "ui/textures/text",
		"offset": [
			-1,
			61
		],
		"size": [
			145,
			145
		]
	},
	"textlogo123": {
		"anchor_from": "bottom_right",
		"anchor_to": "bottom_right",
		"type": "image",
		"layer": 1000,
		"texture": "ui/textures/text",
		"offset": [
			-1,
			61
		],
		"size": [
			145,
			145
		]
	},
	"123401": {
		"anchor_from": "center",
		"anchor_to": "center",
		"type": "image",
		"texture": "ui/textures/text1",
		"offset": [
			0,
			-67
		],
		"size": [
			100,
			100
		]
	},
  

  "profile_screen_custom": {
    "type": "panel",
    "controls": [
      { "buttons@profile_screen_luconia.buttons": { } },
			{ "exit@profile_screen_luconia.exit": { } },
			{ "persona_main_preset_panel@profile_screen_luconia.persona_main_preset_panel": { } },
			{ "skins_panel@profile_screen_luconia.skins_panel": { } },
			{ "buttons2@profile_screen_luconia.buttons2": { } },
			{ "bg_panel@profile_screen_luconia.bg_panel": { } },
			{ "textlogo@profile_screen_luconia.textlogo": { } },
			{ "123401@profile_screen_luconia.123401": { } }
    ]
  },
  "full_screen": {
    "type": "panel",
    "controls": []
  }
}