{
  "namespace": "luconia_textures_common",

  "luconia_exit_icon": {
    "type": "image",
    "size": [ 14, 14 ],
    "texture": "textures/uiluconia/luconia_close_icon"
  },
	
  "luconia_account_icon": {
    "type": "image",
    "size": [ 14, 14 ],
    "texture": "textures/uiluconia/luconia_account_icon"
  },
	
  "luconia_invite_icon": {
    "type": "image",
    "size": [ 14, 14 ],
    "texture": "textures/uiluconia/luconia_invite_icon"
  },
	
  "luconia_players_icon": {
    "type": "image",
    "size": [ 14, 14 ],
    "texture": "textures/uiluconia/luconia_players_icon"
  },
	
  "luconia_mods_icon": {
    "type": "image",
    "size": [ 14, 14 ],
    "texture": "textures/uiluconia/luconia_mods_icon"
  },
	
  "luconia_settings_icon": {
    "type": "image",
    "size": [ 14, 14 ],
    "texture": "textures/uiluconia/luconia_settings_icon"
  },
	
  "luconia_discord_icon": {
    "type": "image",
    "size": [ 14, 14 ],
    "texture": "textures/uiluconia/luconia_discord_icon"
  },
	
  "luconia_trophie_icon": {
    "type": "image",
    "size": [ 14, 14 ],
    "texture": "textures/uiluconia/luconia_trophie_icon"
  },
	
  "luconia_left_icon": {
    "type": "image",
    "size": [ 14, 14 ],
    "texture": "textures/uiluconia/luconia_left_icon"
  },
	
  "luconia_right_icon": {
    "type": "image",
    "size": [ 14, 14 ],
    "texture": "textures/uiluconia/luconia_right_icon"
  },
	
  "main_button_default": {
    "type": "image",
    "size": [ "100%", "100%" ],
    "texture": "textures/uiluconia/main_button_default"
  },

  "main_button_hover@luconia_textures_common.main_button_default": {
    "texture": "textures/uiluconia/main_button_hover"
  },
  "logo12345": {
    "type": "image",
    "size": [ 100, 100 ],
    "texture": "ui/textures/logo12345",
    "controls": [
      { 
        "star_1@animated_textures_luconia.luconia_animated_star_2": {
          "anchor_from": "top_left",
          "anchor_to": "top_left",
          "uv": "@animated_textures_luconia.1_00",
          "offset": [ 50, 48 ]
        }
      },
      { 
        "star_2@animated_textures_luconia.luconia_animated_star_2": {
          "anchor_from": "top_left",
          "anchor_to": "top_left",
          "uv": "@animated_textures_luconia.1_06",
          "offset": [ 48, 33.5 ]
        }
      },
      { 
        "star_6@animated_textures_luconia.luconia_animated_star_3": {
          "anchor_from": "top_left",
          "anchor_to": "top_left",
          "uv": "@animated_textures_luconia.1_12",
          "offset": [ 41.5, 43 ]
        }
      }
    ]
  },
	
  "mod_off_default": {
    "type": "image",
    "size": [ "100%", "100%" ],
    "texture": "textures/uiluconia/mod_off_default"
  },

  "mod_off_hover@luconia_textures_common.mod_off_hover": {
    "texture": "textures/uiluconia/mod_off_hover"
  },
  "mod_on_default": {
    "type": "image",
    "size": [ "100%", "100%" ],
    "texture": "textures/uiluconia/mod_on_default"
  },

  "mod_off_hover@luconia_textures_common.mod_off_hover": {
    "texture": "textures/uiluconia/mod_on_hover"
  }
}