{
	"namespace": "pause",
	
	"pause_btn@saad_toogles.spy_toggle": {
    "anchor_from": "bottom_right",
    "anchor_to": "bottom_right",
    "offset": [ 0, -20 ],
    "$button_text": "HIDE",
    "$toggle_name": "pause_btn",
    "size": [ 50, 20 ]
},
	
	"pause_screen@common.base_screen": {
		"render_game_behind": true,
		"force_render_below": true,
		"screen_animations": [
			"@common.screen_exit_animation_push_fade",
			"@common.screen_exit_animation_pop_fade",
			"@common.screen_entrance_animation_push_fade",
			"@common.screen_entrance_animation_pop_fade"
		],
		"variables": [
			{
				"requires": "$ignore_edu_pause",
				"$screen_content": "spy_pause.main"
			}
		]
	}
}