{
  "namespace":"progress",
  "world_loading_progress_screen":{
    "$screen_content":"spy_progress.main_content",
    "$screen_bg_content":"bg.Spy_2"
  },
  "overworld_loading_progress_screen":{
    "$screen_content":"spy_progress.main_content",
    "$screen_bg_content":"bg.Spy_2",
    "$screen_animations":[
      
    ]
  },
  "world_saving_progress_screen":{
    "$screen_bg_content":"bg.Spy_2",
    "$screen_content":"spy_progress.main_content",
    "$use_loading_bars":false,
    "$screen_animations":[
      
    ],
    "$background_animations":[
      
    ]
  },
  "nether_loading_progress_screen":{
    "$screen_content":"spy_progress.main_content",
    "$screen_bg_content":"bg.Spy_2",
    "$screen_animations":[
      
    ]
  },
  "theend_loading_progress_screen":{
    "$screen_content":"spy_progress.main_content",
    "$screen_bg_content":"bg.Spy_2",
    "$screen_animations":[
      
    ]
  },
  "progress_screen@common.base_screen":{
    "load_screen_immediately":false,
    "force_render_below":false,
    "button_mappings":[
      {
        "from_button_id":"button.menu_cancel",
        "to_button_id":"button.menu_exit",
        "mapping_type":"global"
      }
    ]
  }
}