{
  "namespace": "start",
  
    //---------------------------------------------------------------------------
  // Screens
  //---------------------------------------------------------------------------

  "start_screen@common.base_screen": {

    "$screen_animations": [
      "@common.screen_exit_animation_push_fade",
      "@common.screen_exit_animation_pop_fade",
      "@common.screen_entrance_animation_push_fade",
      "@common.screen_entrance_animation_pop_fade"
    ],

    "button_mappings": [
      {
        "ignored": "(not $can_quit)",
        "from_button_id": "button.menu_cancel",
        "to_button_id": "button.menu_exit",
        "mapping_type": "global"
      },
      {
        "ignored": "(not $nx_os)",
        "from_button_id": "button.controller_select",
        "to_button_id": "button.menu_offline",
        "mapping_type": "global"
      },
      {
        "ignored": "(not $can_swap_vr_mode)",
        "from_button_id": "button.controller_secondary_select",
        "to_button_id": "button.menu_swap_vr_mode",
        "mapping_type": "global"
      },
      {
        "ignored": "(not $can_swap_vr_mode)",
        "from_button_id": "button.menu_swap_vr_mode",
        "to_button_id": "button.menu_swap_vr_mode",
        "mapping_type": "global"
      }
    ],
    "$screen_content": "spy_start.spy_start_screen_content",
    "$screen_bg_content": "bg.Spy"
  }
}