{
    "format_version": "1.8.0",
    "render_controllers": {
        "controller.render.fox": {
            "arrays": {
                "textures": {
                    "Array.skins": [
                        "Texture.red",
                        "Texture.arctic"
                    ]
                }
            },
            "geometry": "Geometry.default",
            "part_visibility": [
                {
                    "leg*": "!query.is_sleeping"
                },
                {
                    "head": "!query.is_sleeping"
                },
                {
                    "head_sleeping": "query.is_sleeping"
                }
            ],
            "materials": [
                {
                    "*": "Material.default"
                }
            ],
            "textures": [
                "Array.skins[query.variant]"
            ],
            "is_hurt_color": {
                "r": "0.0",
                "g": "0.3",
                "b": "0.9",
                "a": "0.5"
            },
            "on_fire_color": {
                "r": "0.0",
                "g": "0.3",
                "b": "0.9",
                "a": "0.5"
            }
        }
    }
}