{
    "format_version": "1.8.0",
    "render_controllers": {
        "controller.render.ocelot": {
            "arrays": {
                "textures": {
                    "Array.skins": [
                        "Texture.wild",
                        "Texture.black",
                        "Texture.red",
                        "Texture.siamese"
                    ]
                }
            },
            "geometry": "Geometry.default",
            "materials": [
                {
                    "*": "Material.default"
                }
            ],
            "textures": [
                "Array.skins[query.variant]"
            ],
            "is_hurt_color": {
                "r": "0.0",
                "g": "0.3",
                "b": "0.9",
                "a": "0.5"
            },
            "on_fire_color": {
                "r": "0.0",
                "g": "0.3",
                "b": "0.9",
                "a": "0.5"
            }
        }
    }
}