{
    "format_version": "1.8.0",
    "render_controllers": {
        "controller.render.stray_clothes": {
            "rebuild_animation_matrices": true,
            "geometry": "Geometry.overlay",
            "materials": [
                {
                    "*": "Material.overlay"
                }
            ],
            "textures": [
                "Texture.overlay"
            ],
            "is_hurt_color": {
                "r": "0.0",
                "g": "0.3",
                "b": "0.9",
                "a": "0.5"
            },
            "on_fire_color": {
                "r": "0.0",
                "g": "0.3",
                "b": "0.9",
                "a": "0.5"
            }
        }
    }
}