{
    "format_version": "1.8.0",
    "render_controllers": {
        "controller.render.zombie_villager_v2_base": {
            "geometry": "Geometry.default",
            "materials": [
                {
                    "*": "Material.default"
                }
            ],
            "textures": [
                "Texture.default"
            ],
            "is_hurt_color": {
                "r": "0.0",
                "g": "0.3",
                "b": "0.9",
                "a": "0.5"
            },
            "on_fire_color": {
                "r": "0.0",
                "g": "0.3",
                "b": "0.9",
                "a": "0.5"
            }
        },
        "controller.render.zombie_villager_v2_masked": {
            "arrays": {
                "textures": {
                    "Array.biomes": [
                        "Texture.plains",
                        "Texture.desert",
                        "Texture.jungle",
                        "Texture.savanna",
                        "Texture.snow",
                        "Texture.swamp",
                        "Texture.taiga"
                    ],
                    "Array.professions": [
                        "Texture.farmer",
                        "Texture.fisherman",
                        "Texture.shepherd",
                        "Texture.fletcher",
                        "Texture.librarian",
                        "Texture.cartographer",
                        "Texture.cleric",
                        "Texture.armorer",
                        "Texture.weapon_smith",
                        "Texture.tool_smith",
                        "Texture.butcher",
                        "Texture.leatherworker",
                        "Texture.stonemason",
                        "Texture.nitwit"
                    ]
                }
            },
            "geometry": "Geometry.default",
            "materials": [
                {
                    "*": "query.is_baby ? Material.default : Material.masked"
                }
            ],
            "textures": [
                "Array.biomes[query.mark_variant]",
                "Array.professions[variable.profession_index]"
            ],
            "is_hurt_color": {
                "r": "0.0",
                "g": "0.3",
                "b": "0.9",
                "a": "0.5"
            },
            "on_fire_color": {
                "r": "0.0",
                "g": "0.3",
                "b": "0.9",
                "a": "0.5"
            }
        }
    }
}