{ 
    "namespace": "content",
    "store": {
        "type": "image",
        "texture": "textures/mainmenu/store",
        "layer": 4,
        "alpha": 0.6,
        "size": [ 20, 20 ]
      },             
        "psc": {
        "type": "image",
        "layer": 4,
        "alpha": 0.6,
        "texture": "textures/mainmenu/play_icon",
        "size": [ 20,20 ]
      },
          "ach": {
        "type": "image",
        "texture": "textures/mainmenu/ach",
        "layer": 4,
        "alpha": 0.6,
        "size": [ 12, 12 ]
      },
          "close_button": {
        "type": "image",
        "texture": "ui/OP_S/img/close_button_icon",
        "layer": 11,
        "size": [ 9, 9 ]
      },
          "empty": {
        "type": "image",
        "texture": "textures/clear",
        "size": [ 0, 0 ]
      },
          "store_new": {
        "type": "image",
        "texture": "textures/mainmenu/store",
        "layer": 4,
        "alpha": 0.6,
        "size": [ 11, 11 ]
      },
                "settings_new": {
        "type": "image",
        "texture": "textures/mainmenu/settings_new",
        "layer": 4,
        "alpha": 0.7,
        "size": [ 20, 20 ]
      },
      "settings": {
        "type": "image",
        "texture": "textures/mainmenu/settings",
        "alpha": 0.6,
        "size": [ 12, 12 ]
      },
       "profile": {
        "type": "image",
        "texture": "textures/mainmenu/profile",
        "layer": 4,
        "alpha": 0.6,
        "size": [ 15, 15 ]
        },  
      "exit": {
        "type": "image",
        "layer": 4,
        "texture": "textures/ui/exit",
        "alpha": 0.7,
        "size": [ 10, 10 ]
      },
           // Pause_Screen //
                 "exit_new": {
        "type": "image",
        "layer": 4,
        "alpha": 0.6,
        "texture": "textures/mainmenu/exit_new",
        "size": [ 11,11 ]
      },
            "return": {
        "type": "image",
        "layer": 4,
        "alpha": 0.6,
        "texture": "textures/mainmenu/return",
        "size": [ 11, 11 ]
      },
            "screenshot": {
        "type": "image",
        "layer": 4,
        "alpha": 0.6,
        "texture": "textures/mainmenu/screenshot",
        "size": [ 11,11 ]
      },
                 "gallery": {
        "type": "image",
        "layer": 4,
        "alpha": 0.6,
        "texture": "textures/mainmenu/global",
        "size": [ 11,11 ]
      },
                  "profile_new": {
        "type": "image",
        "layer": 4,
        "alpha": 0.7,
        "texture": "textures/mainmenu/profile_new",
            "size": [ 15,15 ]
            },

}