{"num_mip_levels":2,"padding":8,"resource_pack_name":"vanilla","texture_data":{"crimson_nylium_side":{"textures":"textures/blocks/crimson_nylium_top"},"dirt_podzol_bottom":{"textures":"textures/blocks/dirt_podzol_top"},"dirt_podzol_side":{"textures":"textures/blocks/dirt_podzol_top"},"grass_bottom":{"textures":["textures/blocks/grass_carried","textures/blocks/grass_carried","textures/blocks/grass_carried","textures/blocks/grass_carried","textures/blocks/grass_carried","textures/blocks/grass_carried","textures/blocks/grass_carried","textures/blocks/grass_carried","textures/blocks/grass_carried","textures/blocks/grass_carried","textures/blocks/grass_carried","textures/blocks/grass_carried","textures/blocks/grass_carried","textures/blocks/grass_carried","textures/blocks/grass_carried","textures/blocks/grass_carried","textures/blocks/grass_carried","textures/blocks/grass_carried"]},"grass_carried_bottom":{"textures":"textures/blocks/grass_carried"},"grass_path_side":{"textures":["textures/blocks/grass_path_top"]},"mycelium_bottom":{"textures":["textures/blocks/mycelium_top","textures/blocks/mycelium_top"]},"mycelium_side":{"textures":["textures/blocks/mycelium_top","textures/blocks/grass_side_snowed"]},"warped_nylium_side":{"textures":"textures/blocks/warped_nylium_top"}},"texture_name":"atlas.terrain"}