{"mods_setup_button@settings_common.section_toggle_base":{"$button_text":"Mods","$glyph_color_texture":"textures/ui/.opf/mods_icon","$glyph_size":[23,20],"$glyph_texture":"textures/ui/.opf/mods_icon1","$toggle_property_bag":{"#panel_title":"Mods"},"$toggle_view_binding_name":"mods_setup_button_toggle"},"mods_setup_section":{"anchor_from":"top_left","anchor_to":"top_left","bindings":[{"binding_type":"view","source_control_name":"mods_setup_button_toggle","source_property_name":"#toggle_state","target_property_name":"#visible"}],"controls":[{"outline_selection_toggle@settings_common.option_toggle":{"$option_binding_name":"#classic_box_selection","$option_enabled_binding_name":"#classic_box_selection_enabled","$option_label":"options.classic_box_selection","$toggle_name":"classic_box_selection","ignored":"($is_holographic)"}},{"Split_Control_toggle@settings_common.option_toggle":{"$option_binding_name":"#hide_paperdoll","$option_enabled_binding_name":"#hide_paperdoll_enabled","$option_label":"Hide Crosshair","$toggle_name":"hide_paperdoll"}}],"size":["100%","100%c"],"type":"stack_panel"},"namespace":"mods_setup_section"}