{
  "format_version": "1.8.0",
  "render_controllers": {
    "controller.render.cape": {
      "arrays": {
        "textures": {
          "array.frames": [
            "texture.frame1",
            "texture.frame2",
            "texture.frame3",
            "texture.frame4",
            "texture.frame5",
            "texture.frame6",
            "texture.frame7",
            "texture.frame8"
          ]
        }
      },
      "geometry": "geometry.custom",
      "materials": [
        {
          "*": "material.cape"
        }
      ],
      "textures": [
        "array.frames[(query.anim_time * 7 )]"
      ]
    }
  }
}
