{
  "format_version": "1.8.0",
  "render_controllers": {
    "controller.render.player.first_person": {
      "geometry": "Geometry.default",
      "materials": [ { "*": "Material.default" } ],
      "textures": [ "Texture.default" ],
      "part_visibility": [
        { "*": false },
        { "head": "query.get_name == 'Donalds Gmg' || query.get_name == 'FrozenInferno51' || query.get_name == 'mo27' || query.get_name == 'Danek2844' || query.get_name == 'PutraGamers21' || query.get_name == 'OneLifeLies' || query.get_name == 'FirePigVN' || query.get_name == 'KasuyaKamiokaMC' || query.get_name == 'CrazyEdrizK' || query.get_name == 'YtDiamondKunz21' || query.get_name == 'xDailyOmegax' || query.get_name == 'SoyFeliGYT' || query.get_name == 'ESPETACULAR VJ' || query.get_name == 'GrungierCat4032' || query.get_name == 'MeftyPen8861361' || query.get_name == 'rodrigo457' || query.get_name == 'StarrGemme' || query.get_name == 'BakaZaijanTo' || query.get_name == 'CorkBarbecue184'" },
        { "rightArm": "query.get_equipped_item_name(0, 1) == '' || query.get_equipped_item_name(0, 1) == 'map'" },
        { "rightSleeve": "query.get_equipped_item_name(0, 1) == '' || query.get_equipped_item_name(0, 1) == 'map'" },
        { "leftArm": "(query.get_equipped_item_name(0, 1) == 'map' && query.get_equipped_item_name('off_hand') != 'shield') || (query.get_equipped_item_name('off_hand') == 'map' && !query.item_is_charged) || (!query.item_is_charged && (variable.item_use_normalized > 0 && variable.item_use_normalized < 1.0))" },
        { "leftSleeve": "(query.get_equipped_item_name(0, 1) == 'map' && query.get_equipped_item_name('off_hand') != 'shield') || (query.get_equipped_item_name('off_hand') == 'map' && !query.item_is_charged) || (!query.item_is_charged && (variable.item_use_normalized > 0 && variable.item_use_normalized < 1.0))" }
      ]
    }
  }
}
