{"Information_button@settings_common.section_toggle_base":{"$button_text":"Info","$glyph_color_texture":"textures/ui/.opf/info","$glyph_size":[23,20],"$glyph_texture":"textures/ui/.opf/info1","$toggle_property_bag":{"#panel_title":"Info"},"$toggle_view_binding_name":"Information_button_toggle"},"Information_section":{"anchor_from":"top_left","anchor_to":"top_left","bindings":[{"binding_type":"view","source_control_name":"Information_button_toggle","source_property_name":"#toggle_state","target_property_name":"#visible"}],"controls":[{"icon":{"anchor_from":"center","anchor_to":"center","layer":3,"offset":[0,0],"size":[201,94],"texture":"pack_icon","type":"image","uv":[0,0],"uv_size":[0,0]}},{"1@settings_common.selector_group_label":{"shadow":true,"text":""}},{"selector_group_lable_1@settings_common.selector_group_label":{"font_size":"large","shadow":true,"text":"§l§fEvoker BR §bClient §d[V2]"}},{"2@settings_common.selector_group_label":{"font_size":"largesmall","shadow":true,"text":"§l§aNew Features"}},{"1@settings_common.selector_group_label":{"shadow":false,"text":"§e   --> Therefore, you should not install it with the shader because it will cause unexpected errors"}},{"1@settings_common.selector_group_label":{"shadow":true,"text":"- Fix Interface Error"}},{"1@settings_common.selector_group_label":{"shadow":true,"text":"-Upgrading Functions In Sub-Package Resolution"}},{"1@settings_common.selector_group_label":{"shadow":true,"text":"-Filter unnecessary files"}},{"1@settings_common.selector_group_label":{"shadow":true,"text":"- Add new ui"}},{"1@settings_common.selector_group_label":{"shadow":true,"text":"- Dark Mode"}},{"1@settings_common.selector_group_label":{"shadow":true,"text":"-Optimize"}},{"2@settings_common.selector_group_label":{"shadow":true,"text":"Evoker BR Pack by Evoker MC"}},{"4@settings_common.selector_group_label":{"shadow":true,"text":"§e Thank you for reading"}},{"info_header@how_to_play_common.header":{"$text":"§aInfo"}},{"selector_group_lable_1@settings_common.selector_group_label":{"font_size":"50%","shadow":true,"text":"§l§bThank you for using my Evoker BR Client package"}},{"selector_group_lable_1@settings_common.selector_group_label":{"font_size":"50%","shadow":true,"text":"§l§bNote : Evoker BR Client package may cause conflicts with some shaders"}},{"selector_group_lable_1@settings_common.selector_group_label":{"font_size":"50%","shadow":true,"text":"§l§b- You can choose other features in the sub-package"}},{"info_header@how_to_play_common.header":{"$text":"§l§aCredits"}},{"selector_group_lable_1@settings_common.selector_group_label":{"font_size":"50%","shadow":true,"text":"§l§a- Hud Screen code by VDC EzMC 9197 and Darkk#3123\n§b- Start Screen Update by Darkk#3123\n§e- Background code by Allvid Nonmi\n§d- Quick Chat by Phantom Graphics\n§9PvP texture by Nhanandqui"}},{"info_header@how_to_play_common.header":{"$text":"More"}},{"selector_group_lable_1@settings_common.selector_group_label":{"font_size":"35%","shadow":true,"text":"§dDiscord Sever :§a https://discord.gg/42dNZDQ7uy"}},{"selector_group_lable_1@settings_common.selector_group_label":{"font_size":"35%","shadow":true,"text":"§eYoutube : Evoker MC"}}],"size":["100%","100%c"],"type":"stack_panel"},"namespace":"Information_section"}