{"button_label":{"bindings":"$button_bindings","color":"white","font_type":"smooth","layer":3,"max_size":["100% - 4px","100% - 4px"],"shadow":true,"text":"$button_text","type":"label"},"client_button":{"controls":[{"exit_button@OP_start_gui.official_root_button":{"$button_text":"Exit","$pressed_button_name":"button.menu_exit","anchor_from":"center","anchor_to":"center","offset":[0,45],"size":[190,18]}},{"play_button@OP_start_gui.official_root_button":{"$button_text":"Play","$pressed_button_name":"button.menu_play","anchor_from":"center","anchor_to":"center","offset":[0,-15],"size":[190,18]}},{"nametags_panel@OP_start_gui.nametags":{}}],"type":"panel"},"client_version":{"anchor_from":"bottom_left","anchor_to":"bottom_left","bindings":[{"binding_name":"#version"}],"font_type":"smooth","layer":1,"max_size":["100%","100%"],"offset":[0,0],"size":["default",10],"text":"Evoker BR Client","type":"label"},"content@light_button_content":{"$middle_content":"OP_start_gui.start_screen_menu_panel","$top_content":"OP_start_gui.top_menu_panel"},"development_version":{"anchor_from":"center","anchor_to":"center","bindings":[{"binding_name":"#development_version"}],"color":"$main_header_text_color","layer":2,"max_size":["100%","100%"],"size":["default",10],"text":"#development_version","type":"label"},"icon":{"anchor_from":"center","anchor_to":"center","layer":3,"offset":[0,-20],"size":[220,220],"texture":"icon_background","type":"image"},"labels_pnl":{"anchor_from":"bottom_right","anchor_to":"bottom_right","controls":[{"version@OP_start_gui.version":{}},{"client_version@OP_start_gui.client_version":{}}],"offset":[0,-2],"size":["100%-2px",10],"type":"panel"},"light_button_content":{"$has_borders|default":true,"controls":[{"light_content":{"controls":[{"middle_panel":{"controls":[{"clips_children_panel":{"clips_children":true,"controls":[{"middle_content@$middle_content":{"disable_anim_fast_forward":true,"propagate_alpha":true}}],"type":"panel"}}],"size":"$middle_content_size","type":"panel"}}],"size":["100%","100%"],"type":"stack_panel"}}],"size":["100%","100%"],"type":"panel"},"namespace":"OP_start_gui","nametags":{"anchor_from":"top_left","anchor_to":"top_left","controls":[{"stacked_column":{"controls":[{"gamertag_pic_and_label":{"bindings":[{"binding_name":"#gamertag_pic_and_label_visible","binding_name_override":"#visible"}],"controls":[{"gamerpic_with_border":{"controls":[{"gamerpic":{"bindings":[{"binding_name":"#gamerpic_texture_path","binding_name_override":"#texture"},{"binding_name":"#gamerpic_texture_location_type","binding_name_override":"#texture_file_system"}],"layer":2,"offset":[0,2],"size":[14,13],"type":"image"}}],"size":["100%c","100%"],"type":"panel"}},{"spacer":{"size":[1,0],"type":"panel"}},{"label_panel":{"controls":[{"gamertag_label":{"alpha":0.8,"bindings":[{"binding_name":"#gamertag_label"}],"color":[1,1,1],"font_type":"smooth","layer":2,"offset":[0,"25%"],"shadow":true,"size":["default","120%"],"text":"#gamertag_label","type":"label"}}],"size":["100%c","100%"],"type":"panel"}}],"orientation":"horizontal","size":[10,10],"type":"stack_panel"}}],"offset":[-20,5],"orientation":"horizontal","size":["100%","100%"],"type":"stack_panel"}},{"nametagtextures":{"layer":1,"offset":[4,-1],"size":[112,102],"texture":"textures/ui/evoker_br_client/button_default","type":"image"}}],"offset":[25,0],"size":[55,26],"type":"panel"},"official":{"$button_bindings|default":[],"$custom_content|default":"","$default|default":false,"$hover|default":false,"$locked|default":false,"$pressed|default":false,"controls":[{"button_custom_content@$custom_content":{}},{"default_button_content@OP_start_gui.button_label":{"visible":"($custom_content = '')"}}],"type":"image"},"official_default@OP_start_gui.official":{},"official_hover@OP_start_gui.official":{},"official_pressed@OP_start_gui.official":{},"official_root_button@common.button":{"controls":[{"default@OP_start_gui.official_default":{"$default":true,"$default_alpha|default":1,"alpha":"$default_alpha","texture":"textures/ui/evoker_br_client/light_button"}},{"hover@OP_start_gui.official_hover":{"$hover":true,"$hover_button_texture|default":"textures/ui/evoker_br_client/light_button_hover","disable_anim_fast_forward":true,"propagate_alpha":true,"texture":"$hover_button_texture"}},{"pressed@OP_start_gui.official":{"$pressed":true,"$pressed_button_texture|default":"textures/ui/evoker_br_client/light_button_hover","size":["100%","100%"],"texture":"$pressed_button_texture"}}]},"pack_icon_image":{"controls":[{"title_image":{"anchor_from":"center","anchor_to":"center","offset":[-1,-66],"size":["28%",68],"texture":"textures/ui/optifine","type":"image"}}],"type":"panel"},"root_button@common.button":{"controls":[{"default@OP_start_gui.start_screen_menu_button_default":{"$default":true,"$default_alpha|default":1,"alpha":"$default_alpha","texture":"textures/ui/evoker_br_client/button_default"}},{"hover@OP_start_gui.start_screen_menu_button_hover":{"$hover":true,"disable_anim_fast_forward":true,"propagate_alpha":true,"texture":"$hover_button_texture"}},{"pressed@OP_start_gui.start_screen_menu_button_pressed":{"$pressed":true,"size":["100%","100%"],"texture":"$pressed_button_texture"}}]},"root_section":{"controls":[],"font_type":"smooth","layer":-33,"size":[132,23],"text":"$button_text","type":"label"},"spacer_panel":{"size":["100%",5],"type":"panel"},"start_screen_button@OP_start_gui.root_button":{"size":[90,16]},"start_screen_buttons_light":{"anchor_from":"center","anchor_to":"center","controls":[{"achievements_button@start_screen_button":{"$button_text":"Achievements","$hover_button_texture|default":"textures/ui/evoker_br_client/button_hover","$pressed_button_name":"button.menu_achievements","$pressed_button_texture|default":"textures/ui/evoker_br_client/button_hover"}},{"spacer_1@spacer_panel":{}},{"settings_button@start_screen_button":{"$button_text":"Settings","$hover_button_texture|default":"textures/ui/evoker_br_client/button_hover","$pressed_button_name":"button.menu_settings","$pressed_button_texture|default":"textures/ui/evoker_br_client/button_hover"}}],"offset":[-95,15],"size":["15","default"],"type":"stack_panel"},"start_screen_buttons_light_two":{"anchor_from":"center","anchor_to":"center","controls":[{"marketplace_button@start_screen_button":{"$button_text":"Marketplace","$hover_button_texture|default":"textures/ui/evoker_br_client/button_hover","$pressed_button_name":"button.menu_store","$pressed_button_texture|default":"textures/ui/evoker_br_client/button_hover"}},{"spacer_1@spacer_panel":{}},{"profile_button@start_screen_button":{"$button_text":"Profile","$hover_button_texture|default":"textures/ui/evoker_br_client/button_hover","$pressed_button_name":"button.to_profile_screen","$pressed_button_texture|default":"textures/ui/evoker_br_client/button_hover"}}],"offset":[5,15],"size":["15","default"],"type":"stack_panel"},"start_screen_menu_button_default@OP_start_gui.start_screen_menu_button_image":{},"start_screen_menu_button_hover@OP_start_gui.start_screen_menu_button_image":{},"start_screen_menu_button_image":{"$button_bindings|default":[],"$custom_content|default":"","$default|default":false,"$hover|default":false,"$pressed|default":false,"controls":[{"button_custom_content@$custom_content":{}},{"default_button_content@OP_start_gui.button_label":{"visible":"($custom_content = '')"}}],"type":"image"},"start_screen_menu_button_pressed@OP_start_gui.start_screen_menu_button_hover":{},"start_screen_menu_panel":{"controls":[{"start_screen_menu_panel_content":{"anchor_from":"center","anchor_to":"center","controls":[{"start_screen_buttons_panel_center":{"controls":[{"start_screen_buttons_light@start_screen_buttons_light":{}},{"start_screen_buttons_light_two@start_screen_buttons_light_two":{}},{"client_button@client_button":{}},{"pack_icon_image@pack_icon_image":{}},{"icon_background@icon":{}},{"labels_pnl@labels_pnl":{}}],"size":["100%","100%"],"type":"panel"}}],"orientation":"horizontal","size":["100%","100%"],"type":"stack_panel"}}],"type":"panel"},"version":{"anchor_from":"bottom_right","anchor_to":"bottom_right","bindings":[{"binding_name":"#version"}],"font_type":"smooth","layer":1,"max_size":["100%","100%"],"offset":[0,0],"size":["default",10],"text":"#version","type":"label"}}