{
  "namespace": "warn_section",
  
   "warn_button@settings_common.section_toggle_base": {
    "$toggle_view_binding_name": "warn_button_toggle",
    "$glyph_texture": "textures/mainmenu/recommend",
    "$glyph_color_texture": "textures/mainmenu/recommend_2",
    "$glyph_size": [ 17, 17 ],
    "$button_text": "Recommendation",
    "$toggle_property_bag": {
      "#panel_title": "RECOMMENDATION"
    }
  },
    
  "warn_section": {
    "type": "stack_panel",
    "size": [ "100%", "100%c" ],
    "anchor_from": "top_left",
    "anchor_to": "top_left",
    "bindings": [
      {
        "binding_type": "view",
        "source_control_name": "warn_button_toggle",
        "source_property_name": "#toggle_state",
        "target_property_name": "#visible"
      }
    ],
    "controls": [
      {
 "selector_group_lable_1@settings_common.selector_group_label": {
         "text": "§eBEST SETTINGS FOR LOW-END DEVICES",
         "font_size": "large",
                   "font_type":"MinecraftTen"
        }
      },
      {"selector_group_lable_1@settings_common.selector_group_label": {
          "text": "space.spacer2"
          }
          },
         {     "selector_group_lable_1@settings_common.selector_group_label": {
          "text": "-Vertical Sync (vSync): Off\n-Render Distance: Low\n-Fancy Leaves: Off\n-Particle Render Distance: 0\n-Anti-aliasing: Minimum\n-Texel Anti-aliasing: OFF\n-Anti-aliasing: Minimum\n-Beautiful Skies/Render Clouds: OFF\n-Fancy Bubbles: OFF\n-Fancy Graphics: OFF\n-Smooth Lighting: OFF\n-3D Render: Off\n-Pack Settings:Fastest\n-Max Frames: 60(for Mobile)/250 or Unlimited(for Windows 10/Xbox)\n-Full Screen: Off(for Mobile)/On(for Windows\n-Gui Scale:1, 0(for Mobile), -1(for Windows)\n-Fov:60-80\n-Sensitivity:60(for Mobile)\n-Everything Enable(Mods): Off"
          }
          },
          {"selector_group_lable_1@settings_common.selector_group_label": {
          "font_type": "smooth",
          "text": "Function: Increase your fps!!!"
        }
      }
      ]
      }
      }
      ]
      }