{"mycelium":{"textures":{"side":"mycelium_top","up":"mycelium_top","down":"mycelium_bottom"},"isotropic":{"up":true,"down":true},"sound":"grass"},"format_version":[1,1,0],"grass":{"textures":{"side":"grass_side_bt","up":"grass_top","down":"grass_bottom"},"isotropic":{"up":true,"down":true},"sound":"grass","carried_textures":{"side":"grass_carried_top","up":"grass_carried_top","down":"grass_carried_bottom"}},"crimson_nylium":{"textures":{"east":"crimson_nylium_top","south":"crimson_nylium_top","north":"crimson_nylium_top","west":"crimson_nylium_top","up":"crimson_nylium_top","down":"netherrack"},"isotropic":{"up":true,"down":true},"sound":"nylium"},"podzol":{"textures":{"side":"dirt_podzol_top","up":"dirt_podzol_top","down":"dirt_podzol_bottom"},"isotropic":{"up":true,"down":true},"sound":"gravel"},"grass_path":{"textures":{"side":"grass_path_top","up":"grass_path_top","down":"dirt"},"isotropic":{"up":true,"down":true},"sound":"grass"},"warped_nylium":{"textures":{"east":"warped_nylium_top","south":"warped_nylium_top","north":"warped_nylium_top","west":"warped_nylium_top","up":"warped_nylium_top","down":"netherrack"},"isotropic":{"up":true,"down":true},"sound":"nylium"}}