{"mycelium":{"textures":{"side":"mycelium_top","up":"mycelium_top","down":"mycelium_bottom"},"isotropic":{"up":true,"down":true},"sound":"grass"},"format_version":[1,1,0],"grass":{"textures":{"side":"grass_side_bt","up":"grass_top","down":"grass_bottom"},"isotropic":{"up":true,"down":true},"sound":"grass","carried_textures":{"side":"grass_carried_top","up":"grass_carried_top","down":"grass_carried_bottom"}},"grass_path":{"textures":{"side":"grass_path_top","up":"grass_path_top","down":"dirt"},"isotropic":{"up":true,"down":true},"sound":"grass"},"frame":{"textures":"itemframe_background","blockshape":"invisible","sound":"itemframe"}}