{
	"format_version": "1.10.0",
	"particle_effect": {
		"description": {
			"identifier": "minecraft:death_explosion_emitter",
			"basic_render_parameters": {
				"material": "particles_alpha",
				"texture": "textures/particle/blood"
			}
		},
		"components": {
			"minecraft:emitter_local_space": {
				"position": true,
				"rotation": true
			},
			"minecraft:emitter_rate_instant": {
				"num_particles": 60
			},
			"minecraft:emitter_lifetime_once": {
				"active_time": 2
			},
			"minecraft:emitter_shape_point": {
				"direction": ["Math.random(-5.0, 5.0)", "Math.random(5.0, 5.0)", "Math.random(-5.0, 5.0)"]
			},
			"minecraft:particle_lifetime_expression": {
				"max_lifetime": "Math.random(0.8, 0.8)"
			},
			"minecraft:particle_initial_spin": {
				"rotation": "Math.random(0,0)"
			},
			"minecraft:particle_initial_speed": "Math.random(5.0, 5.0)",
			"minecraft:particle_motion_dynamic": {
				"linear_acceleration": ["(variable.particle_random_1 * 5.0 - 0)", -15, "(variable.particle_random_2 * 5.0 - 0)"]
			},
			"minecraft:particle_appearance_billboard": {
				"size": ["(variable.particle_random_3 * 0.15 + 0.025) * (1 - Math.pow((variable.particle_age + query.frame_alpha) / variable.particle_lifetime, 2))", "(variable.particle_random_3 * 0.15 + 0.025) * (1 - Math.pow((variable.particle_age + query.frame_alpha) / variable.particle_lifetime, 2))"],
				"facing_camera_mode": "rotate_xyz",
				"uv": {
					"texture_width": 16,
					"texture_height": 16,
					"uv": [0, 16],
					"uv_size": [8, 8]
				}
			},
			"minecraft:particle_motion_collision": {
				"collision_drag": 69,
				"collision_radius": 0.1
			},
			"minecraft:particle_appearance_lighting": {},
			"minecraft:particle_appearance_tinting": {
				"color": []
			}
		}
	}
}