{
	"format_version": "1.12.0",
	"minecraft:geometry": [
		{
			"description": {
				"identifier": "geometry.direction_hud",
				"texture_width": 215,
				"texture_height": 10,
				"visible_bounds_width": 31,
				"visible_bounds_height": 5,
				"visible_bounds_offset": [0, 0.5, 0]
			},
			"bones": [
				{
					"name": "bone1",
					"pivot": [0, 0, 0],
					"cubes": [
						{"origin": [-63.5, 0, -1], "size": [215, 8, 0], "uv": [0, 0]}
					]
				},
				{
					"name": "bone",
					"pivot": [0, 0, 0],
					"cubes": [
						{"origin": [-202, -5, -4], "size": [153, 18, 0], "uv": [0, 9]},
						{"origin": [94.5, -5, -4], "size": [153, 18, 0], "uv": [0, 9]}
					]
				}
			]
		}
	]
}