{
    "format_version": "1.12.0",
    "minecraft:geometry": [
        {
            "description": {
                "identifier": "geometry.speed_4",
                "texture_width": 16,
                "texture_height": 16,
                "visible_bounds_width": 5,
                "visible_bounds_height": 3.5,
                "visible_bounds_offset": [
                    0,
                    1.25,
                    0
                ]
            },
            "bones": [
                {
                    "name": "speed_anchor",
                    "pivot": [
                        0,
                        0,
                        0
                    ]
                },
                {
                    "name": "speed",
                    "parent": "speed_anchor",
                    "pivot": [
                        0,
                        0,
                        0
                    ],
                    "cubes": [
                        {
                            "origin": [
                                36,
                                12,
                                0
                            ],
                            "size": [
                                12,
                                16,
                                0
                            ],
                            "uv": {
                                "north": {
                                    "uv": [
                                        0,
                                        0
                                    ],
                                    "uv_size": [
                                        16,
                                        16
                                    ]
                                }
                            }
                        }
                    ]
                }
            ]
        },
        {
            "description": {
                "identifier": "geometry.speed_3",
                "texture_width": 16,
                "texture_height": 16,
                "visible_bounds_width": 4,
                "visible_bounds_height": 3.5,
                "visible_bounds_offset": [
                    0,
                    1.25,
                    0
                ]
            },
            "bones": [
                {
                    "name": "speed_anchor",
                    "pivot": [
                        0,
                        0,
                        0
                    ]
                },
                {
                    "name": "speed",
                    "parent": "speed_anchor",
                    "pivot": [
                        0,
                        0,
                        0
                    ],
                    "cubes": [
                        {
                            "origin": [
                                22,
                                12,
                                0
                            ],
                            "size": [
                                12,
                                16,
                                0
                            ],
                            "uv": {
                                "north": {
                                    "uv": [
                                        0,
                                        0
                                    ],
                                    "uv_size": [
                                        16,
                                        16
                                    ]
                                }
                            }
                        }
                    ]
                }
            ]
        },
        {
            "description": {
                "identifier": "geometry.speed_2",
                "texture_width": 16,
                "texture_height": 16,
                "visible_bounds_width": 4,
                "visible_bounds_height": 3.5,
                "visible_bounds_offset": [
                    0,
                    1.25,
                    0
                ]
            },
            "bones": [
                {
                    "name": "speed_anchor",
                    "pivot": [
                        0,
                        0,
                        0
                    ]
                },
                {
                    "name": "speed",
                    "parent": "speed_anchor",
                    "pivot": [
                        0,
                        0,
                        0
                    ],
                    "cubes": [
                        {
                            "origin": [
                                4,
                                12,
                                0
                            ],
                            "size": [
                                12,
                                16,
                                0
                            ],
                            "uv": {
                                "north": {
                                    "uv": [
                                        0,
                                        0
                                    ],
                                    "uv_size": [
                                        16,
                                        16
                                    ]
                                }
                            }
                        }
                    ]
                }
            ]
        },
        {
            "description": {
                "identifier": "geometry.speed_1",
                "texture_width": 16,
                "texture_height": 16,
                "visible_bounds_width": 4,
                "visible_bounds_height": 3.5,
                "visible_bounds_offset": [
                    0,
                    1.25,
                    0
                ]
            },
            "bones": [
                {
                    "name": "speed_anchor",
                    "pivot": [
                        0,
                        0,
                        0
                    ]
                },
                {
                    "name": "speed",
                    "parent": "speed_anchor",
                    "pivot": [
                        0,
                        0,
                        0
                    ],
                    "cubes": [
                        {
                            "origin": [
                                -10,
                                12,
                                0
                            ],
                            "size": [
                                12,
                                16,
                                0
                            ],
                            "uv": {
                                "north": {
                                    "uv": [
                                        0,
                                        0
                                    ],
                                    "uv_size": [
                                        16,
                                        16
                                    ]
                                }
                            }
                        }
                    ]
                }
            ]
        },
        {
            "description": {
                "identifier": "geometry.speed_m",
                "texture_width": 16,
                "texture_height": 16,
                "visible_bounds_width": 11,
                "visible_bounds_height": 3.5,
                "visible_bounds_offset": [
                    0,
                    1.25,
                    0
                ]
            },
            "bones": [
                {
                    "name": "speed_anchor",
                    "pivot": [
                        0,
                        0,
                        0
                    ]
                },
                {
                    "name": "speed",
                    "parent": "speed_anchor",
                    "pivot": [
                        0,
                        0,
                        0
                    ],
                    "cubes": [
                        {
                            "origin": [
                                50,
                                12,
                                0
                            ],
                            "size": [
                                39,
                                16,
                                0
                            ],
                            "uv": {
                                "north": {
                                    "uv": [
                                        0,
                                        0
                                    ],
                                    "uv_size": [
                                        16,
                                        16
                                    ]
                                }
                            }
                        }
                    ]
                }
            ]
        },
        {
            "description": {
                "identifier": "geometry.speed_p",
                "texture_width": 16,
                "texture_height": 16,
                "visible_bounds_width": 5,
                "visible_bounds_height": 3.5,
                "visible_bounds_offset": [
                    0,
                    1.25,
                    0
                ]
            },
            "bones": [
                {
                    "name": "speed_anchor",
                    "pivot": [
                        0,
                        0,
                        0
                    ]
                },
                {
                    "name": "speed",
                    "parent": "speed_anchor",
                    "pivot": [
                        0,
                        0,
                        0
                    ],
                    "cubes": [
                        {
                            "origin": [
                                13,
                                12,
                                0
                            ],
                            "size": [
                                12,
                                16,
                                0
                            ],
                            "uv": {
                                "north": {
                                    "uv": [
                                        0,
                                        0
                                    ],
                                    "uv_size": [
                                        16,
                                        16
                                    ]
                                }
                            }
                        }
                    ]
                }
            ]
        }
    ]
}