{
	"format_version": "1.12.0",
	"minecraft:geometry": [
		{
			"description": {
				"identifier": "geometry.status",
				"texture_width": 45,
				"texture_height": 10,
				"visible_bounds_width": 4,
				"visible_bounds_height": 2.5,
				"visible_bounds_offset": [0, 0.75, 0]
			},
			"bones": [
				{
					"name": "bb_main",
					"pivot": [0, 0, 0],
					"cubes": [
						{"origin": [-22.5, 0, 0], "size": [46, 0, 10], "pivot": [0, 0, 0], "rotation": [90, 0, 0], "uv": [-10, 0]}
					]
				}
			]
		}
	]
}