{
  "format_version": "1.16.100",
  "minecraft:fog_settings": {
    "description": {
      "identifier": "eternal:fog_basalt_deltas"
    },
    "distance": {
      "air": {
        "fog_start": 58.88,
        "fog_end": 64,
        "fog_color": "#685f70",
        "render_distance_type": "fixed"
      },
      "water": {
        "fog_start": 0.0,
        "fog_end": 15.0,
        "fog_color": "#423e42",
        "render_distance_type": "fixed"
      },
      "weather": {
        "fog_start": 14.72,
        "fog_end": 44.8,
        "fog_color": "#685f70",
        "render_distance_type": "fixed"
      }
    }
  }
}