{"format_version":"1.10.0","minecraft:client_entity":{"description":{"animations":{"attack.positions":"animation.player.attack.positions","attack.rotations":"animation.player.attack.rotations","base_controller":"controller.animation.player.base","blink":"controller.animation.persona.blink","bob":"animation.player.bob","brandish_spear":"animation.humanoid.brandish_spear","charging":"animation.humanoid.charging","crossbow_controller":"controller.animation.player.crossbow","crossbow_hold":"animation.player.crossbow_hold","custom":"animation.custom","damage_nearby_mobs":"animation.humanoid.damage_nearby_mobs","first_person_attack_controller":"controller.animation.player.first_person_attack","first_person_attack_rotation":"animation.player.first_person.attack_rotation","first_person_base_pose":"animation.player.first_person.base_pose","first_person_crossbow_equipped":"animation.player.first_person.crossbow_equipped","first_person_empty_hand":"animation.player.first_person.empty_hand","first_person_map_controller":"controller.animation.player.first_person_map","first_person_map_hold":"animation.player.first_person.map_hold","first_person_map_hold_attack":"animation.player.first_person.map_hold_attack","first_person_map_hold_main_hand":"animation.player.first_person.map_hold_main_hand","first_person_map_hold_off_hand":"animation.player.first_person.map_hold_off_hand","first_person_swap_item":"animation.player.first_person.swap_item","first_person_vr_attack_rotation":"animation.player.first_person.vr_attack_rotation","first_person_walk":"animation.player.first_person.walk","fishing_rod":"animation.humanoid.fishing_rod","force_coor_negative_x":"animation.player.force_coor_x","force_coor_negative_y":"animation.player.force_coor_y","force_coor_negative_z":"animation.player.force_coor_z","force_coor_x":"animation.player.force_coor_x","force_coor_x2":"animation.player.force_coor_x","force_coor_x3":"animation.player.force_coor_x","force_coor_x4":"animation.player.force_coor_x","force_coor_x5":"animation.player.force_coor_x","force_coor_x6":"animation.player.force_coor_x","force_coor_y":"animation.player.force_coor_y","force_coor_y2":"animation.player.force_coor_y","force_coor_y3":"animation.player.force_coor_y","force_coor_y4":"animation.player.force_coor_y","force_coor_y5":"animation.player.force_coor_y","force_coor_y6":"animation.player.force_coor_y","force_coor_z":"animation.player.force_coor_z","force_coor_z2":"animation.player.force_coor_z","force_coor_z3":"animation.player.force_coor_z","force_coor_z4":"animation.player.force_coor_z","force_coor_z5":"animation.player.force_coor_z","force_coor_z6":"animation.player.force_coor_z","holding":"animation.player.holding","hudplayer":"controller.animation.player.hudplayer","humanoid_base_pose":"animation.humanoid.base_pose","look_at_target":"controller.animation.humanoid.look_at_target","look_at_target_default":"animation.humanoid.look_at_target.default","look_at_target_gliding":"animation.humanoid.look_at_target.gliding","look_at_target_inverted":"animation.player.look_at_target.inverted","look_at_target_swimming":"animation.humanoid.look_at_target.swimming","look_at_target_ui":"animation.player.look_at_target.ui","move.arms":"animation.player.move.arms","move.legs":"animation.player.move.legs","riding.arms":"animation.player.riding.arms","riding.legs":"animation.player.riding.legs","root":"controller.animation.player.root","shield_block_main_hand":"animation.player.shield_block_main_hand","shield_block_off_hand":"animation.player.shield_block_off_hand","skeleton_attack":"animation.skeleton.attack","sleeping":"animation.player.sleeping","sneevokerng":"animation.player.sneevokerng","swimming":"animation.player.swim","swimming.legs":"animation.player.swim.legs","third_person_bow_equipped":"animation.player.bow_equipped","third_person_crossbow_equipped":"animation.player.crossbow_equipped","use_item_progress":"animation.humanoid.use_item_progress","v_boots":"animation.player.boots","v_chestplate":"animation.player.chestplate","v_helmet":"animation.player.helmet","v_leggings":"animation.player.leggings","x_txt":"animation.player.force_coor_x","y_txt":"animation.player.force_coor_y","z_txt":"animation.player.force_coor_z"},"enable_attachables":true,"geometry":{"cape":"geometry.cape","default":"geometry.humanoid.custom","v_boots":"geometry.v_boots","v_chestplate":"geometry.v_chestplate","v_helmet":"geometry.v_helmet","v_leggings":"geometry.v_leggings"},"identifier":"minecraft:player","materials":{"animated":"player_animated","cape":"entity_alphatest","default":"entity_alphatest"},"render_controllers":[{"controller.render.player.first_person":"variable.is_first_person"},{"controller.render.player.third_person":"!variable.is_first_person && !variable.map_face_icon"},{"controller.render.player.map":"variable.map_face_icon"},{"controller.render.player.q_in_ui":"variable.evoker_ui"},{"controller.render.armor_check.v_helmet_ept":"query.armor_texture_slot(0) == -1 && variable.evoker_ui"},{"controller.render.armor_check.v_chestplate_ept":"query.armor_texture_slot(1) == -1 && variable.evoker_ui"},{"controller.render.armor_check.v_leggings_ept":"query.armor_texture_slot(2) == -1 && variable.evoker_ui"},{"controller.render.armor_check.v_boots_ept":"query.armor_texture_slot(3) == -1 && variable.evoker_ui"},{"controller.render.armor_check.v_helmet":"variable.evoker_ui"},{"controller.render.armor_check.v_chestplate":"variable.evoker_ui"},{"controller.render.armor_check.v_leggings":"variable.evoker_ui"},{"controller.render.armor_check.v_boots":"variable.evoker_ui"},{"controller.render.armor_check.pumpkin_helmet":"q.is_item_name_any('slot.armor.head', 0, 'minecraft:carved_pumpkin') && variable.evoker_ui"}],"scripts":{"animate":["root","v_helmet","v_chestplate","v_leggings","v_boots"],"initialize":["variable.is_holding_right = 0.0;","variable.is_blinking = 0.0;","variable.last_blink_time = 0.0;","variable.hand_bob = 0.0;","variable.render = 0.0;"],"pre_animation":["variable.attack_body_rot_y = Math.sin(360*Math.sqrt(variable.attack_time)) * 5.0;","variable.tcos0 = (math.cos(query.modified_distance_moved * 38.17) * query.modified_move_speed / variable.gliding_speed_value) * 57.3;","variable.first_person_rotation_factor = math.sin((1 - variable.attack_time) * 180.0);","variable.hand_bob = query.life_time < 0.01 ? 0.0 : variable.hand_bob + ((query.is_on_ground && query.is_alive ? math.clamp(math.sqrt(math.pow(query.position_delta(0), 2.0) + math.pow(query.position_delta(2), 2.0)), 0.0, 0.1) : 0.0) - variable.hand_bob) * 0.02;","variable.map_angle = math.clamp(1 - variable.player_x_rotation / 45.1, 0.0, 1.0);","variable.item_use_normalized = query.main_hand_item_use_duration / query.main_hand_item_max_duration;","variable.helmet_layer_visible = 1.0;","variable.leg_layer_visible = 1.0;","variable.boot_layer_visible = 1.0;","variable.chest_layer_visible = 1.0;","variable.evoker_ui = query.is_in_ui;","variable.q_h_helmet = query.armor_texture_slot(0);","variable.q_h_chestplate = query.armor_texture_slot(1);","variable.q_h_leggings = query.armor_texture_slot(2);","variable.q_h_boots = query.armor_texture_slot(3);","v.force_coor_x_template = ((math.floor(math.abs(query.position(0))) + query.position(0) / 99999 ) + 2);","v.force_coor_y_template = ((math.floor(math.abs(query.position(1))) + query.position(1) / 64 ) + 3);","v.force_coor_z_template = ((math.floor(math.abs(query.position(2))) + query.position(2) / 99999 ) + 2);","v.force_coor_x = ((query.position(0) < 0 ? v.force_coor_x_template) + (query.position(0) >= 1 ? ((math.floor(math.abs(query.position(0))) + query.position(0)) * 0.5)));","v.force_coor_y = ((query.position(1) <= 1 ? (v.force_coor_y_template + (query.position(1) >= 0 ? -2))) + (query.position(1) >= 1 ? ((math.floor(math.abs(query.position(1))) + query.position(1)) * 0.5 - 1)));","v.force_coor_z = ((query.position(2) < 0 ? v.force_coor_z_template) + (query.position(2) >= 1 ? ((math.floor(math.abs(query.position(2))) + query.position(2)) * 0.5)));"],"scale":"0.9375"},"textures":{"chainmail_boots":"textures/items/chainmail_boots","chainmail_chestplate":"textures/items/chainmail_chestplate","chainmail_helmet":"textures/items/chainmail_helmet","chainmail_leggings":"textures/items/chainmail_leggings","default":"textures/entity/steve","diamond_boots":"textures/items/diamond_boots","diamond_chestplate":"textures/items/diamond_chestplate","diamond_helmet":"textures/items/diamond_helmet","diamond_leggings":"textures/items/diamond_leggings","diamond_sword":"textures/items/diamond_sword","elytra":"textures/items/elytra","ept_boots":"textures/ui/empty_armor_slot_boots","ept_chestplate":"textures/ui/empty_armor_slot_chestplate","ept_helmet":"textures/ui/empty_armor_slot_helmet","ept_leggings":"textures/ui/empty_armor_slot_leggings","gold_boots":"textures/items/gold_boots","gold_chestplate":"textures/items/gold_chestplate","gold_helmet":"textures/items/gold_helmet","gold_leggings":"textures/items/gold_leggings","gold_sword":"textures/items/gold_sword","iron_boots":"textures/items/iron_boots","iron_chestplate":"textures/items/iron_chestplate","iron_helmet":"textures/items/iron_helmet","iron_leggings":"textures/items/iron_leggings","iron_sword":"textures/items/iron_sword","leather_boots":"textures/items/leather_boots1","leather_chestplate":"textures/items/leather_chestplate1","leather_helmet":"textures/items/leather_helmet1","leather_leggings":"textures/items/leather_leggings1","netherite_boots":"textures/items/netherite_boots","netherite_chestplate":"textures/items/netherite_chestplate","netherite_helmet":"textures/items/netherite_helmet","netherite_leggings":"textures/items/netherite_leggings","netherite_sword":"textures/items/netherite_sword","pumpkin_helmet":"textures/blocks/pumpkin_face_off","stone_sword":"textures/items/stone_sword","turtle_helmet":"textures/items/turtle_helmet","wood_sword":"textures/items/wood_sword"}}}}