{"animations":{"animation.player.go":{"bones":{"go":{"position":[0.1,17.7,25],"rotation":[0,0,0],"scale":0.35}},"loop":true},"animation.player.jump":{"bones":{"jump":{"position":[0.1,17.7,25],"rotation":[0,0,0],"scale":0.35}},"loop":true},"animation.player.move":{"bones":{"move":{"position":[0.1,17.7,25],"rotation":[0,0,0],"scale":0.35}},"loop":true},"animation.player.sit":{"bones":{"sit":{"position":[0.1,17.7,25],"rotation":[0,0,0],"scale":0.35}},"loop":true},"animation.player.wings":{"animation_length":1,"bones":{"1":{"rotation":{"0.0":[0,-27.5,0],"0.5":[0,-12.5,0],"1.0":[0,-27.5,0]}},"2":{"rotation":{"0.0":[0,20,0],"0.5":[0,7.5,0],"1.0":[0,20,0]}}},"loop":true}},"format_version":"1.8.0"}