{
  "namespace": "chest",
  "small_chest_panel": {
    "type": "panel",
    "controls": [
      {
        "container_gamepad_helpers@common.container_gamepad_helpers": {}
      },
      {
        "flying_item_renderer@common.flying_item_renderer": {
          "layer": 14
        }
      },
      {
        "selected_item_details_factory@common.selected_item_details_factory": {}
      },
      {
        "root_panel@common.root_panel": {
          "layer": 1,
          "controls": [
            {
              "common_panel@common.common_panel": {}
            },
            {
              "mob_effects_renderer": {
                "type": "custom",
                "size": [
                  1,
                  1
                ],
                "renderer": "mob_effects_renderer"
              }
            },
            {
              "chest_panel": {
                "type": "panel",
                "layer": 5,
                "controls": [
                  {
                    "render_panel@bedrocktimize_assets.render_panel": {}
                  },
                  {
                    "player_panel@bedrocktimize_assets.player_panel": {}
                  },
                  {
                    "small_chest_panel_top_half@chest.small_chest_panel_top_half": {}
                  },
                  {
                    "inventory_panel_bottom_half_with_label@common.inventory_panel_bottom_half_with_label": {}
                  },
                  {
                    "hotbar_grid@hotbar_grid_template": {}
                  },
                  {
                    "inventory_take_progress_icon_button@common.inventory_take_progress_icon_button": {}
                  }
                ]
              }
            },
            {
              "inventory_selected_icon_button@common.inventory_selected_icon_button": {}
            },
            {
              "gamepad_cursor@common.gamepad_cursor_button": {}
            }
          ]
        }
      }
    ]
  },
  "large_chest_panel": {
    "type": "panel",
    "controls": [
      {
        "container_gamepad_helpers@common.container_gamepad_helpers": {}
      },
      {
        "flying_item_renderer@common.flying_item_renderer": {
          "layer": 11
        }
      },
      {
        "selected_item_details_factory@common.selected_item_details_factory": {
          "control_name": "@chest.selected_item_details"
        }
      },
      {
        "root_panel@common.root_panel": {
          "size": [
            176,
            220
          ],
          "layer": 1,
          "controls": [
            {
              "common_panel@common.common_panel": {}
            },
            {
              "mob_effects_renderer": {
                "type": "custom",
                "size": [
                  1,
                  1
                ],
                "renderer": "mob_effects_renderer"
              }
            },
            {
              "chest_panel": {
                "type": "panel",
                "layer": 5,
                "controls": [
                  {
                    "render_panel@bedrocktimize_assets.render_panel": {}
                  },
                  {
                    "player_panel@bedrocktimize_assets.player_panel": {}
                  },
                  {
                    "large_chest_panel_top_half@chest.large_chest_panel_top_half": {}
                  },
                  {
                    "inventory_panel_bottom_half_with_label@common.inventory_panel_bottom_half_with_label": {}
                  },
                  {
                    "hotbar_grid@hotbar_grid_template": {}
                  },
                  {
                    "inventory_take_progress_icon_button@common.inventory_take_progress_icon_button": {}
                  }
                ]
              }
            },
            {
              "inventory_selected_icon_button@common.inventory_selected_icon_button": {}
            },
            {
              "gamepad_cursor@common.gamepad_cursor_button": {}
            }
          ]
        }
      }
    ]
  }
}