{
  "namespace": "hud_screen",
  "hotbar_slot_image": {
    "type": "image",
    "offset": [
      0,
      0
    ],
    "size": [
      20,
      22
    ],
    "layer": 1,
    "alpha": 1.00
  },
  "hotbar_panel_bedrocktimize": {
    "type": "stack_panel",
    "offset": [
      0,
      0
    ],
    "anchor_to": "top_middle",
    "anchor_from": "top_middle",
    "controls": [
      {
        "hotbar@hotbar_chooser": {
          "offset": [
            3,
            16
          ]
        }
      },
      {
        "hotbar_elipses_panel_left@hud.hotbar_elipses_panel_left": {}
      },
      {
        "hotbar_grid@hud.hotbar_grid": {}
      },
      {
        "hotbar_elipses_panel_right@hud.hotbar_elipses_panel_right": {}
      }
    ]
  },
  "hotbar_elipses_panel_right_content": {
    "type": "stack_panel",
    "orientation": "horizontal",
    "controls": [
      {
        "elipses_content@hud.hotbar_elipses_panel_right_art": {}
      },
      {
        "hotbar_end_cap@hud.hotbar_end_cap": {}
      }
    ],
    "bindings": [
      {
        "binding_name": "#hotbar_elipses_right_visible",
        "binding_name_override": "#visible",
        "binding_type": "global"
      }
    ]
  }
}