{
	"format_version": "1.12.0",
	"minecraft:geometry": [
		{
			"description": {
				"identifier": "geometry.cape",
				"texture_width": 64,
				"texture_height": 64,
				"visible_bounds_width": 3,
				"visible_bounds_height": 4,
				"visible_bounds_offset": [0, 1, 0]
			},
			"bones": [
				{
					"name": "root",
					"pivot": [0, 0, 0]
				},
				{
					"name": "waist",
					"parent": "root",
					"pivot": [0, 12, 0]
				},
				{
					"name": "body",
					"parent": "waist",
					"pivot": [0, 24, 0]
				},
				{
					"name": "cape",
					"parent": "body",
					"pivot": [0, 24, 2],
					"rotation": [0, 180, 0]
				},
				{
					"name": "model",
					"parent": "cape",
					"pivot": [0, 24, 2],
					"cubes": [
						{
							"origin": [-5, 8, 1],
							"size": [10, 16, 1],
							"uv": {
								"north": {"uv": [0, 0], "uv_size": [10, 16]},
								"east": {"uv": [16, 16], "uv_size": [1, 16]},
								"south": {"uv": [10, 0], "uv_size": [10, 16]},
								"west": {"uv": [17, 16], "uv_size": [1, 16]},
								"up": {"uv": [18, 16], "uv_size": [10, 1]},
								"down": {"uv": [18, 18], "uv_size": [10, -1]}
							}
						}
					]
				},
				{
					"name": "bone",
					"parent": "body",
					"pivot": [-2, 24, 7],
					"rotation": [0, -17.5, 0],
					"cubes": [
						{
							"origin": [-7, 0, 4],
							"size": [0, 33, 1],
							"uv": {
								"north": {"uv": [0, 16], "uv_size": [1, 33]},
								"east": {"uv": [1, 16], "uv_size": [1, 33]},
								"south": {"uv": [2, 16], "uv_size": [1, 33]},
								"west": {"uv": [3, 16], "uv_size": [1, 33]},
								"up": {"uv": [25, 26], "uv_size": [1, 1]},
								"down": {"uv": [26, 27], "uv_size": [1, -1]}
							}
						},
						{
							"origin": [3, 0, 4],
							"size": [0, 33, 1],
							"uv": {
								"north": {"uv": [0, 16], "uv_size": [1, 33]},
								"east": {"uv": [1, 16], "uv_size": [1, 33]},
								"south": {"uv": [2, 16], "uv_size": [1, 33]},
								"west": {"uv": [3, 16], "uv_size": [1, 33]},
								"up": {"uv": [25, 26], "uv_size": [1, 1]},
								"down": {"uv": [26, 27], "uv_size": [1, -1]}
							}
						},
						{
							"origin": [3, 0, -5],
							"size": [0, 33, 1],
							"uv": {
								"north": {"uv": [8, 16], "uv_size": [1, 33]},
								"east": {"uv": [9, 16], "uv_size": [1, 33]},
								"south": {"uv": [10, 16], "uv_size": [1, 33]},
								"west": {"uv": [11, 16], "uv_size": [1, 33]},
								"up": {"uv": [27, 26], "uv_size": [1, 1]},
								"down": {"uv": [27, 28], "uv_size": [1, -1]}
							}
						},
						{
							"origin": [-7, 0, -5],
							"size": [0, 33, 1],
							"uv": {
								"north": {"uv": [12, 16], "uv_size": [1, 33]},
								"east": {"uv": [13, 16], "uv_size": [1, 33]},
								"south": {"uv": [14, 16], "uv_size": [1, 33]},
								"west": {"uv": [15, 16], "uv_size": [1, 33]},
								"up": {"uv": [28, 16], "uv_size": [1, 1]},
								"down": {"uv": [28, 18], "uv_size": [1, -1]}
							}
						},
						{
							"origin": [-7, 32, -5],
							"size": [0, 1, 10],
							"uv": {
								"north": {"uv": [28, 18], "uv_size": [1, 1]},
								"east": {"uv": [18, 18], "uv_size": [10, 1]},
								"south": {"uv": [28, 19], "uv_size": [1, 1]},
								"west": {"uv": [18, 19], "uv_size": [10, 1]},
								"up": {"uv": [20, 0], "uv_size": [1, 10]},
								"down": {"uv": [18, 30], "uv_size": [1, -10]}
							}
						},
						{
							"origin": [-7, 0, -5],
							"size": [0, 1, 10],
							"uv": {
								"north": {"uv": [29, 20], "uv_size": [1, 1]},
								"east": {"uv": [21, 9], "uv_size": [10, 1]},
								"south": {"uv": [29, 21], "uv_size": [1, 1]},
								"west": {"uv": [19, 21], "uv_size": [10, 1]},
								"up": {"uv": [19, 22], "uv_size": [1, 10]},
								"down": {"uv": [20, 32], "uv_size": [1, -10]}
							}
						},
						{
							"origin": [-7, 32, 5],
							"size": [10, 1, 0],
							"uv": {
								"north": {"uv": [20, 10], "uv_size": [10, 1]},
								"east": {"uv": [25, 28], "uv_size": [1, 1]},
								"south": {"uv": [20, 11], "uv_size": [10, 1]},
								"west": {"uv": [26, 28], "uv_size": [1, 1]},
								"up": {"uv": [20, 12], "uv_size": [10, 1]},
								"down": {"uv": [20, 14], "uv_size": [10, -1]}
							}
						},
						{
							"origin": [-7, 32, -5],
							"size": [10, 1, 0],
							"uv": {
								"north": {"uv": [20, 14], "uv_size": [10, 1]},
								"east": {"uv": [28, 27], "uv_size": [1, 1]},
								"south": {"uv": [20, 15], "uv_size": [10, 1]},
								"west": {"uv": [28, 28], "uv_size": [1, 1]},
								"up": {"uv": [19, 20], "uv_size": [10, 1]},
								"down": {"uv": [21, 1], "uv_size": [10, -1]}
							}
						},
						{
							"origin": [-7, 0, -5],
							"size": [10, 1, 0],
							"uv": {
								"north": {"uv": [21, 1], "uv_size": [10, 1]},
								"east": {"uv": [29, 16], "uv_size": [1, 1]},
								"south": {"uv": [21, 2], "uv_size": [10, 1]},
								"west": {"uv": [29, 17], "uv_size": [1, 1]},
								"up": {"uv": [21, 3], "uv_size": [10, 1]},
								"down": {"uv": [21, 5], "uv_size": [10, -1]}
							}
						},
						{
							"origin": [-7, 0, 5],
							"size": [10, 1, 0],
							"uv": {
								"north": {"uv": [21, 5], "uv_size": [10, 1]},
								"east": {"uv": [29, 18], "uv_size": [1, 1]},
								"south": {"uv": [21, 6], "uv_size": [10, 1]},
								"west": {"uv": [29, 19], "uv_size": [1, 1]},
								"up": {"uv": [21, 7], "uv_size": [10, 1]},
								"down": {"uv": [21, 9], "uv_size": [10, -1]}
							}
						},
						{
							"origin": [3, 32, -4],
							"size": [0, 1, 9],
							"uv": {
								"north": {"uv": [28, 26], "uv_size": [1, 1]},
								"east": {"uv": [21, 22], "uv_size": [9, 1]},
								"south": {"uv": [27, 28], "uv_size": [1, 1]},
								"west": {"uv": [21, 23], "uv_size": [9, 1]},
								"up": {"uv": [21, 24], "uv_size": [1, 9]},
								"down": {"uv": [22, 33], "uv_size": [1, -9]}
							}
						},
						{
							"origin": [3, 0, -4],
							"size": [0, 1, 9],
							"uv": {
								"north": {"uv": [25, 29], "uv_size": [1, 1]},
								"east": {"uv": [23, 24], "uv_size": [9, 1]},
								"south": {"uv": [26, 29], "uv_size": [1, 1]},
								"west": {"uv": [23, 25], "uv_size": [9, 1]},
								"up": {"uv": [23, 26], "uv_size": [1, 9]},
								"down": {"uv": [24, 35], "uv_size": [1, -9]}
							}
						}
					]
				}
			]
		}
	]
}