{
"namespace":"brewing",

"content":{
"type":"panel",
"controls":[
{"@brewing.btn":{}},
{"@brewing.img":{}},
{"@brewing.ctrl":{}}]},

"toggle_button@common_toggles.light_ui_toggle":{
"$default_texture":"ui/img/off",
"$hover_texture":"ui/img/on",
"$pressed_texture":"ui/img/on",
"$pressed_no_hover_texture":"ui/img/on",
"$locked_texture":"ui/img/on"},

"btn":{
"type":"panel",
"controls":[
{"@brewing.1btn":{}},
{"@brewing.2btn":{}},
{"@brewing.3btn":{}},
{"@brewing.4btn":{}},
{"@brewing.5btn":{}},
{"@brewing.6btn":{}},
{"@brewing.7btn":{}},
{"@brewing.8btn":{}},
{"@brewing.9btn":{}},
{"@brewing.10btn":{}},
{"@brewing.11btn":{}},
{"@brewing.12btn":{}},
{"@brewing.13btn":{}},
{"@brewing.14btn":{}},
{"@brewing.15btn":{}},
{"@brewing.16btn":{}},
{"@brewing.17btn":{}},
{"@brewing.18btn":{}}]},

"1btn@toggle_button":{
"anchor_from":"top_right",
"anchor_to":"top_right",
"offset":[-100,0],
"size":[20,20],
"$radio_toggle_group":true,
"$toggle_group_forced_index":0,
"$toggle_view_binding_name":"pot1"},

"2btn@toggle_button":{
"anchor_from":"top_right",
"anchor_to":"top_right",
"offset":[-80,0],
"size":[20,20],
"$radio_toggle_group":true,
"$toggle_group_forced_index":1,
"$toggle_view_binding_name":"pot2"},

"3btn@toggle_button":{
"anchor_from":"top_right",
"anchor_to":"top_right",
"offset":[-60,0],
"size":[20,20],
"$radio_toggle_group":true,
"$toggle_group_forced_index":2,
"$toggle_view_binding_name":"pot3"},

"4btn@toggle_button":{
"anchor_from":"top_right",
"anchor_to":"top_right",
"offset":[-40,0],
"size":[20,20],
"$radio_toggle_group":true,
"$toggle_group_forced_index":3,
"$toggle_view_binding_name":"pot4"},

"5btn@toggle_button":{
"anchor_from":"top_right",
"anchor_to":"top_right",
"offset":[-20,0],
"size":[20,20],
"$radio_toggle_group":true,
"$toggle_group_forced_index":4,
"$toggle_view_binding_name":"pot5"},

"6btn@toggle_button":{
"anchor_from":"top_right",
"anchor_to":"top_right",
"offset":[0,0],
"size":[20,20],
"$radio_toggle_group":true,
"$toggle_group_forced_index":5,
"$toggle_view_binding_name":"pot6"},

"7btn@toggle_button":{
"anchor_from":"top_right",
"anchor_to":"top_right",
"offset":[-100,20],
"size":[20,20],
"$radio_toggle_group":true,
"$toggle_group_forced_index":6,
"$toggle_view_binding_name":"pot7"},

"8btn@toggle_button":{
"anchor_from":"top_right",
"anchor_to":"top_right",
"offset":[-80,20],
"size":[20,20],
"$radio_toggle_group":true,
"$toggle_group_forced_index":7,
"$toggle_view_binding_name":"pot8"},

"9btn@toggle_button":{
"anchor_from":"top_right",
"anchor_to":"top_right",
"offset":[-60,20],
"size":[20,20],
"$radio_toggle_group":true,
"$toggle_group_forced_index":8,
"$toggle_view_binding_name":"pot9"},

"10btn@toggle_button":{
"anchor_from":"top_right",
"anchor_to":"top_right",
"offset":[-40,20],
"size":[20,20],
"$radio_toggle_group":true,
"$toggle_group_forced_index":9,
"$toggle_view_binding_name":"pot10"},

"11btn@toggle_button":{
"anchor_from":"top_right",
"anchor_to":"top_right",
"offset":[-20,20],
"size":[20,20],
"$radio_toggle_group":true,
"$toggle_group_forced_index":10,
"$toggle_view_binding_name":"pot11"},

"12btn@toggle_button":{
"anchor_from":"top_right",
"anchor_to":"top_right",
"offset":[0,20],
"size":[20,20],
"$radio_toggle_group":true,
"$toggle_group_forced_index":11,
"$toggle_view_binding_name":"pot12"},

"13btn@toggle_button":{
"anchor_from":"top_right",
"anchor_to":"top_right",
"offset":[-100,40],
"size":[20,20],
"$radio_toggle_group":true,
"$toggle_group_forced_index":12,
"$toggle_view_binding_name":"pot13"},

"14btn@toggle_button":{
"anchor_from":"top_right",
"anchor_to":"top_right",
"offset":[-80,40],
"size":[20,20],
"$radio_toggle_group":true,
"$toggle_group_forced_index":13,
"$toggle_view_binding_name":"pot14"},

"15btn@toggle_button":{
"anchor_from":"top_right",
"anchor_to":"top_right",
"offset":[-60,40],
"size":[20,20],
"$radio_toggle_group":true,
"$toggle_group_forced_index":14,
"$toggle_view_binding_name":"pot15"},

"16btn@toggle_button":{
"anchor_from":"top_right",
"anchor_to":"top_right",
"offset":[-40,40],
"size":[20,20],
"$radio_toggle_group":true,
"$toggle_group_forced_index":15,
"$toggle_view_binding_name":"pot16"},

"17btn@toggle_button":{
"anchor_from":"top_right",
"anchor_to":"top_right",
"offset":[-20,40],
"size":[20,20],
"$radio_toggle_group":true,
"$toggle_group_forced_index":16,
"$toggle_view_binding_name":"pot17"},

"18btn@toggle_button":{
"anchor_from":"top_right",
"anchor_to":"top_right",
"offset":[0,40],
"size":[20,20],
"$radio_toggle_group":true,
"$toggle_group_forced_index":17,
"$toggle_view_binding_name":"pot18"},

"img":{
"type":"panel",
"controls":[
{"@brewing.1img":{}},
{"@brewing.2img":{}},
{"@brewing.3img":{}},
{"@brewing.4img":{}},
{"@brewing.5img":{}},
{"@brewing.6img":{}},
{"@brewing.7img":{}},
{"@brewing.8img":{}},
{"@brewing.9img":{}},
{"@brewing.10img":{}},
{"@brewing.11img":{}},
{"@brewing.12img":{}},
{"@brewing.13img":{}},
{"@brewing.14img":{}},
{"@brewing.15img":{}},
{"@brewing.16img":{}},
{"@brewing.17img":{}},
{"@brewing.18img":{}}]},

"1img":{
"anchor_from":"top_right",
"anchor_to":"top_right",
"offset":[-103,1],
"type":"image",
"texture":"ui/img/icon/heal",
"size":[16,16]},

"2img":{
"anchor_from":"top_right",
"anchor_to":"top_right",
"offset":[-83,1],
"type":"image",
"texture":"ui/img/icon/fireres",
"size":[16,16]},

"3img":{
"anchor_from":"top_right",
"anchor_to":"top_right",
"offset":[-63,1],
"type":"image",
"texture":"ui/img/icon/regen",
"size":[16,16]},

"4img":{
"anchor_from":"top_right",
"anchor_to":"top_right",
"offset":[-43,1],
"type":"image",
"texture":"ui/img/icon/strength",
"size":[16,16]},

"5img":{
"anchor_from":"top_right",
"anchor_to":"top_right",
"offset":[-23,1],
"type":"image",
"texture":"ui/img/icon/swiftness",
"size":[16,16]},

"6img":{
"anchor_from":"top_right",
"anchor_to":"top_right",
"offset":[-3,1],
"type":"image",
"texture":"ui/img/icon/nightvis",
"size":[16,16]},

"7img":{
"anchor_from":"top_right",
"anchor_to":"top_right",
"offset":[-103,21],
"type":"image",
"texture":"ui/img/icon/invis",
"size":[16,16]},

"8img":{
"anchor_from":"top_right",
"anchor_to":"top_right",
"offset":[-83,21],
"type":"image",
"texture":"ui/img/icon/waterbreathing",
"size":[16,16]},

"9img":{
"anchor_from":"top_right",
"anchor_to":"top_right",
"offset":[-63,21],
"type":"image",
"texture":"ui/img/icon/leap",
"size":[16,16]},

"10img":{
"anchor_from":"top_right",
"anchor_to":"top_right",
"offset":[-43,21],
"type":"image",
"texture":"ui/img/icon/slowfall",
"size":[16,16]},

"11img":{
"anchor_from":"top_right",
"anchor_to":"top_right",
"offset":[-23,21],
"type":"image",
"texture":"ui/img/icon/poison",
"size":[16,16]},

"12img":{
"anchor_from":"top_right",
"anchor_to":"top_right",
"offset":[-3,21],
"type":"image",
"texture":"ui/img/icon/weak",
"size":[16,16]},

"13img":{
"anchor_from":"top_right",
"anchor_to":"top_right",
"offset":[-103,41],
"type":"image",
"texture":"ui/img/icon/harm",
"size":[16,16]},

"14img":{
"anchor_from":"top_right",
"anchor_to":"top_right",
"offset":[-83,41],
"type":"image",
"texture":"ui/img/icon/slowness",
"size":[16,16]},

"15img":{
"anchor_from":"top_right",
"anchor_to":"top_right",
"offset":[-62,41],
"type":"image",
"texture":"ui/img/icon/turtlemaster",
"size":[16,16]},

"16img":{
"anchor_from":"top_right",
"anchor_to":"top_right",
"offset":[-42,41],
"type":"image",
"texture":"ui/img/icon/normal",
"size":[16,16]},

"17img":{
"anchor_from":"top_right",
"anchor_to":"top_right",
"offset":[-22,41],
"type":"image",
"texture":"ui/img/icon/splash",
"size":[16,16]},

"18img":{
"anchor_from":"top_right",
"anchor_to":"top_right",
"offset":[-2,40.5],
"type":"image",
"texture":"ui/img/icon/lingering",
"size":[16,16]},

"ctrl":{
"type":"panel",
"controls":[
{"@brewing.1ctrl":{}},
{"@brewing.2ctrl":{}},
{"@brewing.3ctrl":{}},
{"@brewing.4ctrl":{}},
{"@brewing.5ctrl":{}},
{"@brewing.6ctrl":{}},
{"@brewing.7ctrl":{}},
{"@brewing.8ctrl":{}},
{"@brewing.9ctrl":{}},
{"@brewing.10ctrl":{}},
{"@brewing.11ctrl":{}},
{"@brewing.12ctrl":{}},
{"@brewing.13ctrl":{}},
{"@brewing.14ctrl":{}},
{"@brewing.15ctrl":{}},
{"@brewing.16ctrl":{}},
{"@brewing.17ctrl":{}},
{"@brewing.18ctrl":{}}]},

"1ctrl":{
"type":"image",
"anchor_from":"right_middle",
"anchor_to":"right_middle",
"size":[85,125],
"texture":"ui/img/recipe/heal",
"bindings":[{
"binding_type":"view",
"source_control_name":"pot1",
"source_property_name":"#toggle_state",
"target_property_name":"#visible"}]},

"2ctrl":{
"type":"image",
"anchor_from":"right_middle",
"anchor_to":"right_middle",
"size":[85,125],
"texture":"ui/img/recipe/fireres",
"bindings":[{
"binding_type":"view",
"source_control_name":"pot2",
"source_property_name":"#toggle_state",
"target_property_name":"#visible"}]},

"3ctrl":{
"type":"image",
"anchor_from":"right_middle",
"anchor_to":"right_middle",
"size":[85,125],
"texture":"ui/img/recipe/regen",
"bindings":[{
"binding_type":"view",
"source_control_name":"pot3",
"source_property_name":"#toggle_state",
"target_property_name":"#visible"}]},

"4ctrl":{
"type":"image",
"anchor_from":"right_middle",
"anchor_to":"right_middle",
"size":[85,125],
"texture":"ui/img/recipe/strength",
"bindings":[{
"binding_type":"view",
"source_control_name":"pot4",
"source_property_name":"#toggle_state",
"target_property_name":"#visible"}]},

"5ctrl":{
"type":"image",
"anchor_from":"right_middle",
"anchor_to":"right_middle",
"size":[85,125],
"texture":"ui/img/recipe/swiftness",
"bindings":[{
"binding_type":"view",
"source_control_name":"pot5",
"source_property_name":"#toggle_state",
"target_property_name":"#visible"}]},

"6ctrl":{
"type":"image",
"anchor_from":"right_middle",
"anchor_to":"right_middle",
"size":[85,125],
"texture":"ui/img/recipe/nightvis",
"bindings":[{
"binding_type":"view",
"source_control_name":"pot6",
"source_property_name":"#toggle_state",
"target_property_name":"#visible"}]},

"7ctrl":{
"type":"image",
"anchor_from":"right_middle",
"anchor_to":"right_middle",
"size":[85,125],
"texture":"ui/img/recipe/invis",
"bindings":[{
"binding_type":"view",
"source_control_name":"pot7",
"source_property_name":"#toggle_state",
"target_property_name":"#visible"}]},

"8ctrl":{
"type":"image",
"anchor_from":"right_middle",
"anchor_to":"right_middle",
"size":[85,125],
"texture":"ui/img/recipe/waterbreathing",
"bindings":[{
"binding_type":"view",
"source_control_name":"pot8",
"source_property_name":"#toggle_state",
"target_property_name":"#visible"}]},

"9ctrl":{
"type":"image",
"anchor_from":"right_middle",
"anchor_to":"right_middle",
"size":[85,125],
"texture":"ui/img/recipe/leap",
"bindings":[{
"binding_type":"view",
"source_control_name":"pot9",
"source_property_name":"#toggle_state",
"target_property_name":"#visible"}]},

"10ctrl":{
"type":"image",
"anchor_from":"right_middle",
"anchor_to":"right_middle",
"size":[85,125],
"texture":"ui/img/recipe/slowfall",
"bindings":[{
"binding_type":"view",
"source_control_name":"pot10",
"source_property_name":"#toggle_state",
"target_property_name":"#visible"}]},

"11ctrl":{
"type":"image",
"anchor_from":"right_middle",
"anchor_to":"right_middle",
"size":[85,125],
"texture":"ui/img/recipe/poison",
"bindings":[{
"binding_type":"view",
"source_control_name":"pot11",
"source_property_name":"#toggle_state",
"target_property_name":"#visible"}]},

"12ctrl":{
"type":"image",
"anchor_from":"right_middle",
"anchor_to":"right_middle",
"size":[85,125],
"texture":"ui/img/recipe/weak",
"bindings":[{
"binding_type":"view",
"source_control_name":"pot12",
"source_property_name":"#toggle_state",
"target_property_name":"#visible"}]},

"13ctrl":{
"type":"image",
"anchor_from":"right_middle",
"anchor_to":"right_middle",
"size":[85,125],
"texture":"ui/img/recipe/harm",
"bindings":[{
"binding_type":"view",
"source_control_name":"pot13",
"source_property_name":"#toggle_state",
"target_property_name":"#visible"}]},

"14ctrl":{
"type":"image",
"anchor_from":"right_middle",
"anchor_to":"right_middle",
"size":[85,125],
"texture":"ui/img/recipe/slowness",
"bindings":[{
"binding_type":"view",
"source_control_name":"pot14",
"source_property_name":"#toggle_state",
"target_property_name":"#visible"}]},

"15ctrl":{
"type":"image",
"anchor_from":"right_middle",
"anchor_to":"right_middle",
"size":[85,125],
"texture":"ui/img/recipe/turtlemaster",
"bindings":[{
"binding_type":"view",
"source_control_name":"pot15",
"source_property_name":"#toggle_state",
"target_property_name":"#visible"}]},

"16ctrl":{
"type":"image",
"anchor_from":"right_middle",
"anchor_to":"right_middle",
"size":[85,125],
"texture":"ui/img/recipe/normal",
"bindings":[{
"binding_type":"view",
"source_control_name":"pot16",
"source_property_name":"#toggle_state",
"target_property_name":"#visible"}]},

"17ctrl":{
"type":"image",
"anchor_from":"right_middle",
"anchor_to":"right_middle",
"size":[85,125],
"texture":"ui/img/recipe/splash",
"bindings":[{
"binding_type":"view",
"source_control_name":"pot17",
"source_property_name":"#toggle_state",
"target_property_name":"#visible"}]},

"18ctrl":{
"type":"image",
"anchor_from":"right_middle",
"anchor_to":"right_middle",
"size":[85,125],
"texture":"ui/img/recipe/lingering",
"bindings":[{
"binding_type":"view",
"source_control_name":"pot18",
"source_property_name":"#toggle_state",
"target_property_name":"#visible"}]}
}