{
"namespace":"brewing_stand",

"brewing_stand_pictogram":{
"type":"panel",
"size":["40%","80%"],
"controls":[
{"brewing_input_slot@brewing_stand.brewing_input_slot":{}},
{"brewing_output_slots@brewing_stand.brewing_output_slots":{}},
{"brewing_fuel_slot@brewing_stand.brewing_fuel_slot":{}},
{"brewing_arrow_empty_image@brewing_stand.brewing_arrow_empty_image":{}},
{"brewing_arrow_full_image@brewing_stand.brewing_arrow_full_image":{}},
{"brewing_fuel_bar_empty_image@brewing_stand.brewing_fuel_bar_empty_image":{}},
{"brewing_fuel_bar_full_image@brewing_stand.brewing_fuel_bar_full_image":{}},
{"bubbles_empty_image@brewing_stand.bubbles_empty_image":{}},
{"bubbles_full_image@brewing_stand.bubbles_full_image":{}},
{"brewing_fuel_pipes@brewing_stand.brewing_fuel_pipes":{}},
{"brewing_pipes@brewing_stand.brewing_pipes":{}}]},

"brewing_stand_panel":{
"type":"panel",
"controls":[
{"container_gamepad_helpers@common.container_gamepad_helpers":{}},
{"flying_item_renderer@common.flying_item_renderer":{
"layer":11}},
{"selected_item_details_factory@common.selected_item_details_factory":{}},
{"item_lock_notification_factory@common.item_lock_notification_factory":{}},
{"root_panel@common.root_panel":{
"layer":1,
"controls":[
{"common_panel@common.common_panel":{}},
{"furnace_screen_inventory":{
"type":"panel",
"layer":5,
"controls":[
{"brewing_panel_top_half@brewing_stand.brewing_panel_top_half":{}},
{"inventory_panel_bottom_half_with_label@common.inventory_panel_bottom_half_with_label":{}},
{"hotbar_grid@common.hotbar_grid_template":{}},
{"inventory_take_progress_icon_button@common.inventory_take_progress_icon_button":{}}]}},
{"inventory_selected_icon_button@common.inventory_selected_icon_button":{}},
{"gamepad_cursor@common.gamepad_cursor_button":{}}]}},
{"brewingguide@brewing.content":{}}]},

"brewing_stand_screen@common.inventory_screen_common":{
"$close_on_player_hurt|default":true,
"close_on_player_hurt":"$close_on_player_hurt",
"variables":[
{"requires":"$desktop_screen",
"$screen_content":"brewing_stand.brewing_stand_panel",
"$screen_bg_content":"common.screen_background"},
{"requires":"$pocket_screen",
"$screen_content":"brewing_stand_pocket.brewing_stand_panel"}]}
}