{
  "main_content": {
    "type": "stack_panel",
    "size": [ "100% - 16px", "100%c" ],
    "offset": [ 4, 4 ],
    "controls": [
      {
        "meg": {
          "type": "panel",
          "size": [ "100%", "100%c" ],
          "anchor_from": "center",
          "anchor_to": "center",
          "controls": [
            {
              "mob_effect_grid@mob_effect.mob_effect_grid": { }
            }
          ]
        }
      },
      {
        "padding01": {
          "type": "panel",
          "size": [ 0, 10 ]
        }
      }
    ]
  },
  "scroll@common.scrolling_panel": {
    "$show_background": false,
    "$scrolling_content": "mob_effect.main_content",
    "$scrolling_panel_size": [ "100% - 2px", "100%" ],
    "$scroll_size": [ "4px", "100% - 2px" ],
    "$always_handle_scrolling": true
  },
  "main_screen": {
    "type": "panel",
    "controls": [
      {
        "main_panel": {
          "type": "panel",
          "anchor_from": "center",
          "anchor_to": "center",
          "size": [ "65%", "75%" ],
          "$text_name": "title.effect",
          "$panel_indent_size": [ "100% - 16px", "100% - 31px" ],
          "$custom_background": "dialog_background_hollow_3",
          "controls": [
            {
              "common_panel@common.common_panel": { "$dialog_background": "$custom_background" }
            },
            {
              "title_label@common_dialogs.title_label": {}
            },
            {
              "panel_indent": {
                "type": "panel",
                "size": "$panel_indent_size",
                "offset": [ 0, 23 ],
                "anchor_from": "top_middle",
                "anchor_to": "top_middle",
                "controls": [
                  { "inside_header_panel@mob_effect.scroll": {} }
                ]
              }
            }
          ]
        }
      }
    ]
  },
  "mob_effect_screen@common.base_screen": {
    "button_mappings": [
      {
        "from_button_id": "button.menu_cancel",
        "to_button_id": "button.menu_continue",
        "mapping_type": "global"
      },
	    {
		    "from_button_id": "button.mobeffects",
		    "to_button_id": "button.menu_continue",
		    "mapping_type": "global"
	    }
    ],
    "close_on_player_hurt": true,
    "$screen_content": "mob_effect.main_screen"
  }
}