{
  "namespace": "add_server_java",
	
  "buttons": {
    "type": "panel",
		"offset": [ 0, -30 ],
    "controls": [
      {
        "play_button@luconia_java_buttons.java_button": {
          "size": [ 195, 20 ],
          "offset": [ 0, 80 ],
          "$pressed_button_name": "button.play_button",
          "$button_text": "Play Server",
		      "ignored": "$edit_mode",
		      "bindings": [
		       {
		         "binding_name": "#play_button_enabled",
		         "binding_name_override": "#enabled"
		        }
		      ]
				}
      },
			{
		    "remove_button@luconia_java_buttons.java_button": {
		      "size": [ 195, 20 ],
		      "$pressed_button_name": "button.remove_button",
		      "$button_text": "Delete",
					"visible": "($edit_mode)",
		      "offset": [ 0, 80 ]
		    }
			},
      {
        "save_button@luconia_java_buttons.java_button": {
          "size": [ 195, 20 ],
					"offset": [ 0, 103 ],
			    "$pressed_button_name": "button.save_button",
			    "$button_text": "Done",
			    "bindings": [
			      {
			        "binding_name": "#save_button_enabled",
			        "binding_name_override": "#enabled"
			      }
			    ]
        }
      },
      {
        "cancel_button@luconia_java_buttons.java_button": {
          "size": [ 195, 20 ],
					"offset": [ 0, 126 ],
			    "$pressed_button_name": "button.menu_exit",
			    "$button_text": "Cancel"
        }
      }
    ]
  },
	
  "text_edit_group": {
    "type": "stack_panel",
    "anchor_from": "top_left",
    "anchor_to": "top_left",
    "size": [ "80%", "100%c+3px" ],
    "$max_length|default": 30,
    "$text_type|default": "ExtendedASCII",
    "controls": [
      {
        "name_label": {
          "type": "label",
          "color": [ 1.76, 1.76, 1.76 ],
          "anchor_from": "top_left",
					"font_type": "default",
          "anchor_to": "top_left",
          "layer": 1,
          "offset": [ 2, 0 ],
          "size": [ "100%", "10px" ],
          "text": "$header"
        }
      },
      {
        "edit_box@common.text_edit_box": {
          "layer": 2,
          "anchor_from": "top_left",
          "anchor_to": "top_left",
					"font_type": "default",
          "size": [ "100%", 25 ],
          "$text_box_name": "$text_box_name",
          "$text_edit_box_content_binding_name": "$content_binding_name",
          "max_length": "$max_length",
          "text_type": "$text_type",
          "$place_holder_text": "$placeholder_label",
          "$text_edit_box_binding_condition": "once"
        }
      }
    ]
  },

  "title_text": {
    "type": "label",
    "layer": 1,
    "text": "Edit Server Info",
    "shadow": true,
		"font_type": "default",
		"offset": [ 0, 20 ],
		"anchor_from": "top_middle",
		"anchor_to": "top_middle"
  },

  "content_panel": {
    "type": "stack_panel",
    "controls": [
      {
        "name_edit@add_external_server.text_edit_group": {
          "$header": "addExternalServerScreen.nameTextBoxLabel",
          "$placeholder_label": "addExternalServerScreen.namePlaceholder",
          "$text_box_name": "#name_text_box",
          "$max_length": 16,
          "$content_binding_name": "#name_text_box_content",
          "$text_box_tts_header": "addExternalServerScreen.nameTextBoxLabel",
          "$focus_id": "0_name",
          "$focus_override_right": "1_ip_edit",
					"font_type": "default",
					"shadow": true
        }
      },
      {
        "ip_edit@add_external_server.text_edit_group": {
          "$header": "addExternalServerScreen.ipTextBoxLabel",
          "$placeholder_label": "addExternalServerScreen.ipPlaceholder",
          "$text_box_name": "#ip_text_box",
					"font_type": "smooth",
          "$max_length": 256,
          "$content_binding_name": "#ip_text_box_content",
          "$text_box_tts_header": "addExternalServerScreen.ipTextBoxLabel",
          "$focus_id": "1_ip_edit",
          "$focus_override_right": "2_port",
					"font_type": "default",
					"shadow": true
        }
      },
      {
        "port_edit@add_external_server.text_edit_group": {
          "$header": "addExternalServerScreen.portTextBoxLabel",
          "$placeholder_label": "",
          "$max_length": 6,
          "$text_type": "NumberChars",
					"font_type": "smooth",
          "$text_box_name": "#port_text_box",
          "$content_binding_name": "#port_text_box_content",
          "$text_box_tts_header": "addExternalServerScreen.portTextBoxLabel",
          "$focus_id": "2_port",
          "$focus_override_right": "0_name",
					"font_type": "default",
					"shadow": true
        }
      }
    ]
  },

  "main_panel": {
    "type": "input_panel",
    "size": "$dialog_size",
		"offset": [ 0, -40 ],
    "controls": [
      {
        "main_content@add_external_server.content_panel": {
          "anchor_from": "center",
          "anchor_to": "center",
          "offset": [ 0, 0 ]
        }
      }
		]
	},
	
  "add_server_custom": {
    "type": "panel",
    "controls": [
      { "buttons@add_server_java.buttons": { } },
			{ "main_panel@add_server_java.main_panel": { } },
			{ "exit@add_server_java.exit": { } },
			{ "remove_button@add_server_java.remove_button": { } },
			{ "bg_panel@add_server_java.bg_panel": { } },
			{ "textlogo@add_server_java.textlogo": { } },
			{ "title_text@add_server_java.title_text": { } }
    ]
  }
}