{
	"namespace": "pause_java",

	"text": {
		"type": "label",
		"layer": 1,
		"text": "Game menu",
		"shadow": true,
		"font_type": "default",
		"offset": [
			0,
			20
		],
		"anchor_from": "top_middle",
		"anchor_to": "top_middle"
	},
	"bg_overlay": {
		"anchor_from": "center",
		"anchor_to": "center",
		"type": "image",
		"texture": "black_overlay",
		"offset": [
			0,
			0
		],
		"layer": -1,
		"fill": true
	},
	"buttons_1": {
		"type": "panel",
		"offset": [
			0,
			-20
		],
		"controls": [
			{
				"play_button@luconia_java_buttons.java_button": {
					"size": [
						200,
						20
					],
					"offset": [
						0,
						-52
					],
					"$pressed_button_name": "button.menu_exit",
					"$button_text": "Back to Game"
				}
			},
			{
				"achievements_button@luconia_java_buttons.java_button": {
					"size": [
						98,
						20
					],
					"offset": [
						-51,
						-28
					],
					"$pressed_button_name": "button.to_profile_or_skins_screen",
					"$button_text": "Skins"
				}
			},
			{
				"store_button@luconia_java_buttons.java_button": {
					"size": [
						98,
						20
					],
					"offset": [
						51,
						-28
					],
					"$pressed_button_name": "button.menu_store",
					"$button_text": "Marketplace"
				}
			},
			{
				"settings_button@luconia_java_buttons.java_button": {
					"size": [
						98,
						20
					],
					"offset": [
						-51,
						20
					],
					"$pressed_button_name": "button.menu_settings",
					"$button_text": "Options..."
				}
			},
			{
				"invite_button@luconia_java_buttons.java_button": {
					"size": [
						98,
						20
					],
					"offset": [
						51,
						20
					],
					"$pressed_button_name": "button.menu_invite_players",
					"$button_text": "Invite Players"
				}
			},
			{
				"exit_button@luconia_java_buttons.java_button": {
					"size": [
						200,
						20
					],
					"offset": [
						0,
						44
					],
					"$button_text": "Save and Quit to Title",
					"$pressed_button_name": "button.menu_quit",
					"variables": [
						{
							"requires": "(not $is_secondary_client)",
							"$button_text": "Save and Quit to Title"
						},
						{
							"requires": "$is_secondary_client",
							"$button_text": "Save and Quit to Title"
						}
					]
				}
			}
		]
	},
	"perms_button@luconia_java_buttons.java_button": {
		"size": [
			88,
			20
		],
		"offset": [
			-46,
			67
		],
		"$button_tts_header": "accessibility.pause_java.permissions",
		"$pressed_button_name": "button.menu_permission",
		"bindings": [
			{
				"binding_type": "collection_details",
				"binding_collection_name": "players_collection"
			}
		],
		"$button_text": "See Players"
	},
	"player_grid_item_content": {
		"type": "panel",
		"controls": [
			{
				"player_button_panel": {
					"type": "stack_panel",
					"orientation": "horizontal",
					"anchor_from": "top_middle",
					"anchor_to": "top_middle",
					"size": [
						"100%",
						"100% + 1px"
					],
					"controls": [
						{
							"player_button_banner": {
								"type": "panel",
								"size": [
									"fill",
									"100%"
								],
								"controls": [
									{
										"player_button@pause_java.player_button": {
										}
									},
									{
										"player_banner@pause_java.player_banner": {
										}
									}
								]
							}
						},
						{
							"player_permission_button_padding": {
								"type": "panel",
								"size": [
									27,
									"100%"
								],
								"bindings": [
									{
										"binding_name": "#permissions_button_visible",
										"binding_name_override": "#visible"
									}
								]
							}
						}
					]
				}
			},
			{
				"player_permission_button_panel": {
					"type": "panel",
					"anchor_to": "top_right",
					"anchor_from": "top_right",
					"size": [
						"100%c",
						"100% + 1px"
					],
					"controls": [
						{
							"player_permission_button@pause_java.player_permission_button": {
							}
						}
					],
					"bindings": [
						{
							"binding_name": "#permissions_button_visible",
							"binding_name_override": "#visible"
						}
					]
				}
			}
		]
	},
	"player_permission_button@common_buttons.dark_content_button": {
		"size": [
			28,
			"100%"
		],
		"$button_content": "pause_java.player_permission_button_content",
		"$button_tts_header": "accessibility.pause_java.permissions",
		"button_mappings": [
			{
				"from_button_id": "button.menu_select",
				"to_button_id": "button.menu_permission",
				"mapping_type": "pressed"
			},
			{
				"from_button_id": "button.menu_ok",
				"to_button_id": "button.menu_permission",
				"mapping_type": "focused"
			}
		],
		"bindings": [
			{
				"binding_type": "collection_details",
				"binding_collection_name": "players_collection"
			}
		]
	},
	"player_permission_button_content": {
		"type": "panel",
		"size": [
			15,
			15
		],
		"controls": [
			{
				"permission_icon_image": {
					"type": "image",
					"texture": "#player_permission_level_icon_texture",
					"size": [
						15,
						15
					],
					"bindings": [
						{
							"binding_name": "#player_permission_level_icon_texture",
							"binding_name_override": "#texture",
							"binding_type": "collection",
							"binding_collection_name": "players_collection"
						}
					]
				}
			}
		]
	},
	"player_list": {
		"type": "panel",
		"size": [
			180,
			"100%"
		],
		"anchor_from": "right_middle",
		"anchor_to": "right_middle",
		"controls": [
			{
				"player_list_scrolling_panel@common.scrolling_panel": {
					"size": [
						"100% - 4px",
						"100%"
					],
					"offset": [
						2,
						0
					],
					"anchor_from": "top_right",
					"anchor_to": "top_right",
					"$show_background": false,
					"$scroll_track_size": [
						5,
						"100% - 4px"
					],
					"$scroll_track_offset|default": [
						-4,
						2
					],
					"$scrolling_content": "pause_java.player_list_content"
				}
			},
			{
				"player_list_content": {
					"type": "grid",
					"size": [
						"100%",
						"default"
					],
					"grid_item_template": "pause_java.player_grid_item",
					"grid_dimension_binding": "#players_grid_dimension",
					"collection_name": "players_collection",
					"anchor_to": "top_left",
					"anchor_from": "top_left",
					"bindings": [
						{
							"binding_name": "#players_grid_dimension",
							"binding_condition": "always"
						}
					]
				}
			}
		]
	},
	"pause_screen_content": {
		"type": "panel",
		"size": [
			"100%",
			"100%"
		],
		"anchor_from": "center",
		"anchor_to": "center",
		"controls": [
			{
				"buttons_1@pause_java.buttons_1": {
				}
			},
			{
				"pack_display@pause_java.pack_display": {
				}
			},
			{
				"text@pause_java.text": {
				}
			},
			{
				"bg_overlay@pause_java.bg_overlay": {
				}
			},
			{
				"exit_save@pause_java.exit_save": {
				}
			}
		]
	}
}
