{
  "namespace": "signin_java",
  
  "xbl_signin_button@luconia_java_buttons.green_button": {
    "$pressed_button_name": "button.xbl_signin",
    "$button_text": "MICROSOFT LOGIN",
    "anchor_from": "center",
    "anchor_to": "center",
    "offset": [ 0, -25 ],
		"size": [ 175, 26 ],
		"layer": 10
  },
	
  "cancel_button@luconia_java_buttons.green_button": {
    "$pressed_button_name": "button.menu_exit",
    "$button_text": "CANCEL",
    "anchor_from": "center",
    "anchor_to": "center",
    "offset": [ 0, 7 ],
		"size": [ 175, 26 ],
		"layer": 10
  },
	
  "bg": {
    "type": "image",
    "texture": "textures/java/ui/100",
    "anchor_from": "center",
    "anchor_to": "center",
    "offset": [ 0, -12 ],
		"size": [ 230, 130 ],
		"layer": 9
  },
	
  "text": {
    "type": "label",
    "text": "Log in now and explore infinite servers",
    "anchor_from": "center",
    "anchor_to": "center",
    "offset": [ 0, 35.5 ],
		"layer": 9,
		"font_scale_factor": 1.0
  },


  "signin_menu_custom": {
    "type": "panel",
    "controls": [
      { "xbl_signin_button@signin_java.xbl_signin_button": { } },
			{ "bg@signin_java.bg": { } },
			{ "cancel_button@signin_java.cancel_button": { } },
			{ "text@signin_java.text": { } },
			{
				"title": {
					"type": "image",
					  "offset": [ 0, -75 ],
					  "size": [
								217,
								195
				          	],
						"layer": 10,
						"texture": "textures/ui/title"
				}
			}
    ]
  },
  "full_screen": {
    "type": "panel",
    "controls": []
  }
}