{
  "format_version": "1.10.0",
  "minecraft:client_entity": {
    "description": {
      "identifier": "minecraft:player",
      "materials": {
        "default": "entity_alphatest",
        "blend": "entity_alphablend",
        "cape": "entity_alphatest",
        "animated": "player_animated"
      },
      "textures": {
        "default": "textures/entity/steve",
        "cape": "textures/entity/cape_invisible",
				//ArmorHUD
				"helmet5": "textures/items/netherite_helmet",
				"helmet4": "textures/items/diamond_helmet",
			  "helmet3": "textures/items/iron_helmet",
				"helmet2": "textures/items/gold_helmet",
				"helmet1": "textures/items/chainmail_helmet",
				"helmet0": "textures/extra/leather_helmet",
				"chestplate5": "textures/items/netherite_chestplate",
				"chestplate4": "textures/items/diamond_chestplate",
				"chestplate3": "textures/items/iron_chestplate",
				"chestplate2": "textures/items/gold_chestplate",
				"chestplate1": "textures/items/chainmail_chestplate",
				"chestplate0": "textures/extra/leather_chestplate",
				"leggings5": "textures/items/netherite_leggings",
				"leggings4": "textures/items/diamond_leggings",
				"leggings3": "textures/items/iron_leggings",
				"leggings2": "textures/items/gold_leggings",				
				"leggings1": "textures/items/chainmail_leggings",			
				"leggings0": "textures/extra/leather_leggings",
				"boots5": "textures/items/netherite_boots",
				"boots4": "textures/items/diamond_boots",
				"boots3": "textures/items/iron_boots",
				"boots2": "textures/items/gold_boots",				
				"boots1": "textures/items/chainmail_boots",
				"boots0": "textures/extra/leather_boots",
				//DH
        "north": "features/direction_hud/North",
        "south": "features/direction_hud/South",
        "east": "features/direction_hud/East",
        "west": "features/direction_hud/West"
      },
      "geometry": {
        "default": "geometry.humanoid.custom",
        "cape": "geometry.cape",
				"helmet": "geometry.helmet",
				"chestplate": "geometry.chestplate",
				"leggings": "geometry.leggings",
				"boots": "geometry.boots",
				"direction_hud": "geometry.direction_hud"
      },
      "scripts": {
        "scale": "0.9375",
        "initialize": [
          "variable.freelook1 = 0.0;",
          "variable.freelook2 = 0.0;",
          "variable.freelook3 = 0.0;",
          "variable.is_holding_right = 0.0;",
          "variable.is_blinking = 0.0;",
          "variable.last_blink_time = 0.0;",
          "variable.hand_bob = 0.0;",
          "variable.hurt_time = 0.0;",
          "variable.previous_perspective = 0.0;",
          "variable.perspective = 0.0;",
          "variable.life_time = 0.0;"
        ],
        "pre_animation": [
          "variable.freelook1 = variable.freelook1;",
          "variable.freelook2 = variable.freelook2;",
          "variable.freelook3 = variable.freelook3;",
          "variable.helmet_layer_visible = 1.0;",
          "variable.leg_layer_visible = 1.0;",
          "variable.boot_layer_visible = 1.0;",
          "variable.chest_layer_visible = 1.0;",
          "variable.attack_body_rot_y = Math.sin(360*Math.sqrt(variable.attack_time)) * 5.0;",
          "variable.tcos0 = (math.cos(query.modified_distance_moved * 38.17) * query.modified_move_speed / variable.gliding_speed_value) * 57.3;",
          "variable.first_person_rotation_factor = math.sin((1 - variable.attack_time) * 180.0);",
          "variable.hand_bob = query.life_time < 0.01 ? 0.0 : variable.hand_bob + ((query.is_on_ground && query.is_alive ? math.clamp(math.sqrt(math.pow(query.position_delta(0), 2.0) + math.pow(query.position_delta(2), 2.0)), 0.0, 0.1) : 0.0) - variable.hand_bob) * 0.02;",
          "variable.map_angle = math.clamp(1 - variable.player_x_rotation / 45.1, 0.0, 1.0);",
          "variable.item_use_normalized = query.main_hand_item_use_duration / query.main_hand_item_max_duration;"
        ],
        "animate": [
          { "freelook1": "(query.camera_rotation(0) == -query.target_x_rotation) == 1 || (query.camera_rotation(0) == query.target_x_rotation) == 1 && query.is_sneaking == 0 && query.is_in_ui == 0"},
          { "freelook2": "(query.camera_rotation(0) == -query.target_x_rotation) == 1 || (query.camera_rotation(0) == query.target_x_rotation) == 1 && query.is_sneaking == 0 && query.is_in_ui == 0"},
          { "freelook3": "(query.camera_rotation(0) == -query.target_x_rotation) == 1 || (query.camera_rotation(0) == query.target_x_rotation) == 1 && query.is_sneaking == 0 && query.is_in_ui == 0"},
          "root",
					{"render":"query.is_in_ui"},
					"helmet",
					"chestplate",
					"leggings",
					"boots",
					"direction_hud",
          "luconiawings",
          "lully",
          {"render":"query.is_in_ui"}
        ]
      },
      "animations": {
        "luconiawings":"animation.luconiawings",
        "lully":"animation.lully",
        "render":"animation.render",
        "custom": "animation.custom",
				"direction_hud": "animation.player.direction_hud",
				"helmet": "animation.player.helmet",
				"chestplate": "animation.player.chestplate",
				"leggings": "animation.player.leggings",
				"boots": "animation.player.boots",
        "freelook1": "controller.animation.freelook1",
        "freelook2": "controller.animation.freelook2",
        "freelook3": "controller.animation.freelook3",
        "root": "controller.animation.player.root",
        "base_controller": "controller.animation.player.base",
        "humanoid_base_pose": "animation.humanoid.base_pose",
        "look_at_target": "controller.animation.humanoid.look_at_target",
        "look_at_target_ui": "animation.player.look_at_target.ui",
        "look_at_target_default": "animation.humanoid.look_at_target.default",
        "look_at_target_gliding": "animation.humanoid.look_at_target.gliding",
        "look_at_target_swimming": "animation.humanoid.look_at_target.swimming",
        "look_at_target_inverted": "animation.player.look_at_target.inverted",
        "cape": "animation.player.cape",
        "move.arms": "animation.player.move.arms",
        "move.legs": "animation.player.move.legs",
        "swimming": "animation.player.swim",
        "swimming.legs": "animation.player.swim.legs",
        "riding.arms": "animation.player.riding.arms",
        "riding.legs": "animation.player.riding.legs",
        "holding": "animation.player.holding",
        "brandish_spear": "animation.humanoid.brandish_spear",
        "charging": "animation.humanoid.charging",
        "attack.positions": "animation.player.attack.positions",
        "attack.rotations": "animation.player.attack.rotations",
        "sneaking": "animation.player.sneaking",
        "bob": "animation.player.bob",
        "damage_nearby_mobs": "animation.humanoid.damage_nearby_mobs",
        "bow_and_arrow": "animation.humanoid.bow_and_arrow",
        "use_item_progress": "animation.humanoid.use_item_progress",
        "skeleton_attack": "animation.skeleton.attack",
        "sleeping": "animation.player.sleeping",
        "first_person_base_pose": "animation.player.first_person.base_pose",
        "first_person_swap_item": "animation.player.first_person.swap_item",
        "first_person_attack_controller": "controller.animation.player.first_person_attack",
        "first_person_attack_rotation": "animation.player.first_person.attack_rotation",
        "first_person_vr_attack_rotation": "animation.player.first_person.vr_attack_rotation",
        "first_person_walk": "animation.player.first_person.walk",
        "first_person_map_controller": "controller.animation.player.first_person_map",
        "first_person_map_hold": "animation.player.first_person.map_hold",
        "first_person_map_hold_attack": "animation.player.first_person.map_hold_attack",
        "first_person_map_hold_off_hand": "animation.player.first_person.map_hold_off_hand",
        "first_person_map_hold_main_hand": "animation.player.first_person.map_hold_main_hand",
        "first_person_crossbow_equipped": "animation.player.first_person.crossbow_equipped",
        "free360": "animation.player.free360",
        "free4": "animation.player.free4",
        "third_person_crossbow_equipped": "animation.player.crossbow_equipped",
        "third_person_bow_equipped": "animation.player.bow_equipped",
        "crossbow_hold": "animation.player.crossbow_hold",
        "crossbow_controller": "controller.animation.player.crossbow",
        "shield_block_main_hand": "animation.player.shield_block_main_hand",
        "shield_block_off_hand": "animation.player.shield_block_off_hand",
        "blink": "controller.animation.persona.blink"
      },
      "render_controllers": [
        { "controller.render.player.first_person": "variable.is_first_person" },
        { "controller.render.player.third_person": "!variable.is_first_person && !variable.map_face_icon" },
        { "controller.render.player.map": "variable.map_face_icon" },
				//ArmorHUD
				{ "controller.render.player.helmet5": "query.is_in_ui && query.armor_texture_slot(0) == (7)" },				
				{ "controller.render.player.helmet4": "query.is_in_ui && query.armor_texture_slot(0) == (3)" },
				{ "controller.render.player.helmet3": "query.is_in_ui && query.armor_texture_slot(0) == (2)" },
				{ "controller.render.player.helmet2": "query.is_in_ui && query.armor_texture_slot(0) == (4)" },
				{ "controller.render.player.helmet1": "query.is_in_ui && query.armor_texture_slot(0) == (1)" },
				{ "controller.render.player.helmet0": "query.is_in_ui && query.armor_texture_slot(0) == (0)" },
				{ "controller.render.player.chestplate5": "query.is_in_ui && query.armor_texture_slot(1) == (7)" },
				{ "controller.render.player.chestplate4": "query.is_in_ui && query.armor_texture_slot(1) == (3)" },
				{ "controller.render.player.chestplate3": "query.is_in_ui && query.armor_texture_slot(1) == (2)" },
				{ "controller.render.player.chestplate2": "query.is_in_ui && query.armor_texture_slot(1) == (4)" },
				{ "controller.render.player.chestplate1": "query.is_in_ui && query.armor_texture_slot(1) == (1)" },
				{ "controller.render.player.chestplate0": "query.is_in_ui && query.armor_texture_slot(1) == (0)" },		
				{ "controller.render.player.leggings5": "query.is_in_ui && query.armor_texture_slot(2) == (7)" },
				{ "controller.render.player.leggings4": "query.is_in_ui && query.armor_texture_slot(2) == (3)" },
				{ "controller.render.player.leggings3": "query.is_in_ui && query.armor_texture_slot(2) == (2)" },
				{ "controller.render.player.leggings2": "query.is_in_ui && query.armor_texture_slot(2) == (4)" },
				{ "controller.render.player.leggings1": "query.is_in_ui && query.armor_texture_slot(2) == (1)" },
				{ "controller.render.player.leggings0": "query.is_in_ui && query.armor_texture_slot(2) == (0)" },
				{ "controller.render.player.boots5": "query.is_in_ui && query.armor_texture_slot(3) == (7)" },
				{ "controller.render.player.boots4": "query.is_in_ui && query.armor_texture_slot(3) == (3)" },
				{ "controller.render.player.boots3": "query.is_in_ui && query.armor_texture_slot(3) == (2)" },
				{ "controller.render.player.boots2": "query.is_in_ui && query.armor_texture_slot(3) == (4)" },
				{ "controller.render.player.boots1": "query.is_in_ui && query.armor_texture_slot(3) == (1)" },
				{ "controller.render.player.boots0": "query.is_in_ui && query.armor_texture_slot(3) == (0)" },
				//Direction HUD
        { "controller.render.player.north": "query.is_sneaking && query.cardinal_facing_2d == 2" },
        { "controller.render.player.south": "query.is_sneaking && query.cardinal_facing_2d == 3" },
        { "controller.render.player.east": "query.is_sneaking && query.cardinal_facing_2d == 5" },
        { "controller.render.player.west": "query.is_sneaking && query.cardinal_facing_2d == 4" },
				//TEST
				{"controller.render.cape":"query.armor_texture_slot(1) != 5 && (variable.is_paperdoll || (variable.render == 1.0 && !variable.is_first_person))"},
	      {"controller.render.luconiawings":"variable.is_paperdoll || (variable.render == 1.0 && !variable.is_first_person)"},
	      {"controller.render.wing_layer":"variable.is_paperdoll || (variable.render == 1.0 && !variable.is_first_person)"},
	      {"controller.render.lully":"variable.is_paperdoll || (variable.render == 1.0 && !variable.is_first_person)"},
	      {"controller.render.cape":"variable.is_paperdoll || (variable.render == 1.0 && !variable.is_first_person)"}
        ],
      "enable_attachables": true
    }
  }
}
