{
  "namespace": "hud",
  

  
    "hud_content": {
    "type": "panel",
    "$hud_size": [
      "100%",
      "100%"
    ],
    "$hud_player_rend_desktop_offset|default": [
      15,
      15
    ],
    "variables": [
      {
        "requires": "($is_holographic and not $is_living_room_mode)",
        "$hud_player_rend_desktop_offset": [
          100,
          50
        ]
      },
      {
        "requires": "($compress_hud_width)",
        "$hud_size": [
          "90%",
          "100%"
        ]
      }
    ],
    "size": "$hud_size",
    "controls": [
      {
        "root_panel@hud.root_panel": {}
      },
      {
        "camera_renderer@camera_renderer": {}
      },
      {
        "fps_counter_player_renderer": {
          "anchor_from": "top_middle",
          "anchor_to": "top_middle",
          "layer": 10,
          "renderer": "paper_doll_renderer",
          "size": [
            13,
            13
          ],
          "offset": [
            37,
            -86
          ],
          "type": "custom"
        }
      },
      {
        "bg": {
          "anchor_from": "top_middle",
          "anchor_to": "top_middle",
          "offset": [50, 5],
          "alpha": 0.8,
          "layer": 1,
          "size": [
            40,
            10
          ],
          "texture": "Chest/fps_bg",
          "type": "image"
        }
      },
      {
        "armorhud_player_renderer": {
          "anchor_from": "bottom_right",
          "anchor_to": "bottom_right",
          "layer": 10,
          "renderer": "live_player_renderer",
          "size": [
            18,
            18
          ],
          "offset": [
            -180,
            145
            ],
          "type": "custom"
        }
      }
    ]
  },

  "hotbar_renderer": {
    "type": "custom",
    "renderer": "hotbar_renderer",
    "size": [ 20, 22 ],
    "layer": 1,
    "bindings": [
      {
        "binding_collection_name": "$hotbar_collection_name",
        "binding_type": "collection_details"
      }
    ],
    "controls": [
      { "hotbar_slot_image@hotbar_slot_image": {} }
    ]
  },
  
  "armor_renderer": {
    "type": "custom",
    "size": [ 1, 1 ],
    "renderer": "armor_renderer",
    "layer": 1,
    "bindings": [
      {
        "binding_name": "#is_armor_visible",
        "binding_name_override": "#visible"
      }
    ]
  },
  
  "exp_progress_bar_and_hotbar": {
    "type": "panel",
    "size": [ "100%c", 31 ],
    "anchor_from": "bottom_middle",
    "anchor_to": "bottom_middle",
    "offset": "$xp_control_offset",
    "controls": [
      {
        "resizing_xp_bar_with_hotbar": {
          "type": "panel",
          "size": [ "100%c", 5 ],
          "controls": [
            {
              "empty_progress_bar@empty_progress_bar": {
                "size": [ "100%c", 5 ],
                "layer": 1,
                "controls": [
                  {
                    "full_progress_bar@full_progress_bar": {
                      "size": [ "100%c + 10px", 5 ],
                      "layer": 2,
                      "controls": [
                        {
                          "progress_bar_nub@progress_bar_nub": {
                            "size": [ "100%c - 10px", 5 ],
                            "max_size": [ 172, 5 ],
                            "layer": 3,
                            "controls": [
                              {
                                "hotbar@hotbar_chooser": {
                                  "offset": [ 3, 16 ]
                                }
                              }
                            ]
                          }
                        }
                      ]
                    }
                  }
                ]
              }
            },
            {
              "xp_number_panel@xp_number_panel": {
                "offset": [ 0, -7 ],
                "layer": 7
              }
            }
          ],
          "bindings": [
            {
              "binding_name": "#is_not_creative_mode",
              "binding_name_override": "#visible"
            }
          ]
        }
      },
      // For when we hide the XP bar in Creative Move we still want to display the HUD
      {
        "hotbar@hotbar_chooser": {
          "offset": [ 3, 16 ],
          "bindings": [
            {
              "binding_name": "#show_survival_ui",
              "binding_name_override": "#visible"
            }
          ]
        }
      },
      {
        "item_text_factory": {
          "size": [ 100, 10 ],
          "type": "factory",
          "control_ids": {
            "item_text": "@hud.item_name_text_root",
            "jukebox_text": "@hud.jukebox_popup_text"
          }
        }
      }
    ]},
    
    "exp_progress_bar_and_hotbar_pocket": {
    "type": "panel",
    "size": [ "100%", "100%" ],
    "anchor_from": "bottom_middle",
    "anchor_to": "bottom_middle",
    "controls": [
      {
        "resizing_xp_bar_with_hotbar": {
          "type": "panel",
          "size": [ "100%", 5 ],
          "anchor_from": "bottom_middle",
          "anchor_to": "bottom_middle",
          "use_anchored_offset": true,
          "property_bag": {
            "#anchored_offset_value_y": 0.0,
            "#size_binding_x": 0.0,
            "#size_binding_y": 0.0
          },
          "controls": [
            {
              "empty_progress_bar@empty_progress_bar": {
                "size": [ "100%", "100%" ],
                "layer": 1,
                "controls": [
                  {
                    "full_progress_bar@full_progress_bar": {
                      "size": [ "100%", "100%" ],
                      "layer": 2,
                      "controls": [
                        {
                          "progress_bar_nub@progress_bar_nub": {
                            "size": [ "99%", "100%" ],
                            "layer": 3
                          }
                        }
                      ]
                    }
                  }
                ]
              }
            },
            {
              "progress_text_label@progress_text_label": {
                "offset": [ 0, 0 ],
                "layer": 7
              }
            }
          ],
          "bindings": [
            {
              "binding_name": "#show_survival_ui",
              "binding_name_override": "#visible"
            },
            {
              "binding_name": "#exp_bar_and_text_offset_y",
              "binding_name_override": "#anchored_offset_value_y"
            },
            {
              "binding_name": "#exp_bar_size_x",
              "binding_name_override": "#size_binding_x"
            },
            {
              "binding_name": "#exp_bar_size_y",
              "binding_name_override": "#size_binding_y"
            }
          ]
        }
      },
      {
        "hotbar_panel@hotbar_panel_pocket": {}
      },
      {
        "item_text": {
          "type": "panel",
          "offset": [ -100, -100 ],
          "anchor_from": "bottom_middle",
          "anchor_to": "bottom_middle",
          "use_anchored_offset": false,
          "property_bag": {
            "#anchored_offset_value_y": -100.0
          },
          "bindings": [
            {
              "binding_name": "#exp_bar_and_text_offset_y",
              "binding_name_override": "#anchored_offset_value_y"
            }
          ],
          "controls": [
            {
              "item_text_factory": {
                "size": [ 100, 10 ],
                "type": "factory",
                "control_ids": {
                  "item_text": "@hud.item_name_text_root",
                  "jukebox_text": "@hud.jukebox_popup_text"
                }
              }
            }
          ]
        }
      }
    ]
  },

  "xp_number_label": {
    "type": "label",
    "shadow": false,
    "text": "#level_number",
    "color": "$experience_text_color",
    "anchor_from": "top_middle",
    "anchor_to": "top_middle",
    "layer": 2,
    "bindings": [
      {
        "binding_name": "#level_number",
        "binding_type": "global"
      },
      {
        "binding_name": "#level_number_visible",
        "binding_type": "global",
        "binding_name_override": "#visible"
      }
    ]
  },
  
  "border_xp_number_label@hud.xp_number_label": {
    "layer": 1,
    "color": [ 0.0, 0.0, 0.0 ]
  },
  
    "xp_number_panel":{
    "type": "panel",
    "anchor_from": "top_middle",
    "anchor_to": "top_middle",
    "size": [ 182, 8 ],
    "offset": [ 0, -7 ],
    "controls": [
      { "xp_number_label@hud.xp_number_label":{ "offset": [ 0, 0 ] } },
      { "border_left@hud.border_xp_number_label":{ "offset": [ -1, 0 ] } },
      { "border_up@hud.border_xp_number_label":{ "offset": [ 0, -1 ] } },
      { "border_down@hud.border_xp_number_label":{ "offset": [ 0, 1 ] } },
      { "border_right@hud.border_xp_number_label":{ "offset": [ 1, 0 ] } }
    ]
  },
  
  "root_panel/centered_gui_elements_at_bottom_middle": {
    "offset": [ 0, 2 ]
},

  "elipses_image": {
    "type": "image",
    "texture": "textures/ui/elipses",
    "anchor_from": "center",
    "anchor_to": "center",
    "size": [ 13, 4 ],
    "layer": 30,
    "alpha": 0.0
  },

  "bound_button_label@button_label": {
    "text": "$label_bind_name",
    "bindings": [
      {
        "binding_name": "$label_bind_name",
        "binding_type": "global"
      }
    ]
  },

  "default_borderless_button_layout": {
    "type": "image",
    "texture": "textures/ui/button_borderless_light",
    "alpha": 0.0
  },

"hover_borderless_button_layout@default_borderless_button_layout": {
    "texture": "textures/ui/button_borderless_lighthover"
  },
  "pressed_borderless_button_layout@default_borderless_button_layout": {
    "texture": "textures/ui/button_borderless_lightpressed"
  },

  "borderless_button@common.button": {
    "controls": [
      {
        "default@default_borderless_button_layout": {}
      },
      {
        "hover@hover_borderless_button_layout": {}
      },
      {
        "pressed@pressed_borderless_button_layout": {}
      },
      {
        "elipses@elipses_image": {}
      }
    ]
  },

  "hotbar_slot_image": {
    "type": "image",
    "offset": [ 0, 0 ],
    "size": [ 20, 22 ],
    "layer": 1,
    "alpha": 1.0
  },

  "hotbar_slot_selected_image": {
    "type": "image",
    "texture": "textures/ui/selected_hotbar_slot",
    "size": [ 24, 24 ],
    "layer": 8,
    "bindings": [
      {
        "binding_name": "#slot_selected",
        "binding_name_override": "#visible",
        "binding_type": "collection",
        "binding_collection_name": "$hotbar_collection_name"
      }
    ]
  },

  "gui_hotbar_grid_item": {
    "type": "panel",
    "layer": 1,
    "size": [ 20, 22 ],
    "anchor_to": "top_left",
    "anchor_from": "top_left",
    "$stack_count_required|default": true,
    "$durability_bar_required|default": true,
    "controls": [
      { "hotbar_slot_selected_image@hotbar_slot_selected_image": {} },
      { "hotbar_renderer@hotbar_renderer": {} },
      {
        "hotbar_parent": {
          "type": "panel",
          "size": [ 18, 18 ],
          "controls": [
            {
              "item_icon@hotbar_hud_item_icon": {
                "size": [ 16, 16 ]
              }
            },
            {
              "item_count@common.stack_count_label": {
                "$item_collection_name": "$hotbar_collection_name",
                "$stack_count_collection_name": "$hotbar_collection_name",
                "bindings": [
                  {
                    "binding_name": "#inventory_stack_count",
                    "binding_type": "collection",
                    "binding_collection_name": "$stack_count_collection_name"
                  },
                  {
                    "binding_name": "#stack_count_visible",
                    "binding_name_override": "#visible",
                    "binding_type": "collection",
                    "binding_collection_name": "$stack_count_collection_name"
                  }
                ]
              }
            },
            {
              "item_dura@item_durability": {} }
	      ]
          }
      },
      { "hotbar_slot_button@gui_hotbar_slot_button_prototype": {} }
    ]
  },

  "centered_gui_elements": {
    "type": "panel",
    "controls": [
      {
        "hud_player_rend_desktop@hud_player_renderer": {
          "offset": "$hud_player_rend_desktop_offset",
          "anchor_from": "top_left",
          "anchor_to": "top_left"
        }
      }
    ],
    "bindings": [
      {
        "binding_name": "#hud_visible_centered_gui_elements",
        "binding_name_override": "#visible",
        "binding_type": "global"
      }
    ]
  },
  "not_centered_gui_elements": {
    "type": "panel",
    "controls": [
      {
        "heart_rend@heart_renderer": {
          "offset": [
            2,
            2
          ],
          "anchor_from": "top_left",
          "anchor_to": "top_left"
        }
      },
      {
        "horse_heart_rend@horse_heart_renderer": {
          "offset": [
            -2,
            2
          ],
          "anchor_from": "top_right",
          "anchor_to": "top_right",
          "layer": 1
        }
      },
      {
        "hunger_rend@hunger_renderer": {
          "offset": [
            -2,
            2
          ],
          "anchor_from": "top_right",
          "anchor_to": "top_right"
        }
      },
      {
        "hud_player_rend_pocket@hud_player_renderer": {
          "offset": [
            40,
            40
          ],
          "anchor_from": "top_left",
          "anchor_to": "top_left"
        }
      },
      {
        "bubbles_rend_0@bubbles_renderer": {
          "offset": [
            -1,
            12
          ],
          "anchor_from": "top_right",
          "anchor_to": "top_right",
          "bindings": [
            {
              "binding_name": "#is_not_riding",
              "binding_name_override": "#visible"
            }
          ]
        }
      },
      {
        "bubbles_rend_1@bubbles_renderer": {
          "offset": [
            -1,
            32
          ],
          "anchor_from": "top_right",
          "anchor_to": "top_right",
          "bindings": [
            {
              "binding_name": "#is_riding",
              "binding_name_override": "#visible"
            }
          ]
        }
      },
      {
        "horse_jump_rend@horse_jump_renderer": {
          "anchor_from": "bottom_middle",
          "anchor_to": "bottom_middle",
          "offset": [
            0,
            -28
          ],
          "layer": 7,
          "bindings": [
            {
              "binding_name": "#is_riding",
              "binding_name_override": "#visible"
            }
          ]
        }
      }
    ],
    "bindings": [
      {
        "binding_name": "#hud_visible_not_centered",
        "binding_name_override": "#visible",
        "binding_type": "global"
      }
    ]
  },
  "hotbar_chooser": {
    "type": "panel",
    "size": [ "100%c", 22 ],
    "$ignore_desktop": true,
    "$ignore_pocket": false,
    "variables": [
      {
        "requires": "($desktop_screen and not $education_edition)",
        "$ignore_desktop": false,
        "$ignore_pocket": true
      }
    ],

    "controls": [
      {
        "desktop_hotbar@hotbar_panel": {
          "ignored": "$ignore_desktop",
          "offset": [ -3, 0 ]
        }
      },
      {
        "pocket_hotbar@hotbar_panel": {
          "ignored": "$ignore_pocket",
          "offset": [ -3, -2 ]
        }
      }
    ]
  },

  "hotbar_elipses_panel_right": {
    "type": "panel",
    "size": [ 22, 22 ],
    "controls": [
      { "content@hud.hotbar_elipses_panel_right_content": {} }
    ]
  },

  "hotbar_elipses_panel_right_content": {
    "type": "stack_panel",
    "orientation": "horizontal",
    "controls": [
      { "button@hud.hotbar_elipses_panel_art": {} }
    ],
    "bindings": [
      {
        "binding_name": "#hotbar_elipses_right_visible",
        "binding_name_override": "#visible",
        "binding_type": "global"
      }
    ]
  },

  "hotbar_elipses_panel_right_art": {
    "type": "panel",
    "size": [ 20, 22 ],
    "layer": 4,
    "controls": [
      { "button@hud.hotbar_elipses_button": {} }
    ]
  },

  "hotbar_elipses_panel_left": {
    "type": "panel",
    "size": [ 22, 22 ],
    "controls": [
      { "content@hud.hotbar_elipses_panel_left_content": {} }
    ]
  },

  "hotbar_elipses_panel_left_content": {
    "type": "stack_panel",
    "orientation": "horizontal",
    "controls": [
      { "button@hud.hotbar_elipses_panel_left_art": {} }
    ],
    "bindings": [
      {
        "binding_name": "#hotbar_elipses_left_visible",
        "binding_name_override": "#visible",
        "binding_type": "global"
      }
    ]
  },

  "hotbar_elipses_panel_art": {
    "type": "panel",
    "size": [ 20, 22 ],
    "layer": 4,
    "controls": [
      { "button@hud.hotbar_elipses_button": {} }
    ]
  },

  "hotbar_panel": {
    "type": "stack_panel",
    "orientation": "horizontal",
    "size": [ "100%c", 22 ],
    "anchor_from": "bottom_middle",
    "anchor_to": "bottom_middle",
    "controls": [
      { "hotbar_elipses_panel_left@hud.hotbar_elipses_panel_left": {} },
      { "hotbar_grid@hud.hotbar_grid": {} },
      { "hotbar_elipses_panel_right@hud.hotbar_elipses_panel_right": {} }
    ]
  },

  "hotbar_grid": {
    "type": "grid",
    "$hotbar_collection_name|default": "hotbar_items",
    "grid_item_template": "hud.gui_hotbar_grid_item",
    "grid_dimension_binding": "#hotbar_grid_dimensions",
    "collection_name": "$hotbar_collection_name",
    "bindings": [
      {
        "binding_name": "#hotbar_grid_dimensions",
        "binding_type": "global"
      }
    ]
  },
  
  "anim_item_name_text_alpha_in": {
    "anim_type": "alpha",
    "duration": 0,
    "from": 0.0,
    "to": 1.0,
    "next": "@hud.anim_item_name_text_alpha_stay"
  },

  "anim_item_name_text_alpha_stay": {
    "anim_type": "wait",
    "duration": "$wait_duration",
    "next": "@hud.anim_item_name_text_alpha_out"
  },

  "anim_item_name_text_alpha_out": {
    "anim_type": "alpha",
    "easing": "in_expo",
    "destroy_at_end": "$destroy_id",
    "duration": 2,
    "from": 1.0,
    "to": 0
  },

  "anim_item_name_background_alpha_in": {
    "anim_type": "alpha",
    "duration": 0,
    "from": 0,
    "to": 0.6,
    "next": "@hud.anim_item_name_background_alpha_stay"
  },

  "anim_item_name_background_alpha_stay": {
    "anim_type": "wait",
    "duration": "$wait_duration",
    "next": "@hud.anim_item_name_background_alpha_out"
  },

  "anim_item_name_background_alpha_out": {
    "anim_type": "alpha",
    "easing": "in_expo",
    "duration": 2,
    "from": 0.6,
    "to": 0
  },

  "item_name_text_root": {
    "type": "panel",
    "size": [ "100%cm", "100%cm" ],
    "$show_interact_padding|default": false,
    "$show_survival_padding|default": false,

    "$show_text_background|default": false,

    "$text_color|default": "$tool_tip_text",
    "$text_binding|default": "#item_text",

    "anchor_from": "bottom_middle",
    "anchor_to": "bottom_middle",
    "$wait_duration|default": 1,
    "$destroy_id|default": "item_name_text",
    "controls": [
      {
        "item_text_aligner": {
          "type": "stack_panel",
          "size": [ "100%cm", "100%c" ],
          "controls": [
            {
              "item_text_control": {
                "type": "panel",
                "size": [ "100%cm", "100%cm" ],
                "layer": 9998,
                "controls": [
                  {
                    "item_text_background": {
                      "ignored": "(not $show_text_background)",
                      "type": "image",
                      "size": [ "100%sm + 12px", "100%sm + 5px" ],
                      "texture": "textures/ui/hud_tip_text_background",
                      "alpha": "@hud.anim_item_name_background_alpha_in"
                    }
                  },
                  {
                    "item_text_label": {
                      "type": "label",
                      "max_size": [ 200, "default" ],
                      "text_alignment": "center",
                      "layer": 9999,
                      "color": "$text_color",
                      "text": "#text",
                      "alpha": "@hud.anim_item_name_text_alpha_in",
                      "bindings": [
                        {
                          "binding_name": "$text_binding",
                          "binding_name_override": "#text"
                        }
                      ]
                    }
                  }
                ]
              }
            },
            {
              "interact_padding@common.empty_panel": {
                "visible": "$show_interact_padding",
                // To not overlap with the interact button
                // the text needs to move up by 18
                "size": [ "100%sm", 18 ],
                "bindings": [
                  {
                    "binding_name": "#interact_visible",
                    "binding_name_override": "#visible",
                    "binding_condition": "always"

                  }
                ]
              }
            },
            {
              "survival_buffer@common.empty_panel": {
                "visible": "$show_survival_padding",
                // Survival HUD has elements above the hot bar
                // meaning the text needs to move up
                "size": [ "100%sm", 17 ],
                "bindings": [
                  {
                    "binding_name": "#show_survival_ui",
                    "binding_name_override": "#visible"
                  }
                ]
              }
            },
            {
              "armor_buffer@common.empty_panel": {
                "visible": false,
                // Armor HUD is visible only if player has armor equipped
                // The text needs to move up a bit further if armor is equipped
                "size": [ "100%sm", 8 ],
                "bindings": [
                  {
                    "binding_name": "#is_in_classic_ui_mode_with_visible_armor",
                    "binding_name_override": "#visible"
                  }
                ]
              }
            }
          ]
        }
      }
    ]
  },

  "item_name_text@hud.item_name_text_root": {
    "offset": [ 0, -14 ]
  },

  "jukebox_popup_text@hud.item_name_text_root": {
    "$text_color": "$jukebox_text_color",
    "$text_binding": "#jukebox_text",
    "offset": [ 0, -34 ]
  },

  "hud_tip_text": {
    "type": "image",
    "size": [ "100%c + 12px", "100%c + 5px" ],
    "offset": [ 0, -42 ],
    "texture": "textures/ui/hud_tip_text_background",
    "alpha": "@hud.anim_item_name_background_alpha_out",
    "anchor_from": "bottom_middle",
    "anchor_to": "bottom_middle",
    "$wait_duration|default": 1,
    "$destroy_id|default": "popup_tip_text",
    "controls": [
      {
        "item_text_label": {
          "type": "label",
          "layer": 9999,
          "color": "$tool_tip_text",
          "text": "#text",
          "shadow": true,
          "alpha": "@hud.anim_item_name_text_alpha_out",
          "bindings": [
            {
              "binding_name": "#tip_text",
              "binding_name_override": "#text"
            }
          ]
        }
      }
    ]
  },

  "anim_actionbar_text_alpha_out": {
    "anim_type": "alpha",
    "easing": "in_expo",
    "duration": 3,
    "from": 1.0,
    "to": 0,
    "destroy_at_end": "hud_actionbar_text"
  },

  "anim_actionbar_text_background_alpha_out": {
    "anim_type": "alpha",
    "easing": "in_expo",
    "duration": 3,
    "from": 0.6,
    "to": 0,
    "destroy_at_end": "hud_actionbar_text"
  },
                      
  "root_panel": {
    "type": "panel",
    "$xp_control_offset|default": [ 0, -13 ],
    "variables": [
      {
        "requires": "(not $desktop_screen)",
        "$xp_control_offset": [ 0, -11 ]
      }
    ],
    "controls": [
      {
        "left_helpers@hud.left_helpers": {}
      },
      {
        "armorhud@hud.armorhud_player_renderer": {}
      },
      {
        "right_helpers@hud.right_helpers": {}
      },
      { "centered_gui_elements@centered_gui_elements": {} },
      { "centered_gui_elements_at_bottom_middle@centered_gui_elements_at_bottom_middle": {} },
      {
        "centered_ridingvr_gui_elements@centered_gui_elements_at_bottom_middle": {
          "anchor_from": "top_middle",
          "anchor_to": "top_middle",
          "offset": [ 0, 60 ],
          "size": [ 180, 50 ],
          "bindings": [
            {
              "binding_name": "#hud_visible_centered_ridingvr",
              "binding_name_override": "#visible",
              "binding_type": "global"
            }
          ]
        }
      },
      { "not_centered_gui_elements@not_centered_gui_elements": {} },
      {
        "gamertag_label_for_splitscreen": {
          "type": "label",
          "size": [ "default", "default" ],
          "anchor_from": "top_right",
          "anchor_to": "top_right",
          "offset": [ -4, 4 ],
          "color": "$hud_gamertag_color",
          "text_alignment": "right",
          "text": "#gamertag",
          "bindings": [
            {
              "binding_name": "#gamertag"
            }
          ]
        }
      },
      {
        "exp_rend@exp_progress_bar_and_hotbar": {
          "anchor_from": "bottom_middle",
          "anchor_to": "bottom_middle",
          "bindings": [
            {
              "binding_name": "#hotbar_visible_not_centered",
              "binding_name_override": "#visible",
              "binding_type": "global"
            }
          ]
        }
      },
      {
        "hud_tip_text_factory": {
          "type": "factory",
          "control_name": "@hud.hud_tip_text"
        }
      },
      {
        "hud_actionbar_text_area": {
          "type": "panel",
          "factory": {
            "name": "hud_actionbar_text_factory",
            "control_ids": {
              "hud_actionbar_text": "hud_actionbar_text@hud.hud_actionbar_text"
            }
          }
        }
      },
      {
        "hud_title_text_area": {
          "type": "panel",
          "factory": {
            "name": "hud_title_text_factory",
            "control_ids": {
              "hud_title_text": "hud_title_text@hud.hud_title_text"
            }
          }
        }
      },
      {
        "mob_effects_renderer@mob_effects_renderer": {
          "size": [ "100%", "75%" ],
          "offset": [ 0, 24 ],
          "anchor_from": "center",
          "anchor_to": "center"
        }
      },
      { "curor_rend@cursor_renderer": {} },
      {
        "game_tip@game_tip.game_tip_panel": {
          "$offset": [ 0, "-90px" ],
          "variables": [
            {
              "requires": "$pocket_screen",
              "$offset": [ 0, "-60px" ]
            }
          ],
          "offset": "$offset"
        }
      },
      { "sidebar@scoreboard.scoreboard_sidebar": {} },
      {
        "progress_rend@progress_indicator_renderer": {
          "offset": [ "50%", "50%" ]
        }
      },
      {
        //We need to be able to move chat down the screen when we are in VR and riding.
        //SO use a stack panel with a padding that we can ignore at runtime as needed
        "chat_stack": {
          "type": "stack_panel",
          "orientation": "vertical",
          "size": [ "40%", "100%" ],
          "anchor_from": "top_left",
          "anchor_to": "top_left",
          "controls": [
            {
              "paper_doll_padding": {
                "type": "panel",
                "size": [ "100%", 50 ],
                "bindings": [
                  {
                    "binding_name": "#paper_doll_visible",
                    "binding_name_override": "#visible"
                  }
                ]
              }
            },
            {
              "paper_doll_padding_living_room": {
                "type": "panel",
                "size": [ "100%", 30 ],
                "bindings": [
                  {
                    "binding_name": "#paper_doll_visible_living_room",
                    "binding_name_override": "#visible"
                  }
                ]
              }
            },
            {
              "vr_riding_chat_padding": {
                "type": "panel",
                "size": [ "100%", 132 ],
                "visible": "#vr_riding", //Make this visible to move the chat panel down
                "bindings": [
                  {
                    "binding_name": "#vr_riding",
                    "binding_name_override": "#visible"
                  }
                ]
              }
            },
            {
              "vr_chat_padding": {
                "type": "panel",
                "size": [ "100%", 30 ],
                "visible": "#vr_non_riding", //Make this visible to move the chat panel down
                "bindings": [
                  {
                    "binding_name": "#vr_non_riding",
                    "binding_name_override": "#visible"
                  }
                ]
              }
            },
            {
              "non_centered_gui_padding": {
                "type": "panel",
                "size": [ "100%", 32 ],
                "bindings": [
                  {
                    "binding_name": "#hud_visible_not_centered",
                    "binding_name_override": "#visible",
                    "binding_type": "global"
                  }
                ]
              }
            },
            { "player_position@hud.player_position": {} },
            { "chat_panel@hud.chat_panel": {} }
          ]
        }
      },
      {
        "boss_health_panel": {
          "type": "stack_panel",
          "orientation": "vertical",
          "size": [ "100%", "100%" ],
          "controls": [
            {
              "boss_hud_padding": {
                "type": "panel",
                "size": [ "100%", 20 ],
                "visible": "#boss_hud_padding", //Make this visible to move the boss hud panel down
                "bindings": [
                  {
                    "binding_name": "#boss_hud_padding",
                    "binding_name_override": "#visible"
                  }
                ]
              }
            },
            {
              "boss_hud_panel": {
                "type": "panel",
                "controls": [
                  {
                    "boss_health_grid@boss_health_grid": {
                      "offset": [ 0, 2 ]
                    }
                  }
                ]
              }
            }
          ]
        }
      },
      {
        "save_icon@hud.auto_save": {
        }
      }
    ],
    "bindings": [
      {
        "binding_name": "#hud_visible",
        "binding_name_override": "#visible",
        "binding_type": "global"
      },
      {
        "binding_name": "#hud_alpha",
        "binding_name_override": "#alpha",
        "binding_type": "global"
      },
      {
        "binding_name": "#hud_propagate_alpha",
        "binding_name_override": "#propagateAlpha",
        "binding_type": "global"
      }
    ]
  },
  "hud_actionbar_text": {
    "type": "image",
    "size": [ "100%c + 12px", "100%c + 5px" ],
    "offset": [ 0, "50%-68px" ],
    "texture": "textures/ui/clear",
    "alpha": "@hud.anim_actionbar_text_background_alpha_out",
    "controls": [
      {
        "actionbar_message": {
          "type": "label",
          "anchor_from": "center",
          "anchor_to": "center",
          "color": "$tool_tip_text",
          "layer": 1,
          "text": "$actionbar_text",
          "localize": false,
          "alpha": "@hud.anim_actionbar_text_alpha_out"
        }
      }
    ]
  },

  "hud_title_text": {
    "type": "stack_panel",
    "orientation": "vertical",
    "offset": [ 0, -19 ],
    "layer": 1,
    "alpha": "@hud.anim_title_text_alpha_in",
    "propagate_alpha": true,
    "controls": [
      {
        "title_frame": {
          "type": "panel",
          "size": [ "100%", "100%cm" ],
          "controls": [
            {
              "title_background": {
                "type": "image",
                "size": [ "100%sm + 30px", "100%sm + 6px" ],
                "texture": "textures/ui/hud_tip_text_background",
                "alpha": 0
              }
            },
            {
              "title": {
                "type": "label",
                "anchor_from": "top_middle",
                "anchor_to": "top_middle",
                "color": "$title_command_text_color",
                "text": "#text",
                "layer": 1,
                "localize": false,
                "font_size": "extra_large",
                "variables": [
                  {
                    "requires": "(not $title_shadow)",
                    "$show_shadow": false
                  },
                  {
                    "requires": "$title_shadow",
                    "$show_shadow": true
                  }
                ],
                "shadow": "$show_shadow",
                "text_alignment": "center",
                "offset": [ 0, 6 ],
                "bindings": [
                  {
                    "binding_name": "#hud_title_text_string",
                    "binding_name_override": "#text",
                    "binding_type": "global"
                  }
                ]
              }
            }
          ]
        }
      },
      {
        "subtitle_frame": {
          "type": "panel",
          "size": [ "100%", "100%cm" ],
          "controls": [
            {
              "subtitle_background": {
                "type": "image",
                "size": [ "100%sm + 20px", "100%sm + 5px" ],
                "offset": [ 0, 16 ],
                "texture": "textures/ui/clear",
                "variables": [
                  {
                    "requires": "$subtitle_initially_visible",
                    "$subtitle_bg": "@hud.anim_title_background_alpha_in"
                  },
                  {
                    "requires": "(not $subtitle_initially_visible)",
                    "$subtitle_bg": "@hud.anim_subtitle_background_alpha_in"
                  }
                ],
                "alpha": "$subtitle_bg"
              }
            },
            {
              "subtitle": {
                "type": "label",
                "anchor_from": "top_middle",
                "anchor_to": "top_middle",
                "color": "$title_command_text_color",
                "text": "#text",
                "layer": 1,
                "localize": false,
                "font_size": "large",
                "variables": [
                  {
                    "requires": "$subtitle_initially_visible",
                    "$anim_type": 1.0
                  },
                  {
                    "requires": "(not $subtitle_initially_visible)",
                    "$anim_type": "@hud.anim_subtitle_text_alpha_in"
                  },
                  {
                    "requires": "(not $title_shadow)",
                    "$show_shadow": false
                  },
                  {
                    "requires": "$title_shadow",
                    "$show_shadow": true
                  }
                ],
                "shadow": "$show_shadow",
                "alpha": "$anim_type",
                "text_alignment": "center",
                "offset": [ 1, 19 ],
                "bindings": [
                  {
                    "binding_name": "#hud_subtitle_text_string",
                    "binding_name_override": "#text",
                    "binding_type": "global"
                  }
                ]
              }
            }
          ]
        }
      }
    ]
  },
  "hud_screen@common.base_screen": {
        "is_showing_menu": false,
        "always_accepts_input": true,
        "should_steal_mouse": true,
        "low_frequency_rendering": true,
        "absorbs_input": false,
        "send_telemetry": false,
        "$screen_animations": [
            "@common.screen_exit_animation_push_fade",
            "@common.screen_exit_animation_pop_fade",
            "@common.screen_entrance_animation_push_fade",
            "@common.screen_entrance_animation_pop_fade"
        ],
        "button_mappings": [
            {
                "from_button_id": "button.scoreboard",
                "to_button_id": "button.scoreboard",
                "mapping_type": "global"
            },
            {
                "from_button_id": "button.inventory_left",
                "to_button_id": "button.hotbar_inventory_left",
                "mapping_type": "global"
            },
            {
                "from_button_id": "button.inventory_right",
                "to_button_id": "button.hotbar_inventory_right",
                "mapping_type": "global"
            },
            {
                "from_button_id": "button.hide_gui",
                "to_button_id": "button.hide_gui_all",
                "mapping_type": "global"
            },
            {
                "from_button_id": "button.hide_tooltips",
                "to_button_id": "button.hide_tooltips_hud",
                "mapping_type": "global"
            },
            {
                "from_button_id": "button.hide_paperdoll",
                "to_button_id": "button.hide_paperdoll_hud",
                "mapping_type": "global"
            },
            {
                "from_button_id": "button.slot1",
                "to_button_id": "button.slot_1",
                "mapping_type": "global"
            },
            {
                "from_button_id": "button.slot2",
                "to_button_id": "button.slot_2",
                "mapping_type": "global"
            },
            {
                "from_button_id": "button.slot3",
                "to_button_id": "button.slot_3",
                "mapping_type": "global"
            },
            {
                "from_button_id": "button.slot4",
                "to_button_id": "button.slot_4",
                "mapping_type": "global"
            },
            {
                "from_button_id": "button.slot5",
                "to_button_id": "button.slot_5",
                "mapping_type": "global"
            },
            {
                "from_button_id": "button.slot6",
                "to_button_id": "button.slot_6",
                "mapping_type": "global"
            },
            {
                "from_button_id": "button.slot7",
                "to_button_id": "button.slot_7",
                "mapping_type": "global"
            },
            {
                "from_button_id": "button.slot8",
                "to_button_id": "button.slot_8",
                "mapping_type": "global"
            },
            {
                "from_button_id": "button.slot9",
                "to_button_id": "button.slot_9",
                "mapping_type": "global"
            },
            {
                "from_button_id": "button.slot0",
                "to_button_id": "button.slot_0",
                "mapping_type": "global"
            }
        ],
        "$screen_content": "hud.hud_content"
    }
},
  
    "vignette_renderer": {
    "ignored": true
  }
    } 