﻿{
  
  "BG3": {
    "anchor_from": "center",
    "anchor_to": "center",
    "anims": [
      "start.anims_sz"
    ],
    "fill": true,
    "layer": 0,
    "offset": [
      0,
      -10
    ],
    "size": [
      "125%",
      "120%"
    ],
    "texture": "Chest/anim_bg",
    "type": "image"
  },
  "anims_sz": {
    "anim_type": "size",
    "duration": 3,
    "from": [
      "125%",
      "120%"
    ],
    "next": "@start.anims_sz1",
    "to": [
      "155%",
      "150%"
    ]
  },
  "anims_sz1": {
    "anim_type": "size",
    "duration": 3,
    "from": [
      "155%",
      "150%"
    ],
    "next": "@start.anims_sz",
    "to": [
      "125%",
      "120%"
    ]
  },
    
    "paperdoll_icon": {
    "type": "image",
    "texture": "Chest/paper_doll_icon",
    "layer": 3,
    "size": [ 16, 16 ]
  },
  
    "bottom_left_text": {
      "type": "label",
      "text": "#version",
      "anchor_from": "bottom_left",
      "anchor_to": "bottom_left",
        "bindings": [
            {
                "binding_name": "#version"
            }
        ]
    },
    
    "copyright": {
    "type": "label",
    "color": "$main_header_text_color",
    "layer": 2,
    "text": "menu.copyright",
    "size": [ "default", 10 ],
    "max_size": [ "100%", "100%" ],
    "anchor_from": "top_left",
    "anchor_to": "top_left"
  },
  
  "chest": {
    "type": "label",
    "color": "$main_header_text_color",
    "layer": 2,
    "text": " Chest Client V1",
    "size": [ "default", 10 ],
    "max_size": [ "100%", "100%" ],
    "anchor_from": "center",
    "anchor_to": "center" 
 },
    
  "development_version": {
    "type": "label",
    "color": "$main_header_text_color",
    "layer": 2,
    "text": "Chest CLient V1",
    "size": [ "default", 10 ],
    "max_size": [ "100%", "100%" ],
    "anchor_from": "center",
    "anchor_to": "center"
  },

  "version": {
    "type": "label",
    "color": "$main_header_text_color",
    "layer": 2,
    "text": "#version",
    "size": [ "default", 10 ],
    "max_size": [ "100%", "100%" ],
    "anchor_from": "top_right",
    "anchor_to": "top_right",
    "bindings": [
      {
        "binding_name": "#version"
      }
    ]
  },

  "text_panel": {
    "type": "panel",
    "size": [ "100%-2px", 10 ],
    "offset": [ 0, -1 ],
    "anchor_from": "bottom_middle",
    "anchor_to": "bottom_middle",
    "controls": [
      {
        "copyright@start.copyright": {}
      },
      {
        "development_version@start.development_version": {},
          "ignored": "$is_publish"
      },
      {
        "chest@start.chest": {}
      },
      {
        "version@start.version": {}
      }
    ]
  },
    
    "skin_or_profile_panel": {
    "type": "panel",
    "size": [ "100%", 25 ],
    "anchor_from": "bottom_middle",
    "anchor_to": "bottom_middle",
    "controls": [
      {
        "change_skin@start.change_skin_button": {
          "bindings": [
            {
              "binding_name": "(not #persona_enabled)",
              "binding_name_override": "#visible"
            }
          ]
        }
      },
      {
        "change_profile@start.profile_button": {
          "bindings": [
            {
              "binding_name": "#persona_enabled",
              "binding_name_override": "#visible"
            }
          ]
        }
      }
    ]
  },

  "change_skin_button@common_buttons.light_glyph_button": {
    "$pressed_button_name": "button.menu_skins",
    "size": [ 25, 25 ],
    "anchor_from": "bottom_middle",
    "anchor_to": "bottom_middle",
    "$button_content_offset": [ 1, 2 ],
    "$button_content": "start.change_skin_icon",
    "$pressed_alpha": 0.65,
    "$focus_id": "menu_skins_button",
    "$button_tts_header": "accessibility.start.skinPicker"
  },

  "profile_button@common_buttons.light_text_form_fitting_button": {
    "$pressed_button_name": "button.to_profile_screen",
    "size": [ "100%c", 25 ],
    "anchor_from": "bottom_middle",
    "anchor_to": "bottom_middle",
    "$button_state_panel": "common_buttons.new_ui_width_fitting_button_panel",
    "$button_text_size": [ "default", 10 ],
    "$button_text": "profileScreen.header",
    "$focus_id": "profile_button",
    "$pressed_alpha": 0.65,
    "$button_tts_header": "accessibility.start.profile"
  },

  "skin_viewer_panel": {
    "type": "input_panel",
    "anchor_from": "bottom_middle",
    "anchor_to": "bottom_middle",
    "size": [ "100%", "100% - 24px" ],
    "offset": [ 0, -16 ],
    "gesture_tracking_button": "button.turn_doll",
    "tts_ignore_count": true,
    "button_mappings": [
      {
        "from_button_id": "button.menu_select",
        "to_button_id": "button.turn_doll",
        "mapping_type": "pressed",
        "button_up_right_of_first_refusal": true
      }
    ],
    "controls": [
      {
        "paper_doll_panel": {
          "type": "panel",
          "size": [ "100%", "100% - 10px" ],

          "controls": [
            {
              "paper_doll": {
                "type": "custom",
                "renderer": "paper_doll_renderer",
                "$toggle_view_binding_name":  "paperdoll_toggle",
                "camera_tilt_degrees": -10,
                "starting_rotation": 30,
                "layer": 2,
                "anchor_from": "bottom_middle",
                "anchor_to": "bottom_middle",
                "rotation": "gesture_x",
                "size": [ "110%", "110%" ],
                "offset": [ -40, -5 ],
                "animation_reset_name": "screen_animation_reset",
                "anims": [
                  "@common.screen_exit_size_animation_push",
                  "@common.screen_exit_size_animation_pop",
                  "@common.screen_entrance_size_animation_push",
                  "@common.screen_entrance_size_animation_pop"
                ],
                "bindings": [
                  {
                    "binding_type": "view",
                    "source_control_name": "viewer_panel",
                    "source_property_name": "#gesture_delta_source",
                    "target_property_name": "#gesture_delta_source"
                  },
                  {
                    "binding_type": "view",
                    "source_control_name": "viewer_panel",
                    "source_property_name": "#gesture_mouse_delta_x",
                    "target_property_name": "#gesture_mouse_delta_x"
                  },
                  {
                    "binding_name": "#is_appearance_visible",
                    "binding_name_override": "#visible",
                    "binding_condition": "always"
                  }
                ]
              }
            },
            {
              "appearacne_loading_panel@common_store.progress_loading": {
                "$hide_failure_text": true,
                "$hide_progress_loading_outline": true,
                "$source_control_name": "paper_doll",
                "$source_property_name": "(not #visible)"
              }
            }
          ]
        }
      },
      {
        "paper_doll_name_tag": {
          "type": "custom",
          "renderer": "name_tag_renderer",
          "layer": 2,
          "anchor_from": "center",
          "anchor_to": "bottom_middle",
          "offset": [7, 35],
          "size": [ 100, 100 ],
          "bindings": [
            {
              "binding_name": "#playername"
            }
          ]
        }
      }
    ]
  },

  "skin_panel": {
    "type": "panel",
    "anchor_to": "bottom_right",
    "anchor_from": "bottom_right",
    "size": [ "50% - 75px", 124 ],
    "offset": [ 0, "-10% - 4px" ],
    "controls": [
      { "change_profile_or_skin@start.skin_or_profile_panel": {} },
      { "viewer_panel@start.skin_viewer_panel": {} }
    ]
  },
    
    "release_feedback_button@common_buttons.hyperlink_content_button": {
    "size": [ 25, 25 ],
    "offset": [120, -55],
    "property_bag": {
      "#hyperlink": "https://discord.com"
    },
    "$button_content": "start.feedback_icon"
  },
    
    "play_button@start.main_button": {
      "$pressed_button_name": "button.menu_play",
      "$button_text": "P L A Y",
      "anchor_from": "center",
      "anchor_to": "center",
      "size": [ 200, 28 ],
      "offset": [0, 0]
    },
    
    "settings_button@start.main_button": {
      "$pressed_button_name": "button.menu_settings",
      "$button_text": "S E T T I N G S",
      "anchor_from": "center",
      "anchor_to": "center",
      "size": [ 200, 28 ],
      "offset": [0, -3]
    },
    
    "skin_or_profile_panel": {
    "type": "panel",
    "size": [25, 25 ],
    "anchor_from": "bottom_middle",
    "anchor_to": "bottom_middle",
    "offset": [-5, -45],
    "controls": [
      {
        "change_skin@start.change_skin_button": {
          "bindings": [
            {
              "binding_name": "(not #persona_enabled)",
              "binding_name_override": "#visible"
            }
          ]
        }
      },
      {
        "change_profile@start.change_skin_button": {
          "bindings": [
            {
              "binding_name": "#persona_enabled",
              "binding_name_override": "#visible"
            }
          ]
        }
      }
    ]
  },
    
  "paperdoll_button@common_toggles.light_text_toggle": {
    "size": [ 25, 25 ],
    "$button_content": "start.paperdoll_icon",
     "anchor_from": "center",
     "anchor_to": "center",
     "offset": [ 1, 1],
     "$toggle_view_binding_name": "paperdoll_toggle"
  },
    "achievements_button@common_buttons.light_content_button": {
    "size": [ 25, 25 ],
    "offset": [89, -25],
    "$button_content": "start.achievements_icon",
    "$pressed_button_name": "button.menu_achievements"
   },
   
   "player_gamer_pic": {
    "type": "image",
    "texture": "#texture",
    "size": [ 18, 18 ],
    "layer": 1,
    "texture_file_system": "#texture_source",
    "anchor_from": "left_middle",
    "anchor_to": "left_middle"
   },
   
    "store_button@common_buttons.light_content_button": {
      "$pressed_button_name": "button.menu_store",
      "$button_content": "start.store_button_content",
      "$button_text": "S T O R E",
      "anchor_from": "center",
      "anchor_to": "center",
      "size": [ 200, 28 ],
      "offset": [0, -6]
    },
    
    "error_store_button@common_buttons.light_content_button": {
      "$pressed_button_name": "button.menu_store",
      "$button_content": "start.store_button_content",
      "$button_text": "S T O R E",
      "anchor_from": "center",
      "anchor_to": "center",
      "size": [ 200, 28 ],
      "offset": [0, -6]
    },
    
    "stacked_row": {
    "type": "panel",
    "size": [ "100%", 32 ]
  },

  "main_buttons_panel": {
    "type": "panel",
    "size": [ 150, "100%c" ],
    "controls": [
      {
        "stacked_rows": {
          "type": "stack_panel",
          "size": [ "100%", "100%c" ],
          "anchor_from": "bottom_middle",
          "anchor_to": "bottom_middle",
          "controls": [
            {
              "stacked_row_0@start.stacked_row": {
                "ignored": "(not $play_button_visible)",
                "controls": [
                  { "play_button@start.play_button": {} }
                ]
              }
            },
            {
              "course@start.stacked_row": {
                "ignored": "$courses_ignored",
                "controls": [
                  { "course_button@start.course_button": {} }
                ]
              }
            },
            {
              "featured_world@start.stacked_row": {
                "ignored": "$featured_world_ignored",
                "controls": [
                  { "featured_world_button@start.featured_world_button": {} }
                ]
              }
            },
            {
              "stacked_row_2@start.stacked_row": {
                "ignored": "(not $trial or $use_single_column_for_buttons)",
                "controls": [
                  {
                    "stacked_columns": {
                      "type": "stack_panel",
                      "size": [ "100%", "100%" ],
                      "orientation": "horizontal",
                      "controls": [
                        {
                          "stacked_col_0": {
                            "type": "panel",
                            "size": [ "fill", "100%" ],
                            "controls": [
                              { "settings_button@start.settings_button": {} }
                            ]
                          }
                        },
                        {
                          "stacked_row_0@start.stacked_row": {
                          "ignored": "$achievements_ignored",
                          "controls": [
                              { "achievements_button@start.achievements_button": {} }
                            
                            ]
                          }
                        },
                        {
                          "stacked_col_2": {
                            "type": "panel",
                            "size": [ "fill", "100%" ],
                            "ignored": "($store_ignored)",
                            "controls": [
                              {
                                "store_button@start.store_button": {
                                  "enabled": "(not $store_disabled)",
                                  "bindings": [
                                    {
                                      "binding_name": "(not #marketplace_disabled)",
                                      "binding_name_override": "#visible"
                                    }
                                  ]
                                }
                              },
                              {
                                "update_icon@start.update_prompt_icon": {
                                  "size": [ "52.38%y", 15 ],
                                  "offset": [ -16, -6 ],
                                  "bindings": [
                                    {
                                      "binding_name": "#update_icon_visible",
                                      "binding_name_override": "#visible",
                                      "binding_condition": "always"
                                    }
                                  ]
                                }
                              },
                              {
                                "new_offers_icon@start.new_offers_icon": {
                                  "offset": [ 8, -6 ],
                                  "anchor_from": "top_right",
                                  "anchor_to": "top_right",
                                  "bindings": [
                                    {
                                      "binding_name": "#new_offers",
                                      "binding_name_override": "#visible"
                                    }
                                  ]
                                }
                              }
                            ]
                          }
                        }
                      ]
                    }
                  }
                ]
              }
            },
            {
              "settings@start.stacked_row": {
                "ignored": "($trial and not $use_single_column_for_buttons)",
                "controls": [
                  { "settings_button@start.settings_button": {} }
                ]
              }
            },
            {
              "switch_accounts_row@start.stacked_row": {
                "ignored": "$switch_accounts_ignored",
                "controls": [
                  { "switch_accounts@start.switch_accounts_button": {} }
                ]
              }
            },
            {
              "store_button@start.stacked_row": {
               "ignored": "($trial and not $use_single_column_for_buttons)",
                "controls": [
                  { "store_button@start.store_button": {} }
                ]
              }
            },
            {
              "launch_editions@start.stacked_row": {
                "ignored": "($trial or not $supports_launching_legacy_version)",
                "controls": [
                  {
                    "launch_editions_button@start.launch_editions_button": {}
                  }
                ],
                "bindings": [
                  {
                    "binding_name": "#editions_visible",
                    "binding_name_override": "#visible"
                  }
                ]
              }
            }
          ]
        }
      }
    ]
  },
  
    "start_screen": {
      "$screen_content": "start.start_screen_content",
      "$screen_bg_content": "bg.Chest"
    }
  },
    
    "content": {
        "type": "panel",
        "size": ["100%", "100%"],
        "controls": [
            { "play_button@play_button": {} },
            { "settings_button@settings_button": {} },
            {
                "title_panel_win10@title_panel_win10": {}
            },
            {
                "achievements_button@achievements_button": {}
            },
            {
                "store_button@store_button": {}
            }
          ]
        }
      }
    ]
  }
}
