{
    "light_template_toggle1@common.toggle": {
        "$button_mappings|default": [
            {
                "from_button_id": "button.menu_select",
                "mapping_type": "pressed",
                "to_button_id": "button.menu_select"
            },
            {
                "from_button_id": "button.menu_ok",
                "mapping_type": "focused",
                "to_button_id": "button.menu_ok"
            },
            {
                "from_button_id": "button.menu_left",
                "ignored": "(not $enable_directional_toggling)",
                "input_mode_condition": "gamepad_and_not_gaze",
                "mapping_type": "pressed",
                "to_button_id": "$toggle_off_button"
            },
            {
                "from_button_id": "button.menu_right",
                "ignored": "(not $enable_directional_toggling)",
                "input_mode_condition": "gamepad_and_not_gaze",
                "mapping_type": "pressed",
                "to_button_id": "$toggle_on_button"
            },
            {
                "ignored": "(not $enable_hover_event_mapping)",
                "mapping_type": "pressed",
                "to_button_id": "$toggle_hover_event_mapping"
            }
        ],
        "toggle_default_state": "$toggle_tags",
        "$checked_control|default": "common_toggles.toggle_checked",
        "$checked_hover_control|default": "common_toggles.toggle_checked_hover",
        "$checked_image|default": "common.empty_panel",
        "$checked_locked_control|default": "common_toggles.toggle_locked",
        "$checked_locked_hover_control|default": "common_toggles.toggle_locked",
        "$custom_toggle_binding_condition|default": "visible",
        "$custom_toggle_binding_type|default": "none",
        "$custom_toggle_state_binding_name_override|default": "",
        "$custom_toggle_state_binding_name|default": "",
        "$default_border_color": "$light_border_toggle_default_color",
        "$default_border_visible|default": true,
        "$default_checked_glyph_color|default": "$light_glyph_toggle_checked_default_color",
        "$default_checked_text_color|default": "$light_toggle_checked_default_text_color",
        "$default_checked_texture_alpha|default": 1,
        "$default_checked_texture_color|default": "$f_color_format",
        "$default_glyph_color|default": "$light_glyph_toggle_default_color",
        "$default_state|default": false,
        "$default_text_color|default": "$light_toggle_default_text_color",
        "$default_texture_alpha|default": 1,
        "$default_texture_color|default": "$f_color_format",
        "$default_texture|default": "modmenu/mods/textures/buttons/menu_on",
        "$enable_focus_enabled_bind|default": false,
        "$enable_focus_id_bind|default": false,
        "$enable_hover_event_mapping|default": false,
        "$focus_enabled_binding_name|default": "",
        "$focus_id_binding_name|default": "",
        "$hover_border_color": "$light_border_toggle_hover_color",
        "$hover_border_visible|default": true,
        "$hover_checked_glyph_color|default": "$light_glyph_toggle_checked_hover_color",
        "$hover_checked_text_color|default": "$light_toggle_checked_hover_text_color",
        "$hover_checked_texture_alpha|default": 1,
        "$hover_checked_texture_color|default": "$f_color_format",
        "$hover_glyph_color|default": "$light_glyph_toggle_hover_color",
        "$hover_state|default": false,
        "$hover_text_color|default": "$light_toggle_hover_text_color",
        "$hover_texture_alpha|default": 1,
        "$hover_texture_color|default": "$f_color_format",
        "$hover_texture|default": "modmenu/mods/textures/buttons/menu_off",
        "$locked_alpha": 1,
        "$locked_state|default": false,
        "$locked_texture|default": "modmenu/mods/textures/buttons/menu_on",
        "$pressed_no_hover_texture|default": "modmenu/mods/textures/buttons/menu_off",
        "$pressed_state|default": false,
        "$pressed_texture|default": "modmenu/mods/textures/buttons/menu_on",
        "$toggle_binding_type|default": "none",
        "$toggle_checked_hover|default": false,
        "$toggle_checked|default": false,
        "$toggle_enabled_binding_type|default": "none",
        "$toggle_focus_magnet_enabled|default": true,
        "$toggle_focus_wrap_enabled|default": true,
        "$toggle_hover_event_mapping|default": "",
        "$toggle_on_hover_binding_name|default": "",
        "$toggle_on_hover_binding_type|default": "none",
        "$toggle_parent_collection_details_name|default": "",
        "$toggle_parent_collection_details_prefix|default": "",
        "$toggle_parent_collection_details|default": "none",
        "$toggle_property_bag_binding_condition|default": "visible",
        "$toggle_property_bag_binding_name|default": "#fill_toggle_property_bag",
        "$toggle_property_bag_binding_type|default": "none",
        "$toggle_tab_focus_binding_name|default": "",
        "$toggle_tab_focus_binding_type|default": "none",
        "$toggle_tab_focus_id_binding_name|default": "",
        "$toggle_tab_focus_id_binding_type|default": "none",
        "$toggle_tab_focus_override_down_binding_type|default": "none",
        "$toggle_tab_focus_override_down|default": "#focus_override_down",
        "$toggle_tab_focus_override_left_binding_type|default": "none",
        "$toggle_tab_focus_override_left|default": "#focus_override_left",
        "$toggle_tab_focus_override_right_binding_type|default": "none",
        "$toggle_tab_focus_override_right|default": "#focus_override_right",
        "$toggle_tab_focus_override_up_binding_type|default": "none",
        "$toggle_tab_focus_override_up|default": "#focus_override_up",
        "$toggle_tts_header_binding_collection_name|default": "",
        "$toggle_tts_header_binding_condition|default": "visible",
        "$toggle_tts_header_binding_type|default": "none",
        "$toggle_tts_header|default": "",
        "$toggle_unchecked_hover|default": false,
        "$toggle_unchecked|default": false,
        "$unchecked_control|default": "common_toggles.toggle_unchecked",
        "$unchecked_hover_control|default": "common_toggles.toggle_unchecked_hover",
        "$unchecked_image|default": "common.empty_panel",
        "$unchecked_locked_control|default": "common_toggles.toggle_locked",
        "$unchecked_locked_hover_control|default": "common_toggles.toggle_locked",
        "button_mappings": "$button_mappings",
        "focus_magnet_enabled": "$toggle_focus_magnet_enabled",
        "focus_wrap_enabled": "$toggle_focus_wrap_enabled"
    },
    "mods_toggle@common_toggles.light_ui_toggle1": {
        "$button_binding_condition|default": "none",
        "$button_offset|default": [
            0,
            0
        ],
        "$button_text_binding_type|default": "none",
        "$button_text_grid_collection_name|default": "",
        "$button_text|default": "",
        "$button_type_panel": "common_toggles.text_tg",
        "$pressed_alpha|default": 1
    },
    "light_ui_toggle1": {
        "$template_toggle|default": "common_toggles.light_template_toggle1",
        "$toggle_view_binding_name|default": "this_toggle",
        "controls": [
            {
                "$toggle_view_binding_name@$template_toggle": {}
            }
        ],
        "type": "panel"
    },
    "namespace": "common_toggles",
    "text_tg": {
        "font_type": "smooth",
        "layer": 5,
        "offset": "$new_ui_label_offset",
        "shadow": true,
        "text": "$button_text",
        "type": "label"
    },
    "mod_toggle@common_toggles.light_ui_toggle2": {
        "$button_binding_condition|default": "none",
        "$button_offset|default": [
            0,
            0
        ],
        "$button_text_binding_type|default": "none",
        "$button_text_grid_collection_name|default": "",
        "$button_text|default": "",
        "$button_type_panel": "common_toggles.text_tg",
        "$pressed_alpha|default": 1
    },
    "light_ui_toggle2": {
        "$template_toggle|default": "common_toggles.light_template_toggle2",
        "$toggle_view_binding_name|default": "this_toggle",
        "controls": [
            {
                "$toggle_view_binding_name@$template_toggle": {}
            }
        ],
        "type": "panel"
    },
    "light_template_toggle2@common.toggle": {
        "$button_mappings|default": [
            {
                "from_button_id": "button.menu_select",
                "mapping_type": "pressed",
                "to_button_id": "button.menu_select"
            },
            {
                "from_button_id": "button.menu_ok",
                "mapping_type": "focused",
                "to_button_id": "button.menu_ok"
            },
            {
                "from_button_id": "button.menu_left",
                "ignored": "(not $enable_directional_toggling)",
                "input_mode_condition": "gamepad_and_not_gaze",
                "mapping_type": "pressed",
                "to_button_id": "$toggle_off_button"
            },
            {
                "from_button_id": "button.menu_right",
                "ignored": "(not $enable_directional_toggling)",
                "input_mode_condition": "gamepad_and_not_gaze",
                "mapping_type": "pressed",
                "to_button_id": "$toggle_on_button"
            },
            {
                "ignored": "(not $enable_hover_event_mapping)",
                "mapping_type": "pressed",
                "to_button_id": "$toggle_hover_event_mapping"
            }
        ],
        "toggle_default_state": "$toggle_tags",
        "$checked_control|default": "common_toggles.toggle_checked",
        "$checked_hover_control|default": "common_toggles.toggle_checked_hover",
        "$checked_image|default": "common.empty_panel",
        "$checked_locked_control|default": "common_toggles.toggle_locked",
        "$checked_locked_hover_control|default": "common_toggles.toggle_locked",
        "$custom_toggle_binding_condition|default": "visible",
        "$custom_toggle_binding_type|default": "none",
        "$custom_toggle_state_binding_name_override|default": "",
        "$custom_toggle_state_binding_name|default": "",
        "$default_border_color": "$light_border_toggle_default_color",
        "$default_border_visible|default": true,
        "$default_checked_glyph_color|default": "$light_glyph_toggle_checked_default_color",
        "$default_checked_text_color|default": "$light_toggle_checked_default_text_color",
        "$default_checked_texture_alpha|default": 1,
        "$default_checked_texture_color|default": "$f_color_format",
        "$default_glyph_color|default": "$light_glyph_toggle_default_color",
        "$default_state|default": false,
        "$default_text_color|default": "$light_toggle_default_text_color",
        "$default_texture_alpha|default": 1,
        "$default_texture_color|default": "$f_color_format",
        "$default_texture|default": "modmenu/mods/textures/buttons/menu_off",
        "$enable_focus_enabled_bind|default": false,
        "$enable_focus_id_bind|default": false,
        "$enable_hover_event_mapping|default": false,
        "$focus_enabled_binding_name|default": "",
        "$focus_id_binding_name|default": "",
        "$hover_border_color": "$light_border_toggle_hover_color",
        "$hover_border_visible|default": true,
        "$hover_checked_glyph_color|default": "$light_glyph_toggle_checked_hover_color",
        "$hover_checked_text_color|default": "$light_toggle_checked_hover_text_color",
        "$hover_checked_texture_alpha|default": 1,
        "$hover_checked_texture_color|default": "$f_color_format",
        "$hover_glyph_color|default": "$light_glyph_toggle_hover_color",
        "$hover_state|default": false,
        "$hover_text_color|default": "$light_toggle_hover_text_color",
        "$hover_texture_alpha|default": 1,
        "$hover_texture_color|default": "$f_color_format",
        "$hover_texture|default": "modmenu/mods/textures/buttons/menu_on",
        "$locked_alpha": 1,
        "$locked_state|default": false,
        "$locked_texture|default": "modmenu/mods/textures/buttons/menu_off",
        "$pressed_no_hover_texture|default": "modmenu/mods/textures/buttons/menu_off",
        "$pressed_state|default": false,
        "$pressed_texture|default": "modmenu/mods/textures/buttons/menu_off",
        "$toggle_binding_type|default": "none",
        "$toggle_checked_hover|default": false,
        "$toggle_checked|default": false,
        "$toggle_enabled_binding_type|default": "none",
        "$toggle_focus_magnet_enabled|default": true,
        "$toggle_focus_wrap_enabled|default": true,
        "$toggle_hover_event_mapping|default": "",
        "$toggle_on_hover_binding_name|default": "",
        "$toggle_on_hover_binding_type|default": "none",
        "$toggle_parent_collection_details_name|default": "",
        "$toggle_parent_collection_details_prefix|default": "",
        "$toggle_parent_collection_details|default": "none",
        "$toggle_property_bag_binding_condition|default": "visible",
        "$toggle_property_bag_binding_name|default": "#fill_toggle_property_bag",
        "$toggle_property_bag_binding_type|default": "none",
        "$toggle_tab_focus_binding_name|default": "",
        "$toggle_tab_focus_binding_type|default": "none",
        "$toggle_tab_focus_id_binding_name|default": "",
        "$toggle_tab_focus_id_binding_type|default": "none",
        "$toggle_tab_focus_override_down_binding_type|default": "none",
        "$toggle_tab_focus_override_down|default": "#focus_override_down",
        "$toggle_tab_focus_override_left_binding_type|default": "none",
        "$toggle_tab_focus_override_left|default": "#focus_override_left",
        "$toggle_tab_focus_override_right_binding_type|default": "none",
        "$toggle_tab_focus_override_right|default": "#focus_override_right",
        "$toggle_tab_focus_override_up_binding_type|default": "none",
        "$toggle_tab_focus_override_up|default": "#focus_override_up",
        "$toggle_tts_header_binding_collection_name|default": "",
        "$toggle_tts_header_binding_condition|default": "visible",
        "$toggle_tts_header_binding_type|default": "none",
        "$toggle_tts_header|default": "",
        "$toggle_unchecked_hover|default": false,
        "$toggle_unchecked|default": false,
        "$unchecked_control|default": "common_toggles.toggle_unchecked",
        "$unchecked_hover_control|default": "common_toggles.toggle_unchecked_hover",
        "$unchecked_image|default": "common.empty_panel",
        "$unchecked_locked_control|default": "common_toggles.toggle_locked",
        "$unchecked_locked_hover_control|default": "common_toggles.toggle_locked",
        "button_mappings": "$button_mappings",
        "focus_magnet_enabled": "$toggle_focus_magnet_enabled",
        "focus_wrap_enabled": "$toggle_focus_wrap_enabled"
    }
}